ISO-10303-21;
HEADER;
FILE_DESCRIPTION(('FreeCAD Model'),'2;1');
FILE_NAME('Open CASCADE Shape Model','2026-07-01T16:08:48',('Author'),(
    ''),'Open CASCADE STEP processor 7.8','FreeCAD','Unknown');
FILE_SCHEMA(('AUTOMOTIVE_DESIGN { 1 0 10303 214 1 1 1 1 }'));
ENDSEC;
DATA;
#1 = APPLICATION_PROTOCOL_DEFINITION('international standard',
  'automotive_design',2000,#2);
#2 = APPLICATION_CONTEXT(
  'core data for automotive mechanical design processes');
#3 = SHAPE_DEFINITION_REPRESENTATION(#4,#10);
#4 = PRODUCT_DEFINITION_SHAPE('','',#5);
#5 = PRODUCT_DEFINITION('design','',#6,#9);
#6 = PRODUCT_DEFINITION_FORMATION('','',#7);
#7 = PRODUCT('plate','plate','',(#8));
#8 = PRODUCT_CONTEXT('',#2,'mechanical');
#9 = PRODUCT_DEFINITION_CONTEXT('part definition',#2,'design');
#10 = SHAPE_REPRESENTATION('',(#11,#15,#19,#23),#27);
#11 = AXIS2_PLACEMENT_3D('',#12,#13,#14);
#12 = CARTESIAN_POINT('',(0.,0.,0.));
#13 = DIRECTION('',(0.,0.,1.));
#14 = DIRECTION('',(1.,0.,-0.));
#15 = AXIS2_PLACEMENT_3D('',#16,#17,#18);
#16 = CARTESIAN_POINT('',(0.,0.,0.));
#17 = DIRECTION('',(0.,0.,1.));
#18 = DIRECTION('',(1.,0.,0.));
#19 = AXIS2_PLACEMENT_3D('',#20,#21,#22);
#20 = CARTESIAN_POINT('',(0.,0.,0.));
#21 = DIRECTION('',(0.,0.,1.));
#22 = DIRECTION('',(1.,0.,0.));
#23 = AXIS2_PLACEMENT_3D('',#24,#25,#26);
#24 = CARTESIAN_POINT('',(0.,0.,0.));
#25 = DIRECTION('',(0.,0.,1.));
#26 = DIRECTION('',(1.,0.,0.));
#27 = ( GEOMETRIC_REPRESENTATION_CONTEXT(3) 
GLOBAL_UNCERTAINTY_ASSIGNED_CONTEXT((#31)) GLOBAL_UNIT_ASSIGNED_CONTEXT(
(#28,#29,#30)) REPRESENTATION_CONTEXT('Context #1',
  '3D Context with UNIT and UNCERTAINTY') );
#28 = ( LENGTH_UNIT() NAMED_UNIT(*) SI_UNIT(.MILLI.,.METRE.) );
#29 = ( NAMED_UNIT(*) PLANE_ANGLE_UNIT() SI_UNIT($,.RADIAN.) );
#30 = ( NAMED_UNIT(*) SI_UNIT($,.STERADIAN.) SOLID_ANGLE_UNIT() );
#31 = UNCERTAINTY_MEASURE_WITH_UNIT(LENGTH_MEASURE(5.E-04),#28,
  'distance_accuracy_value','confusion accuracy');
#32 = PRODUCT_RELATED_PRODUCT_CATEGORY('part',$,(#7));
#33 = SHAPE_DEFINITION_REPRESENTATION(#34,#40);
#34 = PRODUCT_DEFINITION_SHAPE('','',#35);
#35 = PRODUCT_DEFINITION('design','',#36,#39);
#36 = PRODUCT_DEFINITION_FORMATION('','',#37);
#37 = PRODUCT('Fillet003','Fillet003','',(#38));
#38 = PRODUCT_CONTEXT('',#2,'mechanical');
#39 = PRODUCT_DEFINITION_CONTEXT('part definition',#2,'design');
#40 = ADVANCED_BREP_SHAPE_REPRESENTATION('',(#11,#41),#1690);
#41 = MANIFOLD_SOLID_BREP('',#42);
#42 = CLOSED_SHELL('',(#43,#85,#116,#150,#514,#539,#564,#582,#946,#964,
    #986,#1003,#1020,#1037,#1054,#1071,#1088,#1105,#1122,#1139,#1156,
    #1173,#1190,#1207,#1224,#1241,#1258,#1275,#1292,#1309,#1326,#1343,
    #1360,#1377,#1394,#1411,#1428,#1445,#1462,#1479,#1496,#1513,#1530,
    #1547,#1564,#1581,#1598,#1615,#1632,#1649,#1666,#1678));
#43 = ADVANCED_FACE('',(#44),#80,.T.);
#44 = FACE_BOUND('',#45,.F.);
#45 = EDGE_LOOP('',(#46,#56,#65,#73));
#46 = ORIENTED_EDGE('',*,*,#47,.T.);
#47 = EDGE_CURVE('',#48,#50,#52,.T.);
#48 = VERTEX_POINT('',#49);
#49 = CARTESIAN_POINT('',(27.904585516585,-70.23671006908,0.89));
#50 = VERTEX_POINT('',#51);
#51 = CARTESIAN_POINT('',(27.904585516585,-70.23671006908,1.29));
#52 = LINE('',#53,#54);
#53 = CARTESIAN_POINT('',(27.904585516585,-70.23671006908,0.89));
#54 = VECTOR('',#55,1.);
#55 = DIRECTION('',(0.,0.,1.));
#56 = ORIENTED_EDGE('',*,*,#57,.T.);
#57 = EDGE_CURVE('',#50,#58,#60,.T.);
#58 = VERTEX_POINT('',#59);
#59 = CARTESIAN_POINT('',(24.929107991926,-73.52947738146,1.29));
#60 = CIRCLE('',#61,2.990764485419);
#61 = AXIS2_PLACEMENT_3D('',#62,#63,#64);
#62 = CARTESIAN_POINT('',(27.904585516585,-73.2274745545,1.29));
#63 = DIRECTION('',(0.,0.,1.));
#64 = DIRECTION('',(0.,1.,-0.));
#65 = ORIENTED_EDGE('',*,*,#66,.F.);
#66 = EDGE_CURVE('',#67,#58,#69,.T.);
#67 = VERTEX_POINT('',#68);
#68 = CARTESIAN_POINT('',(24.929107991926,-73.52947738146,0.89));
#69 = LINE('',#70,#71);
#70 = CARTESIAN_POINT('',(24.929107991926,-73.52947738146,0.89));
#71 = VECTOR('',#72,1.);
#72 = DIRECTION('',(0.,0.,1.));
#73 = ORIENTED_EDGE('',*,*,#74,.F.);
#74 = EDGE_CURVE('',#48,#67,#75,.T.);
#75 = CIRCLE('',#76,2.990764485419);
#76 = AXIS2_PLACEMENT_3D('',#77,#78,#79);
#77 = CARTESIAN_POINT('',(27.904585516585,-73.2274745545,0.89));
#78 = DIRECTION('',(0.,0.,1.));
#79 = DIRECTION('',(1.,0.,0.));
#80 = CYLINDRICAL_SURFACE('',#81,2.990764485419);
#81 = AXIS2_PLACEMENT_3D('',#82,#83,#84);
#82 = CARTESIAN_POINT('',(27.904585516585,-73.2274745545,0.89));
#83 = DIRECTION('',(-0.,-0.,-1.));
#84 = DIRECTION('',(1.,0.,0.));
#85 = ADVANCED_FACE('',(#86),#111,.T.);
#86 = FACE_BOUND('',#87,.T.);
#87 = EDGE_LOOP('',(#88,#89,#97,#105));
#88 = ORIENTED_EDGE('',*,*,#47,.T.);
#89 = ORIENTED_EDGE('',*,*,#90,.F.);
#90 = EDGE_CURVE('',#91,#50,#93,.T.);
#91 = VERTEX_POINT('',#92);
#92 = CARTESIAN_POINT('',(62.337725987098,-70.23671006908,1.29));
#93 = LINE('',#94,#95);
#94 = CARTESIAN_POINT('',(62.337725987098,-70.23671006908,1.29));
#95 = VECTOR('',#96,1.);
#96 = DIRECTION('',(-1.,-0.,-0.));
#97 = ORIENTED_EDGE('',*,*,#98,.F.);
#98 = EDGE_CURVE('',#99,#91,#101,.T.);
#99 = VERTEX_POINT('',#100);
#100 = CARTESIAN_POINT('',(62.337725987098,-70.23671006908,0.89));
#101 = LINE('',#102,#103);
#102 = CARTESIAN_POINT('',(62.337725987098,-70.23671006908,0.89));
#103 = VECTOR('',#104,1.);
#104 = DIRECTION('',(0.,0.,1.));
#105 = ORIENTED_EDGE('',*,*,#106,.F.);
#106 = EDGE_CURVE('',#48,#99,#107,.T.);
#107 = LINE('',#108,#109);
#108 = CARTESIAN_POINT('',(27.904585516585,-70.23671006908,0.89));
#109 = VECTOR('',#110,1.);
#110 = DIRECTION('',(1.,0.,0.));
#111 = PLANE('',#112);
#112 = AXIS2_PLACEMENT_3D('',#113,#114,#115);
#113 = CARTESIAN_POINT('',(27.904585516585,-70.23671006908,0.89));
#114 = DIRECTION('',(0.,1.,0.));
#115 = DIRECTION('',(1.,0.,0.));
#116 = ADVANCED_FACE('',(#117),#145,.T.);
#117 = FACE_BOUND('',#118,.T.);
#118 = EDGE_LOOP('',(#119,#128,#129,#138));
#119 = ORIENTED_EDGE('',*,*,#120,.F.);
#120 = EDGE_CURVE('',#50,#121,#123,.T.);
#121 = VERTEX_POINT('',#122);
#122 = CARTESIAN_POINT('',(27.904585516585,-71.03671006908,2.09));
#123 = CIRCLE('',#124,0.8);
#124 = AXIS2_PLACEMENT_3D('',#125,#126,#127);
#125 = CARTESIAN_POINT('',(27.904585516585,-71.03671006908,1.29));
#126 = DIRECTION('',(1.,0.,0.));
#127 = DIRECTION('',(-0.,1.,0.));
#128 = ORIENTED_EDGE('',*,*,#57,.T.);
#129 = ORIENTED_EDGE('',*,*,#130,.T.);
#130 = EDGE_CURVE('',#58,#131,#133,.T.);
#131 = VERTEX_POINT('',#132);
#132 = CARTESIAN_POINT('',(25.725018880708,-73.44869460409,2.09));
#133 = CIRCLE('',#134,0.8);
#134 = AXIS2_PLACEMENT_3D('',#135,#136,#137);
#135 = CARTESIAN_POINT('',(25.725018880708,-73.44869460409,1.29));
#136 = DIRECTION('',(-0.100978471701,0.994888610978,0.));
#137 = DIRECTION('',(-0.994888610978,-0.100978471701,0.));
#138 = ORIENTED_EDGE('',*,*,#139,.F.);
#139 = EDGE_CURVE('',#121,#131,#140,.T.);
#140 = CIRCLE('',#141,2.190764485419);
#141 = AXIS2_PLACEMENT_3D('',#142,#143,#144);
#142 = CARTESIAN_POINT('',(27.904585516585,-73.2274745545,2.09));
#143 = DIRECTION('',(0.,0.,1.));
#144 = DIRECTION('',(0.,1.,-0.));
#145 = TOROIDAL_SURFACE('',#146,2.190764485419,0.8);
#146 = AXIS2_PLACEMENT_3D('',#147,#148,#149);
#147 = CARTESIAN_POINT('',(27.904585516585,-73.2274745545,1.29));
#148 = DIRECTION('',(0.,0.,1.));
#149 = DIRECTION('',(0.,1.,-0.));
#150 = ADVANCED_FACE('',(#151,#171),#509,.F.);
#151 = FACE_BOUND('',#152,.F.);
#152 = EDGE_LOOP('',(#153,#154,#163,#170));
#153 = ORIENTED_EDGE('',*,*,#74,.T.);
#154 = ORIENTED_EDGE('',*,*,#155,.T.);
#155 = EDGE_CURVE('',#67,#156,#158,.T.);
#156 = VERTEX_POINT('',#157);
#157 = CARTESIAN_POINT('',(65.05449440775,-73.19295937292,0.89));
#158 = CIRCLE('',#159,20.150034500254);
#159 = AXIS2_PLACEMENT_3D('',#160,#161,#162);
#160 = CARTESIAN_POINT('',(44.976147827033,-71.49475769289,0.89));
#161 = DIRECTION('',(0.,0.,1.));
#162 = DIRECTION('',(1.,0.,0.));
#163 = ORIENTED_EDGE('',*,*,#164,.T.);
#164 = EDGE_CURVE('',#156,#99,#165,.T.);
#165 = CIRCLE('',#166,2.726468396452);
#166 = AXIS2_PLACEMENT_3D('',#167,#168,#169);
#167 = CARTESIAN_POINT('',(62.337725987098,-72.96317846553,0.89));
#168 = DIRECTION('',(0.,0.,1.));
#169 = DIRECTION('',(1.,0.,0.));
#170 = ORIENTED_EDGE('',*,*,#106,.F.);
#171 = FACE_BOUND('',#172,.F.);
#172 = EDGE_LOOP('',(#173,#183,#191,#199,#207,#215,#223,#231,#239,#247,
    #255,#263,#271,#279,#287,#295,#303,#311,#319,#327,#335,#343,#351,
    #359,#367,#375,#383,#391,#399,#407,#415,#423,#431,#439,#447,#455,
    #463,#471,#479,#487,#495,#503));
#173 = ORIENTED_EDGE('',*,*,#174,.F.);
#174 = EDGE_CURVE('',#175,#177,#179,.T.);
#175 = VERTEX_POINT('',#176);
#176 = CARTESIAN_POINT('',(26.56595993042,-73.8916639328,0.89));
#177 = VERTEX_POINT('',#178);
#178 = CARTESIAN_POINT('',(26.916840362549,-75.85074796676,0.89));
#179 = LINE('',#180,#181);
#180 = CARTESIAN_POINT('',(27.306395161223,-78.0257640593,0.89));
#181 = VECTOR('',#182,1.);
#182 = DIRECTION('',(0.176298958921,-0.984336668566,0.));
#183 = ORIENTED_EDGE('',*,*,#184,.F.);
#184 = EDGE_CURVE('',#185,#175,#187,.T.);
#185 = VERTEX_POINT('',#186);
#186 = CARTESIAN_POINT('',(26.564640426636,-73.39905200004,0.89));
#187 = LINE('',#188,#189);
#188 = CARTESIAN_POINT('',(26.571349239792,-75.90366127432,0.89));
#189 = VECTOR('',#190,1.);
#190 = DIRECTION('',(2.678577116923E-03,-0.999996412606,0.));
#191 = ORIENTED_EDGE('',*,*,#192,.F.);
#192 = EDGE_CURVE('',#193,#185,#195,.T.);
#193 = VERTEX_POINT('',#194);
#194 = CARTESIAN_POINT('',(26.681399917603,-72.9204919815,0.89));
#195 = LINE('',#196,#197);
#196 = CARTESIAN_POINT('',(26.568979601462,-73.38126710249,0.89));
#197 = VECTOR('',#198,1.);
#198 = DIRECTION('',(-0.237028099672,-0.971502794626,0.));
#199 = ORIENTED_EDGE('',*,*,#200,.F.);
#200 = EDGE_CURVE('',#201,#193,#203,.T.);
#201 = VERTEX_POINT('',#202);
#202 = CARTESIAN_POINT('',(26.909519577026,-72.48388521671,0.89));
#203 = LINE('',#204,#205);
#204 = CARTESIAN_POINT('',(27.637027418664,-71.09148069576,0.89));
#205 = VECTOR('',#206,1.);
#206 = DIRECTION('',(-0.46308423595,-0.886314272938,0.));
#207 = ORIENTED_EDGE('',*,*,#208,.F.);
#208 = EDGE_CURVE('',#209,#201,#211,.T.);
#209 = VERTEX_POINT('',#210);
#210 = CARTESIAN_POINT('',(27.235679626465,-72.11469198465,0.89));
#211 = LINE('',#212,#213);
#212 = CARTESIAN_POINT('',(29.55945954093,-69.48431521504,0.89));
#213 = VECTOR('',#214,1.);
#214 = DIRECTION('',(-0.662079549864,-0.749433565869,0.));
#215 = ORIENTED_EDGE('',*,*,#216,.F.);
#216 = EDGE_CURVE('',#217,#209,#219,.T.);
#217 = VERTEX_POINT('',#218);
#218 = CARTESIAN_POINT('',(27.640800476074,-71.83444280624,0.89));
#219 = LINE('',#220,#221);
#220 = CARTESIAN_POINT('',(31.941011882282,-68.85969906067,0.89));
#221 = VECTOR('',#222,1.);
#222 = DIRECTION('',(-0.822400293673,-0.568909269538,0.));
#223 = ORIENTED_EDGE('',*,*,#224,.F.);
#224 = EDGE_CURVE('',#225,#217,#227,.T.);
#225 = VERTEX_POINT('',#226);
#226 = CARTESIAN_POINT('',(28.101359939575,-71.65947739929,0.89));
#227 = LINE('',#228,#229);
#228 = CARTESIAN_POINT('',(34.298479931445,-69.3052067627,0.89));
#229 = VECTOR('',#230,1.);
#230 = DIRECTION('',(-0.93481538132,-0.355134063203,0.));
#231 = ORIENTED_EDGE('',*,*,#232,.F.);
#232 = EDGE_CURVE('',#233,#225,#235,.T.);
#233 = VERTEX_POINT('',#234);
#234 = CARTESIAN_POINT('',(28.59036026001,-71.59999962478,0.89));
#235 = LINE('',#236,#237);
#236 = CARTESIAN_POINT('',(36.16273008756,-70.67896197661,0.89));
#237 = VECTOR('',#238,1.);
#238 = DIRECTION('',(-0.992683982569,-0.120741503849,0.));
#239 = ORIENTED_EDGE('',*,*,#240,.F.);
#240 = EDGE_CURVE('',#241,#233,#243,.T.);
#241 = VERTEX_POINT('',#242);
#242 = CARTESIAN_POINT('',(61.40963973999,-71.5999939403,0.89));
#243 = LINE('',#244,#245);
#244 = CARTESIAN_POINT('',(44.999704544212,-71.59999678259,0.89));
#245 = VECTOR('',#246,1.);
#246 = DIRECTION('',(-1.,-1.732055989695E-07,0.));
#247 = ORIENTED_EDGE('',*,*,#248,.F.);
#248 = EDGE_CURVE('',#249,#241,#251,.T.);
#249 = VERTEX_POINT('',#250);
#250 = CARTESIAN_POINT('',(61.898640060425,-71.65947164148,0.89));
#251 = LINE('',#252,#253);
#252 = CARTESIAN_POINT('',(53.836688309943,-70.67888668659,0.89));
#253 = VECTOR('',#254,1.);
#254 = DIRECTION('',(-0.99268400041,0.120741357166,0.));
#255 = ORIENTED_EDGE('',*,*,#256,.F.);
#256 = EDGE_CURVE('',#257,#249,#259,.T.);
#257 = VERTEX_POINT('',#258);
#258 = CARTESIAN_POINT('',(62.359199523926,-71.83443679809,0.89));
#259 = LINE('',#260,#261);
#260 = CARTESIAN_POINT('',(55.701001813439,-69.30500748981,0.89));
#261 = VECTOR('',#262,1.);
#262 = DIRECTION('',(-0.934815550009,0.355133619164,0.));
#263 = ORIENTED_EDGE('',*,*,#264,.F.);
#264 = EDGE_CURVE('',#265,#257,#267,.T.);
#265 = VERTEX_POINT('',#266);
#266 = CARTESIAN_POINT('',(62.764320373535,-72.11468601226,0.89));
#267 = LINE('',#268,#269);
#268 = CARTESIAN_POINT('',(58.058591178742,-68.85941808364,0.89));
#269 = VECTOR('',#270,1.);
#270 = DIRECTION('',(-0.822400259706,0.568909318639,0.));
#271 = ORIENTED_EDGE('',*,*,#272,.F.);
#272 = EDGE_CURVE('',#273,#265,#275,.T.);
#273 = VERTEX_POINT('',#274);
#274 = CARTESIAN_POINT('',(63.090480422974,-72.48387920856,0.89));
#275 = LINE('',#276,#277);
#276 = CARTESIAN_POINT('',(60.440283003651,-69.48401807369,0.89));
#277 = VECTOR('',#278,1.);
#278 = DIRECTION('',(-0.662079585885,0.749433534047,0.));
#279 = ORIENTED_EDGE('',*,*,#280,.F.);
#280 = EDGE_CURVE('',#281,#273,#283,.T.);
#281 = VERTEX_POINT('',#282);
#282 = CARTESIAN_POINT('',(63.318600082397,-72.9204919815,0.89));
#283 = LINE('',#284,#285);
#284 = CARTESIAN_POINT('',(62.362880196503,-71.0912787055,0.89));
#285 = VECTOR('',#286,1.);
#286 = DIRECTION('',(-0.463079230057,0.886316888415,0.));
#287 = ORIENTED_EDGE('',*,*,#288,.F.);
#288 = EDGE_CURVE('',#289,#281,#291,.T.);
#289 = VERTEX_POINT('',#290);
#290 = CARTESIAN_POINT('',(63.435359573364,-73.39905200004,0.89));
#291 = LINE('',#292,#293);
#292 = CARTESIAN_POINT('',(63.430987263129,-73.38113129099,0.89));
#293 = VECTOR('',#294,1.);
#294 = DIRECTION('',(-0.237028099672,0.971502794626,0.));
#295 = ORIENTED_EDGE('',*,*,#296,.F.);
#296 = EDGE_CURVE('',#297,#289,#299,.T.);
#297 = VERTEX_POINT('',#298);
#298 = CARTESIAN_POINT('',(63.434160232544,-73.8916639328,0.89));
#299 = LINE('',#300,#301);
#300 = CARTESIAN_POINT('',(63.429267173555,-75.90141729465,0.89));
#301 = VECTOR('',#302,1.);
#302 = DIRECTION('',(2.434649236052E-03,0.999997036237,0.));
#303 = ORIENTED_EDGE('',*,*,#304,.F.);
#304 = EDGE_CURVE('',#305,#297,#307,.T.);
#305 = VERTEX_POINT('',#306);
#306 = CARTESIAN_POINT('',(63.083159637451,-75.85074796676,0.89));
#307 = LINE('',#308,#309);
#308 = CARTESIAN_POINT('',(62.693366985595,-78.02634701555,0.89));
#309 = VECTOR('',#310,1.);
#310 = DIRECTION('',(0.176357457002,0.984326189512,0.));
#311 = ORIENTED_EDGE('',*,*,#312,.F.);
#312 = EDGE_CURVE('',#313,#305,#315,.T.);
#313 = VERTEX_POINT('',#314);
#314 = CARTESIAN_POINT('',(62.524559783936,-77.76102809906,0.89));
#315 = LINE('',#316,#317);
#316 = CARTESIAN_POINT('',(61.926603701179,-79.80589727989,0.89));
#317 = VECTOR('',#318,1.);
#318 = DIRECTION('',(0.280664325488,0.959805988936,0.));
#319 = ORIENTED_EDGE('',*,*,#320,.F.);
#320 = EDGE_CURVE('',#321,#313,#323,.T.);
#321 = VERTEX_POINT('',#322);
#322 = CARTESIAN_POINT('',(61.764840316772,-79.60059204101,0.89));
#323 = LINE('',#324,#325);
#324 = CARTESIAN_POINT('',(60.995830428982,-81.46265155341,0.89));
#325 = VECTOR('',#326,1.);
#326 = DIRECTION('',(0.381717051112,0.924279228854,0.));
#327 = ORIENTED_EDGE('',*,*,#328,.F.);
#328 = EDGE_CURVE('',#329,#321,#331,.T.);
#329 = VERTEX_POINT('',#330);
#330 = CARTESIAN_POINT('',(60.812640380859,-81.34830856323,0.89));
#331 = LINE('',#332,#333);
#332 = CARTESIAN_POINT('',(59.920620595179,-82.98556735603,0.89));
#333 = VECTOR('',#334,1.);
#334 = DIRECTION('',(0.478426123617,0.878127806325,0.));
#335 = ORIENTED_EDGE('',*,*,#336,.F.);
#336 = EDGE_CURVE('',#337,#329,#339,.T.);
#337 = VERTEX_POINT('',#338);
#338 = CARTESIAN_POINT('',(59.678879928589,-82.98412361145,0.89));
#339 = LINE('',#340,#341);
#340 = CARTESIAN_POINT('',(58.72101437908,-84.36615354283,0.89));
#341 = VECTOR('',#342,1.);
#342 = DIRECTION('',(0.569642308357,0.821892718383,0.));
#343 = ORIENTED_EDGE('',*,*,#344,.F.);
#344 = EDGE_CURVE('',#345,#337,#347,.T.);
#345 = VERTEX_POINT('',#346);
#346 = CARTESIAN_POINT('',(58.376639556885,-84.48920021057,0.89));
#347 = LINE('',#348,#349);
#348 = CARTESIAN_POINT('',(57.416240255237,-85.59919076694,0.89));
#349 = VECTOR('',#350,1.);
#350 = DIRECTION('',(0.654310732095,0.756225803491,0.));
#351 = ORIENTED_EDGE('',*,*,#352,.F.);
#352 = EDGE_CURVE('',#353,#345,#355,.T.);
#353 = VERTEX_POINT('',#354);
#354 = CARTESIAN_POINT('',(56.920872116089,-85.84639968872,0.89));
#355 = LINE('',#356,#357);
#356 = CARTESIAN_POINT('',(56.024540146449,-86.68204228337,0.89));
#357 = VECTOR('',#358,1.);
#358 = DIRECTION('',(0.731435299896,0.681910846128,0.));
#359 = ORIENTED_EDGE('',*,*,#360,.F.);
#360 = EDGE_CURVE('',#361,#353,#363,.T.);
#361 = VERTEX_POINT('',#362);
#362 = CARTESIAN_POINT('',(55.328256225586,-87.0400402069,0.89));
#363 = LINE('',#364,#365);
#364 = CARTESIAN_POINT('',(54.561710545413,-87.61455411723,0.89));
#365 = VECTOR('',#366,1.);
#366 = DIRECTION('',(0.800198055367,0.599735835337,0.));
#367 = ORIENTED_EDGE('',*,*,#368,.F.);
#368 = EDGE_CURVE('',#369,#361,#371,.T.);
#369 = VERTEX_POINT('',#370);
#370 = CARTESIAN_POINT('',(53.617056083679,-88.05644035339,0.89));
#371 = LINE('',#372,#373);
#372 = CARTESIAN_POINT('',(53.042740491355,-88.39756611529,0.89));
#373 = VECTOR('',#374,1.);
#374 = DIRECTION('',(0.85977200701,0.510678074684,0.));
#375 = ORIENTED_EDGE('',*,*,#376,.F.);
#376 = EDGE_CURVE('',#377,#369,#379,.T.);
#377 = VERTEX_POINT('',#378);
#378 = CARTESIAN_POINT('',(51.806952095032,-88.88384017944,0.89));
#379 = LINE('',#380,#381);
#380 = CARTESIAN_POINT('',(51.480279945983,-89.03316225209,0.89));
#381 = VECTOR('',#382,1.);
#382 = DIRECTION('',(0.90948896792,0.415728056825,0.));
#383 = ORIENTED_EDGE('',*,*,#384,.F.);
#384 = EDGE_CURVE('',#385,#377,#387,.T.);
#385 = VERTEX_POINT('',#386);
#386 = CARTESIAN_POINT('',(49.918703842163,-89.51299972534,0.89));
#387 = LINE('',#388,#389);
#388 = CARTESIAN_POINT('',(49.886402695602,-89.52376238574,0.89));
#389 = VECTOR('',#390,1.);
#390 = DIRECTION('',(0.948721959116,0.316111759179,0.));
#391 = ORIENTED_EDGE('',*,*,#392,.F.);
#392 = EDGE_CURVE('',#393,#385,#395,.T.);
#393 = VERTEX_POINT('',#394);
#394 = CARTESIAN_POINT('',(47.973995876312,-89.93636016845,0.89));
#395 = LINE('',#396,#397);
#396 = CARTESIAN_POINT('',(48.268949263117,-89.87214919245,0.89));
#397 = VECTOR('',#398,1.);
#398 = DIRECTION('',(0.977113967698,0.21271646417,0.));
#399 = ORIENTED_EDGE('',*,*,#400,.F.);
#400 = EDGE_CURVE('',#401,#393,#403,.T.);
#401 = VERTEX_POINT('',#402);
#402 = CARTESIAN_POINT('',(45.995140814781,-90.14935989379,0.89));
#403 = LINE('',#404,#405);
#404 = CARTESIAN_POINT('',(46.638076481309,-90.08015567412,0.89));
#405 = VECTOR('',#406,1.);
#406 = DIRECTION('',(0.994256901833,0.107019685841,0.));
#407 = ORIENTED_EDGE('',*,*,#408,.F.);
#408 = EDGE_CURVE('',#409,#401,#411,.T.);
#409 = VERTEX_POINT('',#410);
#410 = CARTESIAN_POINT('',(44.004865193367,-90.14935989379,0.89));
#411 = LINE('',#412,#413);
#412 = CARTESIAN_POINT('',(44.99970661026,-90.14935989379,0.89));
#413 = VECTOR('',#414,1.);
#414 = DIRECTION('',(1.,0.,0.));
#415 = ORIENTED_EDGE('',*,*,#416,.F.);
#416 = EDGE_CURVE('',#417,#409,#419,.T.);
#417 = VERTEX_POINT('',#418);
#418 = CARTESIAN_POINT('',(42.026016139984,-89.93636016845,0.89));
#419 = LINE('',#420,#421);
#420 = CARTESIAN_POINT('',(43.361343096594,-90.08009234171,0.89));
#421 = VECTOR('',#422,1.);
#422 = DIRECTION('',(0.994256867259,-0.107020007051,0.));
#423 = ORIENTED_EDGE('',*,*,#424,.F.);
#424 = EDGE_CURVE('',#425,#417,#427,.T.);
#425 = VERTEX_POINT('',#426);
#426 = CARTESIAN_POINT('',(40.081296157837,-89.51299972534,0.89));
#427 = LINE('',#428,#429);
#428 = CARTESIAN_POINT('',(41.730498615074,-89.87202677781,0.89));
#429 = VECTOR('',#430,1.);
#430 = DIRECTION('',(0.977114240885,-0.212715209281,0.));
#431 = ORIENTED_EDGE('',*,*,#432,.F.);
#432 = EDGE_CURVE('',#433,#425,#435,.T.);
#433 = VERTEX_POINT('',#434);
#434 = CARTESIAN_POINT('',(38.193047904968,-88.8839603424,0.89));
#435 = LINE('',#436,#437);
#436 = CARTESIAN_POINT('',(40.113412195219,-89.52369866405,0.89));
#437 = VECTOR('',#438,1.);
#438 = DIRECTION('',(0.948740064221,-0.316057416527,0.));
#439 = ORIENTED_EDGE('',*,*,#440,.F.);
#440 = EDGE_CURVE('',#441,#433,#443,.T.);
#441 = VERTEX_POINT('',#442);
#442 = CARTESIAN_POINT('',(36.382943916321,-88.05644035339,0.89));
#443 = LINE('',#444,#445);
#444 = CARTESIAN_POINT('',(38.518874675341,-89.03291762172,0.89));
#445 = VECTOR('',#446,1.);
#446 = DIRECTION('',(0.909466138941,-0.415777996195,0.));
#447 = ORIENTED_EDGE('',*,*,#448,.F.);
#448 = EDGE_CURVE('',#449,#441,#451,.T.);
#449 = VERTEX_POINT('',#450);
#450 = CARTESIAN_POINT('',(34.671756362915,-87.0400402069,0.89));
#451 = LINE('',#452,#453);
#452 = CARTESIAN_POINT('',(36.956806780209,-88.39729971609,0.89));
#453 = VECTOR('',#454,1.);
#454 = DIRECTION('',(0.859770357501,-0.510680851768,0.));
#455 = ORIENTED_EDGE('',*,*,#456,.F.);
#456 = EDGE_CURVE('',#457,#449,#459,.T.);
#457 = VERTEX_POINT('',#458);
#458 = CARTESIAN_POINT('',(33.079127883911,-85.84639968872,0.89));
#459 = LINE('',#460,#461);
#460 = CARTESIAN_POINT('',(35.4379407699,-87.61427880972,0.89));
#461 = VECTOR('',#462,1.);
#462 = DIRECTION('',(0.800200330345,-0.599732799934,0.));
#463 = ORIENTED_EDGE('',*,*,#464,.F.);
#464 = EDGE_CURVE('',#465,#457,#467,.T.);
#465 = VERTEX_POINT('',#466);
#466 = CARTESIAN_POINT('',(31.623360443115,-84.48920021057,0.89));
#467 = LINE('',#468,#469);
#468 = CARTESIAN_POINT('',(33.975144320766,-86.68174811487,0.89));
#469 = VECTOR('',#470,1.);
#470 = DIRECTION('',(0.731435299896,-0.681910846128,0.));
#471 = ORIENTED_EDGE('',*,*,#472,.F.);
#472 = EDGE_CURVE('',#473,#465,#475,.T.);
#473 = VERTEX_POINT('',#474);
#474 = CARTESIAN_POINT('',(30.321120071411,-82.98412361145,0.89));
#475 = LINE('',#476,#477);
#476 = CARTESIAN_POINT('',(32.583507245133,-85.59889893811,0.89));
#477 = VECTOR('',#478,1.);
#478 = DIRECTION('',(0.654310732095,-0.756225803491,0.));
#479 = ORIENTED_EDGE('',*,*,#480,.F.);
#480 = EDGE_CURVE('',#481,#473,#483,.T.);
#481 = VERTEX_POINT('',#482);
#482 = CARTESIAN_POINT('',(29.187359619141,-81.34832000732,0.89));
#483 = LINE('',#484,#485);
#484 = CARTESIAN_POINT('',(31.278813949444,-84.36589618448,0.89));
#485 = VECTOR('',#486,1.);
#486 = DIRECTION('',(0.569645000395,-0.821890852562,0.));
#487 = ORIENTED_EDGE('',*,*,#488,.F.);
#488 = EDGE_CURVE('',#489,#481,#491,.T.);
#489 = VERTEX_POINT('',#490);
#490 = CARTESIAN_POINT('',(28.235159683228,-79.60060405731,0.89));
#491 = LINE('',#492,#493);
#492 = CARTESIAN_POINT('',(30.079242797465,-82.98532752802,0.89));
#493 = VECTOR('',#494,1.);
#494 = DIRECTION('',(0.478426244402,-0.878127740518,0.));
#495 = ORIENTED_EDGE('',*,*,#496,.F.);
#496 = EDGE_CURVE('',#497,#489,#499,.T.);
#497 = VERTEX_POINT('',#498);
#498 = CARTESIAN_POINT('',(27.475440216064,-77.76104011535,0.89));
#499 = LINE('',#500,#501);
#500 = CARTESIAN_POINT('',(29.004081515137,-81.46245035361,0.89));
#501 = VECTOR('',#502,1.);
#502 = DIRECTION('',(0.381717051112,-0.924279228854,0.));
#503 = ORIENTED_EDGE('',*,*,#504,.F.);
#504 = EDGE_CURVE('',#177,#497,#505,.T.);
#505 = LINE('',#506,#507);
#506 = CARTESIAN_POINT('',(28.073339971527,-79.80572953178,0.89));
#507 = VECTOR('',#508,1.);
#508 = DIRECTION('',(0.280662699096,-0.959806464521,0.));
#509 = PLANE('',#510);
#510 = AXIS2_PLACEMENT_3D('',#511,#512,#513);
#511 = CARTESIAN_POINT('',(44.999410216446,-78.11261962564,0.89));
#512 = DIRECTION('',(0.,0.,1.));
#513 = DIRECTION('',(1.,0.,0.));
#514 = ADVANCED_FACE('',(#515),#534,.T.);
#515 = FACE_BOUND('',#516,.F.);
#516 = EDGE_LOOP('',(#517,#518,#527,#533));
#517 = ORIENTED_EDGE('',*,*,#66,.T.);
#518 = ORIENTED_EDGE('',*,*,#519,.T.);
#519 = EDGE_CURVE('',#58,#520,#522,.T.);
#520 = VERTEX_POINT('',#521);
#521 = CARTESIAN_POINT('',(65.05449440775,-73.19295937292,1.29));
#522 = CIRCLE('',#523,20.150034500254);
#523 = AXIS2_PLACEMENT_3D('',#524,#525,#526);
#524 = CARTESIAN_POINT('',(44.976147827033,-71.49475769289,1.29));
#525 = DIRECTION('',(0.,0.,1.));
#526 = DIRECTION('',(-0.994888610978,-0.100978471701,0.));
#527 = ORIENTED_EDGE('',*,*,#528,.F.);
#528 = EDGE_CURVE('',#156,#520,#529,.T.);
#529 = LINE('',#530,#531);
#530 = CARTESIAN_POINT('',(65.05449440775,-73.19295937292,0.89));
#531 = VECTOR('',#532,1.);
#532 = DIRECTION('',(0.,0.,1.));
#533 = ORIENTED_EDGE('',*,*,#155,.F.);
#534 = CYLINDRICAL_SURFACE('',#535,20.150034500254);
#535 = AXIS2_PLACEMENT_3D('',#536,#537,#538);
#536 = CARTESIAN_POINT('',(44.976147827033,-71.49475769289,0.89));
#537 = DIRECTION('',(-0.,-0.,-1.));
#538 = DIRECTION('',(1.,0.,0.));
#539 = ADVANCED_FACE('',(#540),#559,.T.);
#540 = FACE_BOUND('',#541,.F.);
#541 = EDGE_LOOP('',(#542,#551,#557,#558));
#542 = ORIENTED_EDGE('',*,*,#543,.T.);
#543 = EDGE_CURVE('',#91,#544,#546,.T.);
#544 = VERTEX_POINT('',#545);
#545 = CARTESIAN_POINT('',(62.337725987098,-71.03671006908,2.09));
#546 = CIRCLE('',#547,0.8);
#547 = AXIS2_PLACEMENT_3D('',#548,#549,#550);
#548 = CARTESIAN_POINT('',(62.337725987098,-71.03671006908,1.29));
#549 = DIRECTION('',(1.,-0.,0.));
#550 = DIRECTION('',(0.,1.,0.));
#551 = ORIENTED_EDGE('',*,*,#552,.T.);
#552 = EDGE_CURVE('',#544,#121,#553,.T.);
#553 = LINE('',#554,#555);
#554 = CARTESIAN_POINT('',(62.337725987098,-71.03671006908,2.09));
#555 = VECTOR('',#556,1.);
#556 = DIRECTION('',(-1.,-0.,-0.));
#557 = ORIENTED_EDGE('',*,*,#120,.F.);
#558 = ORIENTED_EDGE('',*,*,#90,.F.);
#559 = CYLINDRICAL_SURFACE('',#560,0.8);
#560 = AXIS2_PLACEMENT_3D('',#561,#562,#563);
#561 = CARTESIAN_POINT('',(62.337725987098,-71.03671006908,1.29));
#562 = DIRECTION('',(-1.,-0.,-0.));
#563 = DIRECTION('',(-0.,1.,0.));
#564 = ADVANCED_FACE('',(#565),#577,.T.);
#565 = FACE_BOUND('',#566,.F.);
#566 = EDGE_LOOP('',(#567,#568,#575,#576));
#567 = ORIENTED_EDGE('',*,*,#528,.T.);
#568 = ORIENTED_EDGE('',*,*,#569,.T.);
#569 = EDGE_CURVE('',#520,#91,#570,.T.);
#570 = CIRCLE('',#571,2.726468396452);
#571 = AXIS2_PLACEMENT_3D('',#572,#573,#574);
#572 = CARTESIAN_POINT('',(62.337725987098,-72.96317846553,1.29));
#573 = DIRECTION('',(0.,0.,1.));
#574 = DIRECTION('',(0.996442292963,-8.427785471101E-02,0.));
#575 = ORIENTED_EDGE('',*,*,#98,.F.);
#576 = ORIENTED_EDGE('',*,*,#164,.F.);
#577 = CYLINDRICAL_SURFACE('',#578,2.726468396452);
#578 = AXIS2_PLACEMENT_3D('',#579,#580,#581);
#579 = CARTESIAN_POINT('',(62.337725987098,-72.96317846553,0.89));
#580 = DIRECTION('',(-0.,-0.,-1.));
#581 = DIRECTION('',(1.,0.,0.));
#582 = ADVANCED_FACE('',(#583,#603),#941,.T.);
#583 = FACE_BOUND('',#584,.T.);
#584 = EDGE_LOOP('',(#585,#586,#595,#602));
#585 = ORIENTED_EDGE('',*,*,#139,.T.);
#586 = ORIENTED_EDGE('',*,*,#587,.T.);
#587 = EDGE_CURVE('',#131,#588,#590,.T.);
#588 = VERTEX_POINT('',#589);
#589 = CARTESIAN_POINT('',(64.257340573379,-73.12553708915,2.09));
#590 = CIRCLE('',#591,19.350034500254);
#591 = AXIS2_PLACEMENT_3D('',#592,#593,#594);
#592 = CARTESIAN_POINT('',(44.976147827033,-71.49475769289,2.09));
#593 = DIRECTION('',(0.,0.,1.));
#594 = DIRECTION('',(-0.994888610978,-0.100978471701,0.));
#595 = ORIENTED_EDGE('',*,*,#596,.T.);
#596 = EDGE_CURVE('',#588,#544,#597,.T.);
#597 = CIRCLE('',#598,1.926468396452);
#598 = AXIS2_PLACEMENT_3D('',#599,#600,#601);
#599 = CARTESIAN_POINT('',(62.337725987098,-72.96317846553,2.09));
#600 = DIRECTION('',(0.,0.,1.));
#601 = DIRECTION('',(0.996442292963,-8.427785471101E-02,0.));
#602 = ORIENTED_EDGE('',*,*,#552,.T.);
#603 = FACE_BOUND('',#604,.T.);
#604 = EDGE_LOOP('',(#605,#615,#623,#631,#639,#647,#655,#663,#671,#679,
    #687,#695,#703,#711,#719,#727,#735,#743,#751,#759,#767,#775,#783,
    #791,#799,#807,#815,#823,#831,#839,#847,#855,#863,#871,#879,#887,
    #895,#903,#911,#919,#927,#935));
#605 = ORIENTED_EDGE('',*,*,#606,.F.);
#606 = EDGE_CURVE('',#607,#609,#611,.T.);
#607 = VERTEX_POINT('',#608);
#608 = CARTESIAN_POINT('',(26.56595993042,-73.8916639328,2.09));
#609 = VERTEX_POINT('',#610);
#610 = CARTESIAN_POINT('',(26.916840362549,-75.85074796676,2.09));
#611 = LINE('',#612,#613);
#612 = CARTESIAN_POINT('',(27.306395161223,-78.0257640593,2.09));
#613 = VECTOR('',#614,1.);
#614 = DIRECTION('',(0.176298958921,-0.984336668566,0.));
#615 = ORIENTED_EDGE('',*,*,#616,.F.);
#616 = EDGE_CURVE('',#617,#607,#619,.T.);
#617 = VERTEX_POINT('',#618);
#618 = CARTESIAN_POINT('',(26.564640426636,-73.39905200004,2.09));
#619 = LINE('',#620,#621);
#620 = CARTESIAN_POINT('',(26.571349239792,-75.90366127432,2.09));
#621 = VECTOR('',#622,1.);
#622 = DIRECTION('',(2.678577116923E-03,-0.999996412606,0.));
#623 = ORIENTED_EDGE('',*,*,#624,.F.);
#624 = EDGE_CURVE('',#625,#617,#627,.T.);
#625 = VERTEX_POINT('',#626);
#626 = CARTESIAN_POINT('',(26.681399917603,-72.9204919815,2.09));
#627 = LINE('',#628,#629);
#628 = CARTESIAN_POINT('',(26.568979601462,-73.38126710249,2.09));
#629 = VECTOR('',#630,1.);
#630 = DIRECTION('',(-0.237028099672,-0.971502794626,0.));
#631 = ORIENTED_EDGE('',*,*,#632,.F.);
#632 = EDGE_CURVE('',#633,#625,#635,.T.);
#633 = VERTEX_POINT('',#634);
#634 = CARTESIAN_POINT('',(26.909519577026,-72.48388521671,2.09));
#635 = LINE('',#636,#637);
#636 = CARTESIAN_POINT('',(27.637027418664,-71.09148069576,2.09));
#637 = VECTOR('',#638,1.);
#638 = DIRECTION('',(-0.46308423595,-0.886314272938,0.));
#639 = ORIENTED_EDGE('',*,*,#640,.F.);
#640 = EDGE_CURVE('',#641,#633,#643,.T.);
#641 = VERTEX_POINT('',#642);
#642 = CARTESIAN_POINT('',(27.235679626465,-72.11469198465,2.09));
#643 = LINE('',#644,#645);
#644 = CARTESIAN_POINT('',(29.55945954093,-69.48431521504,2.09));
#645 = VECTOR('',#646,1.);
#646 = DIRECTION('',(-0.662079549864,-0.749433565869,0.));
#647 = ORIENTED_EDGE('',*,*,#648,.F.);
#648 = EDGE_CURVE('',#649,#641,#651,.T.);
#649 = VERTEX_POINT('',#650);
#650 = CARTESIAN_POINT('',(27.640800476074,-71.83444280624,2.09));
#651 = LINE('',#652,#653);
#652 = CARTESIAN_POINT('',(31.941011882282,-68.85969906067,2.09));
#653 = VECTOR('',#654,1.);
#654 = DIRECTION('',(-0.822400293673,-0.568909269538,0.));
#655 = ORIENTED_EDGE('',*,*,#656,.F.);
#656 = EDGE_CURVE('',#657,#649,#659,.T.);
#657 = VERTEX_POINT('',#658);
#658 = CARTESIAN_POINT('',(28.101359939575,-71.65947739929,2.09));
#659 = LINE('',#660,#661);
#660 = CARTESIAN_POINT('',(34.298479931445,-69.3052067627,2.09));
#661 = VECTOR('',#662,1.);
#662 = DIRECTION('',(-0.93481538132,-0.355134063203,0.));
#663 = ORIENTED_EDGE('',*,*,#664,.F.);
#664 = EDGE_CURVE('',#665,#657,#667,.T.);
#665 = VERTEX_POINT('',#666);
#666 = CARTESIAN_POINT('',(28.59036026001,-71.59999962478,2.09));
#667 = LINE('',#668,#669);
#668 = CARTESIAN_POINT('',(36.16273008756,-70.67896197661,2.09));
#669 = VECTOR('',#670,1.);
#670 = DIRECTION('',(-0.992683982569,-0.120741503849,0.));
#671 = ORIENTED_EDGE('',*,*,#672,.F.);
#672 = EDGE_CURVE('',#673,#665,#675,.T.);
#673 = VERTEX_POINT('',#674);
#674 = CARTESIAN_POINT('',(61.40963973999,-71.5999939403,2.09));
#675 = LINE('',#676,#677);
#676 = CARTESIAN_POINT('',(44.999704544212,-71.59999678259,2.09));
#677 = VECTOR('',#678,1.);
#678 = DIRECTION('',(-1.,-1.732055989695E-07,0.));
#679 = ORIENTED_EDGE('',*,*,#680,.F.);
#680 = EDGE_CURVE('',#681,#673,#683,.T.);
#681 = VERTEX_POINT('',#682);
#682 = CARTESIAN_POINT('',(61.898640060425,-71.65947164148,2.09));
#683 = LINE('',#684,#685);
#684 = CARTESIAN_POINT('',(53.836688309943,-70.67888668659,2.09));
#685 = VECTOR('',#686,1.);
#686 = DIRECTION('',(-0.99268400041,0.120741357166,0.));
#687 = ORIENTED_EDGE('',*,*,#688,.F.);
#688 = EDGE_CURVE('',#689,#681,#691,.T.);
#689 = VERTEX_POINT('',#690);
#690 = CARTESIAN_POINT('',(62.359199523926,-71.83443679809,2.09));
#691 = LINE('',#692,#693);
#692 = CARTESIAN_POINT('',(55.701001813439,-69.30500748981,2.09));
#693 = VECTOR('',#694,1.);
#694 = DIRECTION('',(-0.934815550009,0.355133619164,0.));
#695 = ORIENTED_EDGE('',*,*,#696,.F.);
#696 = EDGE_CURVE('',#697,#689,#699,.T.);
#697 = VERTEX_POINT('',#698);
#698 = CARTESIAN_POINT('',(62.764320373535,-72.11468601226,2.09));
#699 = LINE('',#700,#701);
#700 = CARTESIAN_POINT('',(58.058591178742,-68.85941808364,2.09));
#701 = VECTOR('',#702,1.);
#702 = DIRECTION('',(-0.822400259706,0.568909318639,0.));
#703 = ORIENTED_EDGE('',*,*,#704,.F.);
#704 = EDGE_CURVE('',#705,#697,#707,.T.);
#705 = VERTEX_POINT('',#706);
#706 = CARTESIAN_POINT('',(63.090480422974,-72.48387920856,2.09));
#707 = LINE('',#708,#709);
#708 = CARTESIAN_POINT('',(60.440283003651,-69.48401807369,2.09));
#709 = VECTOR('',#710,1.);
#710 = DIRECTION('',(-0.662079585885,0.749433534047,0.));
#711 = ORIENTED_EDGE('',*,*,#712,.F.);
#712 = EDGE_CURVE('',#713,#705,#715,.T.);
#713 = VERTEX_POINT('',#714);
#714 = CARTESIAN_POINT('',(63.318600082397,-72.9204919815,2.09));
#715 = LINE('',#716,#717);
#716 = CARTESIAN_POINT('',(62.362880196503,-71.0912787055,2.09));
#717 = VECTOR('',#718,1.);
#718 = DIRECTION('',(-0.463079230057,0.886316888415,0.));
#719 = ORIENTED_EDGE('',*,*,#720,.F.);
#720 = EDGE_CURVE('',#721,#713,#723,.T.);
#721 = VERTEX_POINT('',#722);
#722 = CARTESIAN_POINT('',(63.435359573364,-73.39905200004,2.09));
#723 = LINE('',#724,#725);
#724 = CARTESIAN_POINT('',(63.430987263129,-73.38113129099,2.09));
#725 = VECTOR('',#726,1.);
#726 = DIRECTION('',(-0.237028099672,0.971502794626,0.));
#727 = ORIENTED_EDGE('',*,*,#728,.F.);
#728 = EDGE_CURVE('',#729,#721,#731,.T.);
#729 = VERTEX_POINT('',#730);
#730 = CARTESIAN_POINT('',(63.434160232544,-73.8916639328,2.09));
#731 = LINE('',#732,#733);
#732 = CARTESIAN_POINT('',(63.429267173555,-75.90141729465,2.09));
#733 = VECTOR('',#734,1.);
#734 = DIRECTION('',(2.434649236052E-03,0.999997036237,0.));
#735 = ORIENTED_EDGE('',*,*,#736,.F.);
#736 = EDGE_CURVE('',#737,#729,#739,.T.);
#737 = VERTEX_POINT('',#738);
#738 = CARTESIAN_POINT('',(63.083159637451,-75.85074796676,2.09));
#739 = LINE('',#740,#741);
#740 = CARTESIAN_POINT('',(62.693366985595,-78.02634701555,2.09));
#741 = VECTOR('',#742,1.);
#742 = DIRECTION('',(0.176357457002,0.984326189512,0.));
#743 = ORIENTED_EDGE('',*,*,#744,.F.);
#744 = EDGE_CURVE('',#745,#737,#747,.T.);
#745 = VERTEX_POINT('',#746);
#746 = CARTESIAN_POINT('',(62.524559783936,-77.76102809906,2.09));
#747 = LINE('',#748,#749);
#748 = CARTESIAN_POINT('',(61.926603701179,-79.80589727989,2.09));
#749 = VECTOR('',#750,1.);
#750 = DIRECTION('',(0.280664325488,0.959805988936,0.));
#751 = ORIENTED_EDGE('',*,*,#752,.F.);
#752 = EDGE_CURVE('',#753,#745,#755,.T.);
#753 = VERTEX_POINT('',#754);
#754 = CARTESIAN_POINT('',(61.764840316772,-79.60059204101,2.09));
#755 = LINE('',#756,#757);
#756 = CARTESIAN_POINT('',(60.995830428982,-81.46265155341,2.09));
#757 = VECTOR('',#758,1.);
#758 = DIRECTION('',(0.381717051112,0.924279228854,0.));
#759 = ORIENTED_EDGE('',*,*,#760,.F.);
#760 = EDGE_CURVE('',#761,#753,#763,.T.);
#761 = VERTEX_POINT('',#762);
#762 = CARTESIAN_POINT('',(60.812640380859,-81.34830856323,2.09));
#763 = LINE('',#764,#765);
#764 = CARTESIAN_POINT('',(59.920620595179,-82.98556735603,2.09));
#765 = VECTOR('',#766,1.);
#766 = DIRECTION('',(0.478426123617,0.878127806325,0.));
#767 = ORIENTED_EDGE('',*,*,#768,.F.);
#768 = EDGE_CURVE('',#769,#761,#771,.T.);
#769 = VERTEX_POINT('',#770);
#770 = CARTESIAN_POINT('',(59.678879928589,-82.98412361145,2.09));
#771 = LINE('',#772,#773);
#772 = CARTESIAN_POINT('',(58.72101437908,-84.36615354283,2.09));
#773 = VECTOR('',#774,1.);
#774 = DIRECTION('',(0.569642308357,0.821892718383,0.));
#775 = ORIENTED_EDGE('',*,*,#776,.F.);
#776 = EDGE_CURVE('',#777,#769,#779,.T.);
#777 = VERTEX_POINT('',#778);
#778 = CARTESIAN_POINT('',(58.376639556885,-84.48920021057,2.09));
#779 = LINE('',#780,#781);
#780 = CARTESIAN_POINT('',(57.416240255237,-85.59919076694,2.09));
#781 = VECTOR('',#782,1.);
#782 = DIRECTION('',(0.654310732095,0.756225803491,0.));
#783 = ORIENTED_EDGE('',*,*,#784,.F.);
#784 = EDGE_CURVE('',#785,#777,#787,.T.);
#785 = VERTEX_POINT('',#786);
#786 = CARTESIAN_POINT('',(56.920872116089,-85.84639968872,2.09));
#787 = LINE('',#788,#789);
#788 = CARTESIAN_POINT('',(56.024540146449,-86.68204228337,2.09));
#789 = VECTOR('',#790,1.);
#790 = DIRECTION('',(0.731435299896,0.681910846128,0.));
#791 = ORIENTED_EDGE('',*,*,#792,.F.);
#792 = EDGE_CURVE('',#793,#785,#795,.T.);
#793 = VERTEX_POINT('',#794);
#794 = CARTESIAN_POINT('',(55.328256225586,-87.0400402069,2.09));
#795 = LINE('',#796,#797);
#796 = CARTESIAN_POINT('',(54.561710545413,-87.61455411723,2.09));
#797 = VECTOR('',#798,1.);
#798 = DIRECTION('',(0.800198055367,0.599735835337,0.));
#799 = ORIENTED_EDGE('',*,*,#800,.F.);
#800 = EDGE_CURVE('',#801,#793,#803,.T.);
#801 = VERTEX_POINT('',#802);
#802 = CARTESIAN_POINT('',(53.617056083679,-88.05644035339,2.09));
#803 = LINE('',#804,#805);
#804 = CARTESIAN_POINT('',(53.042740491355,-88.39756611529,2.09));
#805 = VECTOR('',#806,1.);
#806 = DIRECTION('',(0.85977200701,0.510678074684,0.));
#807 = ORIENTED_EDGE('',*,*,#808,.F.);
#808 = EDGE_CURVE('',#809,#801,#811,.T.);
#809 = VERTEX_POINT('',#810);
#810 = CARTESIAN_POINT('',(51.806952095032,-88.88384017944,2.09));
#811 = LINE('',#812,#813);
#812 = CARTESIAN_POINT('',(51.480279945983,-89.03316225209,2.09));
#813 = VECTOR('',#814,1.);
#814 = DIRECTION('',(0.90948896792,0.415728056825,0.));
#815 = ORIENTED_EDGE('',*,*,#816,.F.);
#816 = EDGE_CURVE('',#817,#809,#819,.T.);
#817 = VERTEX_POINT('',#818);
#818 = CARTESIAN_POINT('',(49.918703842163,-89.51299972534,2.09));
#819 = LINE('',#820,#821);
#820 = CARTESIAN_POINT('',(49.886402695602,-89.52376238574,2.09));
#821 = VECTOR('',#822,1.);
#822 = DIRECTION('',(0.948721959116,0.316111759179,0.));
#823 = ORIENTED_EDGE('',*,*,#824,.F.);
#824 = EDGE_CURVE('',#825,#817,#827,.T.);
#825 = VERTEX_POINT('',#826);
#826 = CARTESIAN_POINT('',(47.973995876312,-89.93636016845,2.09));
#827 = LINE('',#828,#829);
#828 = CARTESIAN_POINT('',(48.268949263117,-89.87214919245,2.09));
#829 = VECTOR('',#830,1.);
#830 = DIRECTION('',(0.977113967698,0.21271646417,0.));
#831 = ORIENTED_EDGE('',*,*,#832,.F.);
#832 = EDGE_CURVE('',#833,#825,#835,.T.);
#833 = VERTEX_POINT('',#834);
#834 = CARTESIAN_POINT('',(45.995140814781,-90.14935989379,2.09));
#835 = LINE('',#836,#837);
#836 = CARTESIAN_POINT('',(46.638076481309,-90.08015567412,2.09));
#837 = VECTOR('',#838,1.);
#838 = DIRECTION('',(0.994256901833,0.107019685841,0.));
#839 = ORIENTED_EDGE('',*,*,#840,.F.);
#840 = EDGE_CURVE('',#841,#833,#843,.T.);
#841 = VERTEX_POINT('',#842);
#842 = CARTESIAN_POINT('',(44.004865193367,-90.14935989379,2.09));
#843 = LINE('',#844,#845);
#844 = CARTESIAN_POINT('',(44.99970661026,-90.14935989379,2.09));
#845 = VECTOR('',#846,1.);
#846 = DIRECTION('',(1.,0.,0.));
#847 = ORIENTED_EDGE('',*,*,#848,.F.);
#848 = EDGE_CURVE('',#849,#841,#851,.T.);
#849 = VERTEX_POINT('',#850);
#850 = CARTESIAN_POINT('',(42.026016139984,-89.93636016845,2.09));
#851 = LINE('',#852,#853);
#852 = CARTESIAN_POINT('',(43.361343096594,-90.08009234171,2.09));
#853 = VECTOR('',#854,1.);
#854 = DIRECTION('',(0.994256867259,-0.107020007051,0.));
#855 = ORIENTED_EDGE('',*,*,#856,.F.);
#856 = EDGE_CURVE('',#857,#849,#859,.T.);
#857 = VERTEX_POINT('',#858);
#858 = CARTESIAN_POINT('',(40.081296157837,-89.51299972534,2.09));
#859 = LINE('',#860,#861);
#860 = CARTESIAN_POINT('',(41.730498615074,-89.87202677781,2.09));
#861 = VECTOR('',#862,1.);
#862 = DIRECTION('',(0.977114240885,-0.212715209281,0.));
#863 = ORIENTED_EDGE('',*,*,#864,.F.);
#864 = EDGE_CURVE('',#865,#857,#867,.T.);
#865 = VERTEX_POINT('',#866);
#866 = CARTESIAN_POINT('',(38.193047904968,-88.8839603424,2.09));
#867 = LINE('',#868,#869);
#868 = CARTESIAN_POINT('',(40.113412195219,-89.52369866405,2.09));
#869 = VECTOR('',#870,1.);
#870 = DIRECTION('',(0.948740064221,-0.316057416527,0.));
#871 = ORIENTED_EDGE('',*,*,#872,.F.);
#872 = EDGE_CURVE('',#873,#865,#875,.T.);
#873 = VERTEX_POINT('',#874);
#874 = CARTESIAN_POINT('',(36.382943916321,-88.05644035339,2.09));
#875 = LINE('',#876,#877);
#876 = CARTESIAN_POINT('',(38.518874675341,-89.03291762172,2.09));
#877 = VECTOR('',#878,1.);
#878 = DIRECTION('',(0.909466138941,-0.415777996195,0.));
#879 = ORIENTED_EDGE('',*,*,#880,.F.);
#880 = EDGE_CURVE('',#881,#873,#883,.T.);
#881 = VERTEX_POINT('',#882);
#882 = CARTESIAN_POINT('',(34.671756362915,-87.0400402069,2.09));
#883 = LINE('',#884,#885);
#884 = CARTESIAN_POINT('',(36.956806780209,-88.39729971609,2.09));
#885 = VECTOR('',#886,1.);
#886 = DIRECTION('',(0.859770357501,-0.510680851768,0.));
#887 = ORIENTED_EDGE('',*,*,#888,.F.);
#888 = EDGE_CURVE('',#889,#881,#891,.T.);
#889 = VERTEX_POINT('',#890);
#890 = CARTESIAN_POINT('',(33.079127883911,-85.84639968872,2.09));
#891 = LINE('',#892,#893);
#892 = CARTESIAN_POINT('',(35.4379407699,-87.61427880972,2.09));
#893 = VECTOR('',#894,1.);
#894 = DIRECTION('',(0.800200330345,-0.599732799934,0.));
#895 = ORIENTED_EDGE('',*,*,#896,.F.);
#896 = EDGE_CURVE('',#897,#889,#899,.T.);
#897 = VERTEX_POINT('',#898);
#898 = CARTESIAN_POINT('',(31.623360443115,-84.48920021057,2.09));
#899 = LINE('',#900,#901);
#900 = CARTESIAN_POINT('',(33.975144320766,-86.68174811487,2.09));
#901 = VECTOR('',#902,1.);
#902 = DIRECTION('',(0.731435299896,-0.681910846128,0.));
#903 = ORIENTED_EDGE('',*,*,#904,.F.);
#904 = EDGE_CURVE('',#905,#897,#907,.T.);
#905 = VERTEX_POINT('',#906);
#906 = CARTESIAN_POINT('',(30.321120071411,-82.98412361145,2.09));
#907 = LINE('',#908,#909);
#908 = CARTESIAN_POINT('',(32.583507245133,-85.59889893811,2.09));
#909 = VECTOR('',#910,1.);
#910 = DIRECTION('',(0.654310732095,-0.756225803491,0.));
#911 = ORIENTED_EDGE('',*,*,#912,.F.);
#912 = EDGE_CURVE('',#913,#905,#915,.T.);
#913 = VERTEX_POINT('',#914);
#914 = CARTESIAN_POINT('',(29.187359619141,-81.34832000732,2.09));
#915 = LINE('',#916,#917);
#916 = CARTESIAN_POINT('',(31.278813949444,-84.36589618448,2.09));
#917 = VECTOR('',#918,1.);
#918 = DIRECTION('',(0.569645000395,-0.821890852562,0.));
#919 = ORIENTED_EDGE('',*,*,#920,.F.);
#920 = EDGE_CURVE('',#921,#913,#923,.T.);
#921 = VERTEX_POINT('',#922);
#922 = CARTESIAN_POINT('',(28.235159683228,-79.60060405731,2.09));
#923 = LINE('',#924,#925);
#924 = CARTESIAN_POINT('',(30.079242797465,-82.98532752802,2.09));
#925 = VECTOR('',#926,1.);
#926 = DIRECTION('',(0.478426244402,-0.878127740518,0.));
#927 = ORIENTED_EDGE('',*,*,#928,.F.);
#928 = EDGE_CURVE('',#929,#921,#931,.T.);
#929 = VERTEX_POINT('',#930);
#930 = CARTESIAN_POINT('',(27.475440216064,-77.76104011535,2.09));
#931 = LINE('',#932,#933);
#932 = CARTESIAN_POINT('',(29.004081515137,-81.46245035361,2.09));
#933 = VECTOR('',#934,1.);
#934 = DIRECTION('',(0.381717051112,-0.924279228854,0.));
#935 = ORIENTED_EDGE('',*,*,#936,.F.);
#936 = EDGE_CURVE('',#609,#929,#937,.T.);
#937 = LINE('',#938,#939);
#938 = CARTESIAN_POINT('',(28.073339971527,-79.80572953178,2.09));
#939 = VECTOR('',#940,1.);
#940 = DIRECTION('',(0.280662699096,-0.959806464521,0.));
#941 = PLANE('',#942);
#942 = AXIS2_PLACEMENT_3D('',#943,#944,#945);
#943 = CARTESIAN_POINT('',(44.999410216446,-78.11261962564,2.09));
#944 = DIRECTION('',(0.,0.,1.));
#945 = DIRECTION('',(1.,0.,0.));
#946 = ADVANCED_FACE('',(#947),#959,.T.);
#947 = FACE_BOUND('',#948,.T.);
#948 = EDGE_LOOP('',(#949,#950,#951,#958));
#949 = ORIENTED_EDGE('',*,*,#130,.F.);
#950 = ORIENTED_EDGE('',*,*,#519,.T.);
#951 = ORIENTED_EDGE('',*,*,#952,.T.);
#952 = EDGE_CURVE('',#520,#588,#953,.T.);
#953 = CIRCLE('',#954,0.8);
#954 = AXIS2_PLACEMENT_3D('',#955,#956,#957);
#955 = CARTESIAN_POINT('',(64.257340573379,-73.12553708915,1.29));
#956 = DIRECTION('',(-8.427785471101E-02,-0.996442292963,0.));
#957 = DIRECTION('',(0.996442292963,-8.427785471101E-02,0.));
#958 = ORIENTED_EDGE('',*,*,#587,.F.);
#959 = TOROIDAL_SURFACE('',#960,19.350034500254,0.8);
#960 = AXIS2_PLACEMENT_3D('',#961,#962,#963);
#961 = CARTESIAN_POINT('',(44.976147827033,-71.49475769289,1.29));
#962 = DIRECTION('',(0.,0.,1.));
#963 = DIRECTION('',(-0.994888610978,-0.100978471701,0.));
#964 = ADVANCED_FACE('',(#965),#981,.F.);
#965 = FACE_BOUND('',#966,.F.);
#966 = EDGE_LOOP('',(#967,#973,#974,#980));
#967 = ORIENTED_EDGE('',*,*,#968,.T.);
#968 = EDGE_CURVE('',#607,#175,#969,.T.);
#969 = LINE('',#970,#971);
#970 = CARTESIAN_POINT('',(26.56595993042,-73.8916639328,20.824000549316
    ));
#971 = VECTOR('',#972,1.);
#972 = DIRECTION('',(0.,0.,-1.));
#973 = ORIENTED_EDGE('',*,*,#174,.T.);
#974 = ORIENTED_EDGE('',*,*,#975,.T.);
#975 = EDGE_CURVE('',#177,#609,#976,.T.);
#976 = LINE('',#977,#978);
#977 = CARTESIAN_POINT('',(26.916840362549,-75.85074796676,-8.));
#978 = VECTOR('',#979,1.);
#979 = DIRECTION('',(0.,0.,1.));
#980 = ORIENTED_EDGE('',*,*,#606,.F.);
#981 = PLANE('',#982);
#982 = AXIS2_PLACEMENT_3D('',#983,#984,#985);
#983 = CARTESIAN_POINT('',(26.741400146484,-74.87120594978,
    6.412000274658));
#984 = DIRECTION('',(-0.984336668566,-0.176298958921,-0.));
#985 = DIRECTION('',(0.176298958921,-0.984336668566,0.));
#986 = ADVANCED_FACE('',(#987),#998,.F.);
#987 = FACE_BOUND('',#988,.F.);
#988 = EDGE_LOOP('',(#989,#990,#991,#997));
#989 = ORIENTED_EDGE('',*,*,#975,.F.);
#990 = ORIENTED_EDGE('',*,*,#504,.T.);
#991 = ORIENTED_EDGE('',*,*,#992,.F.);
#992 = EDGE_CURVE('',#929,#497,#993,.T.);
#993 = LINE('',#994,#995);
#994 = CARTESIAN_POINT('',(27.475440216064,-77.76104011535,
    20.824000549316));
#995 = VECTOR('',#996,1.);
#996 = DIRECTION('',(0.,0.,-1.));
#997 = ORIENTED_EDGE('',*,*,#936,.F.);
#998 = PLANE('',#999);
#999 = AXIS2_PLACEMENT_3D('',#1000,#1001,#1002);
#1000 = CARTESIAN_POINT('',(27.196140289307,-76.80589404106,
    6.412000274658));
#1001 = DIRECTION('',(-0.959806464521,-0.280662699096,-0.));
#1002 = DIRECTION('',(0.280662699096,-0.959806464521,0.));
#1003 = ADVANCED_FACE('',(#1004),#1015,.F.);
#1004 = FACE_BOUND('',#1005,.F.);
#1005 = EDGE_LOOP('',(#1006,#1007,#1008,#1009));
#1006 = ORIENTED_EDGE('',*,*,#928,.F.);
#1007 = ORIENTED_EDGE('',*,*,#992,.T.);
#1008 = ORIENTED_EDGE('',*,*,#496,.T.);
#1009 = ORIENTED_EDGE('',*,*,#1010,.T.);
#1010 = EDGE_CURVE('',#489,#921,#1011,.T.);
#1011 = LINE('',#1012,#1013);
#1012 = CARTESIAN_POINT('',(28.235159683228,-79.60060405731,-8.));
#1013 = VECTOR('',#1014,1.);
#1014 = DIRECTION('',(0.,0.,1.));
#1015 = PLANE('',#1016);
#1016 = AXIS2_PLACEMENT_3D('',#1017,#1018,#1019);
#1017 = CARTESIAN_POINT('',(27.855299949646,-78.68082208633,
    6.412000274658));
#1018 = DIRECTION('',(-0.924279228854,-0.381717051112,-0.));
#1019 = DIRECTION('',(0.381717051112,-0.924279228854,0.));
#1020 = ADVANCED_FACE('',(#1021),#1032,.F.);
#1021 = FACE_BOUND('',#1022,.F.);
#1022 = EDGE_LOOP('',(#1023,#1024,#1030,#1031));
#1023 = ORIENTED_EDGE('',*,*,#488,.T.);
#1024 = ORIENTED_EDGE('',*,*,#1025,.T.);
#1025 = EDGE_CURVE('',#481,#913,#1026,.T.);
#1026 = LINE('',#1027,#1028);
#1027 = CARTESIAN_POINT('',(29.187359619141,-81.34832000732,-8.));
#1028 = VECTOR('',#1029,1.);
#1029 = DIRECTION('',(0.,0.,1.));
#1030 = ORIENTED_EDGE('',*,*,#920,.F.);
#1031 = ORIENTED_EDGE('',*,*,#1010,.F.);
#1032 = PLANE('',#1033);
#1033 = AXIS2_PLACEMENT_3D('',#1034,#1035,#1036);
#1034 = CARTESIAN_POINT('',(28.711259651184,-80.47446203231,
    6.412000274658));
#1035 = DIRECTION('',(-0.878127740518,-0.478426244402,-0.));
#1036 = DIRECTION('',(0.478426244402,-0.878127740518,0.));
#1037 = ADVANCED_FACE('',(#1038),#1049,.F.);
#1038 = FACE_BOUND('',#1039,.F.);
#1039 = EDGE_LOOP('',(#1040,#1041,#1042,#1048));
#1040 = ORIENTED_EDGE('',*,*,#1025,.F.);
#1041 = ORIENTED_EDGE('',*,*,#480,.T.);
#1042 = ORIENTED_EDGE('',*,*,#1043,.F.);
#1043 = EDGE_CURVE('',#905,#473,#1044,.T.);
#1044 = LINE('',#1045,#1046);
#1045 = CARTESIAN_POINT('',(30.321120071411,-82.98412361145,
    20.824000549316));
#1046 = VECTOR('',#1047,1.);
#1047 = DIRECTION('',(0.,0.,-1.));
#1048 = ORIENTED_EDGE('',*,*,#912,.F.);
#1049 = PLANE('',#1050);
#1050 = AXIS2_PLACEMENT_3D('',#1051,#1052,#1053);
#1051 = CARTESIAN_POINT('',(29.754239845276,-82.16622180938,
    6.412000274658));
#1052 = DIRECTION('',(-0.821890852562,-0.569645000395,-0.));
#1053 = DIRECTION('',(0.569645000395,-0.821890852562,0.));
#1054 = ADVANCED_FACE('',(#1055),#1066,.F.);
#1055 = FACE_BOUND('',#1056,.F.);
#1056 = EDGE_LOOP('',(#1057,#1058,#1059,#1060));
#1057 = ORIENTED_EDGE('',*,*,#904,.F.);
#1058 = ORIENTED_EDGE('',*,*,#1043,.T.);
#1059 = ORIENTED_EDGE('',*,*,#472,.T.);
#1060 = ORIENTED_EDGE('',*,*,#1061,.T.);
#1061 = EDGE_CURVE('',#465,#897,#1062,.T.);
#1062 = LINE('',#1063,#1064);
#1063 = CARTESIAN_POINT('',(31.623360443115,-84.48920021057,-8.));
#1064 = VECTOR('',#1065,1.);
#1065 = DIRECTION('',(0.,0.,1.));
#1066 = PLANE('',#1067);
#1067 = AXIS2_PLACEMENT_3D('',#1068,#1069,#1070);
#1068 = CARTESIAN_POINT('',(30.972240257263,-83.73666191101,
    6.412000274658));
#1069 = DIRECTION('',(-0.756225803491,-0.654310732095,-0.));
#1070 = DIRECTION('',(0.654310732095,-0.756225803491,0.));
#1071 = ADVANCED_FACE('',(#1072),#1083,.F.);
#1072 = FACE_BOUND('',#1073,.F.);
#1073 = EDGE_LOOP('',(#1074,#1075,#1081,#1082));
#1074 = ORIENTED_EDGE('',*,*,#464,.T.);
#1075 = ORIENTED_EDGE('',*,*,#1076,.T.);
#1076 = EDGE_CURVE('',#457,#889,#1077,.T.);
#1077 = LINE('',#1078,#1079);
#1078 = CARTESIAN_POINT('',(33.079127883911,-85.84639968872,-8.));
#1079 = VECTOR('',#1080,1.);
#1080 = DIRECTION('',(0.,0.,1.));
#1081 = ORIENTED_EDGE('',*,*,#896,.F.);
#1082 = ORIENTED_EDGE('',*,*,#1061,.F.);
#1083 = PLANE('',#1084);
#1084 = AXIS2_PLACEMENT_3D('',#1085,#1086,#1087);
#1085 = CARTESIAN_POINT('',(32.351244163513,-85.16779994964,
    6.412000274658));
#1086 = DIRECTION('',(-0.681910846128,-0.731435299896,-0.));
#1087 = DIRECTION('',(-0.731435299896,0.681910846128,0.));
#1088 = ADVANCED_FACE('',(#1089),#1100,.F.);
#1089 = FACE_BOUND('',#1090,.F.);
#1090 = EDGE_LOOP('',(#1091,#1092,#1098,#1099));
#1091 = ORIENTED_EDGE('',*,*,#456,.T.);
#1092 = ORIENTED_EDGE('',*,*,#1093,.T.);
#1093 = EDGE_CURVE('',#449,#881,#1094,.T.);
#1094 = LINE('',#1095,#1096);
#1095 = CARTESIAN_POINT('',(34.671756362915,-87.0400402069,-8.));
#1096 = VECTOR('',#1097,1.);
#1097 = DIRECTION('',(0.,0.,1.));
#1098 = ORIENTED_EDGE('',*,*,#888,.F.);
#1099 = ORIENTED_EDGE('',*,*,#1076,.F.);
#1100 = PLANE('',#1101);
#1101 = AXIS2_PLACEMENT_3D('',#1102,#1103,#1104);
#1102 = CARTESIAN_POINT('',(33.875442123413,-86.44321994781,
    6.412000274658));
#1103 = DIRECTION('',(-0.599732799934,-0.800200330345,-0.));
#1104 = DIRECTION('',(-0.800200330345,0.599732799934,0.));
#1105 = ADVANCED_FACE('',(#1106),#1117,.F.);
#1106 = FACE_BOUND('',#1107,.F.);
#1107 = EDGE_LOOP('',(#1108,#1109,#1115,#1116));
#1108 = ORIENTED_EDGE('',*,*,#448,.T.);
#1109 = ORIENTED_EDGE('',*,*,#1110,.T.);
#1110 = EDGE_CURVE('',#441,#873,#1111,.T.);
#1111 = LINE('',#1112,#1113);
#1112 = CARTESIAN_POINT('',(36.382943916321,-88.05644035339,-8.));
#1113 = VECTOR('',#1114,1.);
#1114 = DIRECTION('',(0.,0.,1.));
#1115 = ORIENTED_EDGE('',*,*,#880,.F.);
#1116 = ORIENTED_EDGE('',*,*,#1093,.F.);
#1117 = PLANE('',#1118);
#1118 = AXIS2_PLACEMENT_3D('',#1119,#1120,#1121);
#1119 = CARTESIAN_POINT('',(35.527350139618,-87.54824028015,
    6.412000274658));
#1120 = DIRECTION('',(-0.510680851768,-0.859770357501,-0.));
#1121 = DIRECTION('',(-0.859770357501,0.510680851768,0.));
#1122 = ADVANCED_FACE('',(#1123),#1134,.F.);
#1123 = FACE_BOUND('',#1124,.F.);
#1124 = EDGE_LOOP('',(#1125,#1126,#1127,#1133));
#1125 = ORIENTED_EDGE('',*,*,#1110,.F.);
#1126 = ORIENTED_EDGE('',*,*,#440,.T.);
#1127 = ORIENTED_EDGE('',*,*,#1128,.T.);
#1128 = EDGE_CURVE('',#433,#865,#1129,.T.);
#1129 = LINE('',#1130,#1131);
#1130 = CARTESIAN_POINT('',(38.193047904968,-88.8839603424,-8.));
#1131 = VECTOR('',#1132,1.);
#1132 = DIRECTION('',(0.,0.,1.));
#1133 = ORIENTED_EDGE('',*,*,#872,.F.);
#1134 = PLANE('',#1135);
#1135 = AXIS2_PLACEMENT_3D('',#1136,#1137,#1138);
#1136 = CARTESIAN_POINT('',(37.287995910645,-88.4702003479,
    6.412000274658));
#1137 = DIRECTION('',(-0.415777996195,-0.909466138941,-0.));
#1138 = DIRECTION('',(-0.909466138941,0.415777996195,0.));
#1139 = ADVANCED_FACE('',(#1140),#1151,.F.);
#1140 = FACE_BOUND('',#1141,.F.);
#1141 = EDGE_LOOP('',(#1142,#1143,#1149,#1150));
#1142 = ORIENTED_EDGE('',*,*,#432,.T.);
#1143 = ORIENTED_EDGE('',*,*,#1144,.T.);
#1144 = EDGE_CURVE('',#425,#857,#1145,.T.);
#1145 = LINE('',#1146,#1147);
#1146 = CARTESIAN_POINT('',(40.081296157837,-89.51299972534,-8.));
#1147 = VECTOR('',#1148,1.);
#1148 = DIRECTION('',(0.,0.,1.));
#1149 = ORIENTED_EDGE('',*,*,#864,.F.);
#1150 = ORIENTED_EDGE('',*,*,#1128,.F.);
#1151 = PLANE('',#1152);
#1152 = AXIS2_PLACEMENT_3D('',#1153,#1154,#1155);
#1153 = CARTESIAN_POINT('',(39.137172031403,-89.19848003387,
    6.412000274658));
#1154 = DIRECTION('',(-0.316057416527,-0.948740064221,-0.));
#1155 = DIRECTION('',(-0.948740064221,0.316057416527,0.));
#1156 = ADVANCED_FACE('',(#1157),#1168,.F.);
#1157 = FACE_BOUND('',#1158,.F.);
#1158 = EDGE_LOOP('',(#1159,#1160,#1161,#1167));
#1159 = ORIENTED_EDGE('',*,*,#1144,.F.);
#1160 = ORIENTED_EDGE('',*,*,#424,.T.);
#1161 = ORIENTED_EDGE('',*,*,#1162,.T.);
#1162 = EDGE_CURVE('',#417,#849,#1163,.T.);
#1163 = LINE('',#1164,#1165);
#1164 = CARTESIAN_POINT('',(42.026016139984,-89.93636016845,-8.));
#1165 = VECTOR('',#1166,1.);
#1166 = DIRECTION('',(0.,0.,1.));
#1167 = ORIENTED_EDGE('',*,*,#856,.F.);
#1168 = PLANE('',#1169);
#1169 = AXIS2_PLACEMENT_3D('',#1170,#1171,#1172);
#1170 = CARTESIAN_POINT('',(41.053656148911,-89.72467994689,
    6.412000274658));
#1171 = DIRECTION('',(-0.212715209281,-0.977114240885,-0.));
#1172 = DIRECTION('',(-0.977114240885,0.212715209281,0.));
#1173 = ADVANCED_FACE('',(#1174),#1185,.F.);
#1174 = FACE_BOUND('',#1175,.F.);
#1175 = EDGE_LOOP('',(#1176,#1177,#1178,#1184));
#1176 = ORIENTED_EDGE('',*,*,#1162,.F.);
#1177 = ORIENTED_EDGE('',*,*,#416,.T.);
#1178 = ORIENTED_EDGE('',*,*,#1179,.T.);
#1179 = EDGE_CURVE('',#409,#841,#1180,.T.);
#1180 = LINE('',#1181,#1182);
#1181 = CARTESIAN_POINT('',(44.004865193367,-90.14935989379,-8.));
#1182 = VECTOR('',#1183,1.);
#1183 = DIRECTION('',(0.,0.,1.));
#1184 = ORIENTED_EDGE('',*,*,#848,.F.);
#1185 = PLANE('',#1186);
#1186 = AXIS2_PLACEMENT_3D('',#1187,#1188,#1189);
#1187 = CARTESIAN_POINT('',(43.015440666676,-90.04286003112,
    6.412000274658));
#1188 = DIRECTION('',(-0.107020007051,-0.994256867259,-0.));
#1189 = DIRECTION('',(-0.994256867259,0.107020007051,0.));
#1190 = ADVANCED_FACE('',(#1191),#1202,.F.);
#1191 = FACE_BOUND('',#1192,.F.);
#1192 = EDGE_LOOP('',(#1193,#1194,#1195,#1201));
#1193 = ORIENTED_EDGE('',*,*,#1179,.F.);
#1194 = ORIENTED_EDGE('',*,*,#408,.T.);
#1195 = ORIENTED_EDGE('',*,*,#1196,.T.);
#1196 = EDGE_CURVE('',#401,#833,#1197,.T.);
#1197 = LINE('',#1198,#1199);
#1198 = CARTESIAN_POINT('',(45.995140814781,-90.14935989379,-8.));
#1199 = VECTOR('',#1200,1.);
#1200 = DIRECTION('',(0.,0.,1.));
#1201 = ORIENTED_EDGE('',*,*,#840,.F.);
#1202 = PLANE('',#1203);
#1203 = AXIS2_PLACEMENT_3D('',#1204,#1205,#1206);
#1204 = CARTESIAN_POINT('',(45.000003004074,-90.14935989379,
    6.412000274658));
#1205 = DIRECTION('',(-0.,-1.,-0.));
#1206 = DIRECTION('',(0.,0.,-1.));
#1207 = ADVANCED_FACE('',(#1208),#1219,.F.);
#1208 = FACE_BOUND('',#1209,.F.);
#1209 = EDGE_LOOP('',(#1210,#1211,#1212,#1218));
#1210 = ORIENTED_EDGE('',*,*,#1196,.F.);
#1211 = ORIENTED_EDGE('',*,*,#400,.T.);
#1212 = ORIENTED_EDGE('',*,*,#1213,.T.);
#1213 = EDGE_CURVE('',#393,#825,#1214,.T.);
#1214 = LINE('',#1215,#1216);
#1215 = CARTESIAN_POINT('',(47.973995876312,-89.93636016845,-8.));
#1216 = VECTOR('',#1217,1.);
#1217 = DIRECTION('',(0.,0.,1.));
#1218 = ORIENTED_EDGE('',*,*,#832,.F.);
#1219 = PLANE('',#1220);
#1220 = AXIS2_PLACEMENT_3D('',#1221,#1222,#1223);
#1221 = CARTESIAN_POINT('',(46.984568345547,-90.04286003112,
    6.412000274658));
#1222 = DIRECTION('',(0.107019685841,-0.994256901833,0.));
#1223 = DIRECTION('',(-0.994256901833,-0.107019685841,0.));
#1224 = ADVANCED_FACE('',(#1225),#1236,.F.);
#1225 = FACE_BOUND('',#1226,.F.);
#1226 = EDGE_LOOP('',(#1227,#1228,#1229,#1235));
#1227 = ORIENTED_EDGE('',*,*,#1213,.F.);
#1228 = ORIENTED_EDGE('',*,*,#392,.T.);
#1229 = ORIENTED_EDGE('',*,*,#1230,.T.);
#1230 = EDGE_CURVE('',#385,#817,#1231,.T.);
#1231 = LINE('',#1232,#1233);
#1232 = CARTESIAN_POINT('',(49.918703842163,-89.51299972534,-8.));
#1233 = VECTOR('',#1234,1.);
#1234 = DIRECTION('',(0.,0.,1.));
#1235 = ORIENTED_EDGE('',*,*,#824,.F.);
#1236 = PLANE('',#1237);
#1237 = AXIS2_PLACEMENT_3D('',#1238,#1239,#1240);
#1238 = CARTESIAN_POINT('',(48.946349859238,-89.72467994689,
    6.412000274658));
#1239 = DIRECTION('',(0.21271646417,-0.977113967698,0.));
#1240 = DIRECTION('',(-0.977113967698,-0.21271646417,0.));
#1241 = ADVANCED_FACE('',(#1242),#1253,.F.);
#1242 = FACE_BOUND('',#1243,.F.);
#1243 = EDGE_LOOP('',(#1244,#1245,#1246,#1252));
#1244 = ORIENTED_EDGE('',*,*,#1230,.F.);
#1245 = ORIENTED_EDGE('',*,*,#384,.T.);
#1246 = ORIENTED_EDGE('',*,*,#1247,.T.);
#1247 = EDGE_CURVE('',#377,#809,#1248,.T.);
#1248 = LINE('',#1249,#1250);
#1249 = CARTESIAN_POINT('',(51.806952095032,-88.88384017944,-8.));
#1250 = VECTOR('',#1251,1.);
#1251 = DIRECTION('',(0.,0.,1.));
#1252 = ORIENTED_EDGE('',*,*,#816,.F.);
#1253 = PLANE('',#1254);
#1254 = AXIS2_PLACEMENT_3D('',#1255,#1256,#1257);
#1255 = CARTESIAN_POINT('',(50.862827968597,-89.19841995239,
    6.412000274658));
#1256 = DIRECTION('',(0.316111759179,-0.948721959116,0.));
#1257 = DIRECTION('',(-0.948721959116,-0.316111759179,0.));
#1258 = ADVANCED_FACE('',(#1259),#1270,.F.);
#1259 = FACE_BOUND('',#1260,.F.);
#1260 = EDGE_LOOP('',(#1261,#1262,#1263,#1269));
#1261 = ORIENTED_EDGE('',*,*,#1247,.F.);
#1262 = ORIENTED_EDGE('',*,*,#376,.T.);
#1263 = ORIENTED_EDGE('',*,*,#1264,.T.);
#1264 = EDGE_CURVE('',#369,#801,#1265,.T.);
#1265 = LINE('',#1266,#1267);
#1266 = CARTESIAN_POINT('',(53.617056083679,-88.05644035339,-8.));
#1267 = VECTOR('',#1268,1.);
#1268 = DIRECTION('',(0.,0.,1.));
#1269 = ORIENTED_EDGE('',*,*,#808,.F.);
#1270 = PLANE('',#1271);
#1271 = AXIS2_PLACEMENT_3D('',#1272,#1273,#1274);
#1272 = CARTESIAN_POINT('',(52.712004089355,-88.47014026641,
    6.412000274658));
#1273 = DIRECTION('',(0.415728056825,-0.90948896792,0.));
#1274 = DIRECTION('',(-0.90948896792,-0.415728056825,0.));
#1275 = ADVANCED_FACE('',(#1276),#1287,.F.);
#1276 = FACE_BOUND('',#1277,.F.);
#1277 = EDGE_LOOP('',(#1278,#1279,#1280,#1286));
#1278 = ORIENTED_EDGE('',*,*,#1264,.F.);
#1279 = ORIENTED_EDGE('',*,*,#368,.T.);
#1280 = ORIENTED_EDGE('',*,*,#1281,.T.);
#1281 = EDGE_CURVE('',#361,#793,#1282,.T.);
#1282 = LINE('',#1283,#1284);
#1283 = CARTESIAN_POINT('',(55.328256225586,-87.0400402069,-8.));
#1284 = VECTOR('',#1285,1.);
#1285 = DIRECTION('',(0.,0.,1.));
#1286 = ORIENTED_EDGE('',*,*,#800,.F.);
#1287 = PLANE('',#1288);
#1288 = AXIS2_PLACEMENT_3D('',#1289,#1290,#1291);
#1289 = CARTESIAN_POINT('',(54.472656154633,-87.54824028015,
    6.412000274658));
#1290 = DIRECTION('',(0.510678074684,-0.85977200701,0.));
#1291 = DIRECTION('',(-0.85977200701,-0.510678074684,0.));
#1292 = ADVANCED_FACE('',(#1293),#1304,.F.);
#1293 = FACE_BOUND('',#1294,.F.);
#1294 = EDGE_LOOP('',(#1295,#1296,#1297,#1303));
#1295 = ORIENTED_EDGE('',*,*,#1281,.F.);
#1296 = ORIENTED_EDGE('',*,*,#360,.T.);
#1297 = ORIENTED_EDGE('',*,*,#1298,.T.);
#1298 = EDGE_CURVE('',#353,#785,#1299,.T.);
#1299 = LINE('',#1300,#1301);
#1300 = CARTESIAN_POINT('',(56.920872116089,-85.84639968872,-8.));
#1301 = VECTOR('',#1302,1.);
#1302 = DIRECTION('',(0.,0.,1.));
#1303 = ORIENTED_EDGE('',*,*,#792,.F.);
#1304 = PLANE('',#1305);
#1305 = AXIS2_PLACEMENT_3D('',#1306,#1307,#1308);
#1306 = CARTESIAN_POINT('',(56.124564170837,-86.44321994781,
    6.412000274658));
#1307 = DIRECTION('',(0.599735835337,-0.800198055367,0.));
#1308 = DIRECTION('',(-0.800198055367,-0.599735835337,0.));
#1309 = ADVANCED_FACE('',(#1310),#1321,.F.);
#1310 = FACE_BOUND('',#1311,.F.);
#1311 = EDGE_LOOP('',(#1312,#1313,#1314,#1320));
#1312 = ORIENTED_EDGE('',*,*,#1298,.F.);
#1313 = ORIENTED_EDGE('',*,*,#352,.T.);
#1314 = ORIENTED_EDGE('',*,*,#1315,.T.);
#1315 = EDGE_CURVE('',#345,#777,#1316,.T.);
#1316 = LINE('',#1317,#1318);
#1317 = CARTESIAN_POINT('',(58.376639556885,-84.48920021057,-8.));
#1318 = VECTOR('',#1319,1.);
#1319 = DIRECTION('',(0.,0.,1.));
#1320 = ORIENTED_EDGE('',*,*,#784,.F.);
#1321 = PLANE('',#1322);
#1322 = AXIS2_PLACEMENT_3D('',#1323,#1324,#1325);
#1323 = CARTESIAN_POINT('',(57.648755836487,-85.16779994964,
    6.412000274658));
#1324 = DIRECTION('',(0.681910846128,-0.731435299896,0.));
#1325 = DIRECTION('',(-0.731435299896,-0.681910846128,0.));
#1326 = ADVANCED_FACE('',(#1327),#1338,.F.);
#1327 = FACE_BOUND('',#1328,.F.);
#1328 = EDGE_LOOP('',(#1329,#1330,#1331,#1337));
#1329 = ORIENTED_EDGE('',*,*,#1315,.F.);
#1330 = ORIENTED_EDGE('',*,*,#344,.T.);
#1331 = ORIENTED_EDGE('',*,*,#1332,.T.);
#1332 = EDGE_CURVE('',#337,#769,#1333,.T.);
#1333 = LINE('',#1334,#1335);
#1334 = CARTESIAN_POINT('',(59.678879928589,-82.98412361145,-8.));
#1335 = VECTOR('',#1336,1.);
#1336 = DIRECTION('',(0.,0.,1.));
#1337 = ORIENTED_EDGE('',*,*,#776,.F.);
#1338 = PLANE('',#1339);
#1339 = AXIS2_PLACEMENT_3D('',#1340,#1341,#1342);
#1340 = CARTESIAN_POINT('',(59.027759742737,-83.73666191101,
    6.412000274658));
#1341 = DIRECTION('',(0.756225803491,-0.654310732095,0.));
#1342 = DIRECTION('',(0.654310732095,0.756225803491,0.));
#1343 = ADVANCED_FACE('',(#1344),#1355,.F.);
#1344 = FACE_BOUND('',#1345,.F.);
#1345 = EDGE_LOOP('',(#1346,#1347,#1348,#1354));
#1346 = ORIENTED_EDGE('',*,*,#1332,.F.);
#1347 = ORIENTED_EDGE('',*,*,#336,.T.);
#1348 = ORIENTED_EDGE('',*,*,#1349,.T.);
#1349 = EDGE_CURVE('',#329,#761,#1350,.T.);
#1350 = LINE('',#1351,#1352);
#1351 = CARTESIAN_POINT('',(60.812640380859,-81.34830856323,-8.));
#1352 = VECTOR('',#1353,1.);
#1353 = DIRECTION('',(0.,0.,1.));
#1354 = ORIENTED_EDGE('',*,*,#768,.F.);
#1355 = PLANE('',#1356);
#1356 = AXIS2_PLACEMENT_3D('',#1357,#1358,#1359);
#1357 = CARTESIAN_POINT('',(60.245760154724,-82.16621608734,
    6.412000274658));
#1358 = DIRECTION('',(0.821892718383,-0.569642308357,0.));
#1359 = DIRECTION('',(0.569642308357,0.821892718383,0.));
#1360 = ADVANCED_FACE('',(#1361),#1372,.F.);
#1361 = FACE_BOUND('',#1362,.F.);
#1362 = EDGE_LOOP('',(#1363,#1364,#1370,#1371));
#1363 = ORIENTED_EDGE('',*,*,#328,.T.);
#1364 = ORIENTED_EDGE('',*,*,#1365,.T.);
#1365 = EDGE_CURVE('',#321,#753,#1366,.T.);
#1366 = LINE('',#1367,#1368);
#1367 = CARTESIAN_POINT('',(61.764840316772,-79.60059204101,-8.));
#1368 = VECTOR('',#1369,1.);
#1369 = DIRECTION('',(0.,0.,1.));
#1370 = ORIENTED_EDGE('',*,*,#760,.F.);
#1371 = ORIENTED_EDGE('',*,*,#1349,.F.);
#1372 = PLANE('',#1373);
#1373 = AXIS2_PLACEMENT_3D('',#1374,#1375,#1376);
#1374 = CARTESIAN_POINT('',(61.288740348816,-80.47445030212,
    6.412000274658));
#1375 = DIRECTION('',(0.878127806325,-0.478426123617,0.));
#1376 = DIRECTION('',(0.478426123617,0.878127806325,0.));
#1377 = ADVANCED_FACE('',(#1378),#1389,.F.);
#1378 = FACE_BOUND('',#1379,.F.);
#1379 = EDGE_LOOP('',(#1380,#1381,#1382,#1388));
#1380 = ORIENTED_EDGE('',*,*,#1365,.F.);
#1381 = ORIENTED_EDGE('',*,*,#320,.T.);
#1382 = ORIENTED_EDGE('',*,*,#1383,.F.);
#1383 = EDGE_CURVE('',#745,#313,#1384,.T.);
#1384 = LINE('',#1385,#1386);
#1385 = CARTESIAN_POINT('',(62.524559783936,-77.76102809906,
    20.824000549316));
#1386 = VECTOR('',#1387,1.);
#1387 = DIRECTION('',(0.,0.,-1.));
#1388 = ORIENTED_EDGE('',*,*,#752,.F.);
#1389 = PLANE('',#1390);
#1390 = AXIS2_PLACEMENT_3D('',#1391,#1392,#1393);
#1391 = CARTESIAN_POINT('',(62.144700050354,-78.68081007003,
    6.412000274658));
#1392 = DIRECTION('',(0.924279228854,-0.381717051112,0.));
#1393 = DIRECTION('',(0.381717051112,0.924279228854,0.));
#1394 = ADVANCED_FACE('',(#1395),#1406,.F.);
#1395 = FACE_BOUND('',#1396,.F.);
#1396 = EDGE_LOOP('',(#1397,#1398,#1399,#1400));
#1397 = ORIENTED_EDGE('',*,*,#744,.F.);
#1398 = ORIENTED_EDGE('',*,*,#1383,.T.);
#1399 = ORIENTED_EDGE('',*,*,#312,.T.);
#1400 = ORIENTED_EDGE('',*,*,#1401,.T.);
#1401 = EDGE_CURVE('',#305,#737,#1402,.T.);
#1402 = LINE('',#1403,#1404);
#1403 = CARTESIAN_POINT('',(63.083159637451,-75.85074796676,-8.));
#1404 = VECTOR('',#1405,1.);
#1405 = DIRECTION('',(0.,0.,1.));
#1406 = PLANE('',#1407);
#1407 = AXIS2_PLACEMENT_3D('',#1408,#1409,#1410);
#1408 = CARTESIAN_POINT('',(62.803859710693,-76.80588803291,
    6.412000274658));
#1409 = DIRECTION('',(0.959805988936,-0.280664325488,0.));
#1410 = DIRECTION('',(0.280664325488,0.959805988936,0.));
#1411 = ADVANCED_FACE('',(#1412),#1423,.F.);
#1412 = FACE_BOUND('',#1413,.F.);
#1413 = EDGE_LOOP('',(#1414,#1415,#1421,#1422));
#1414 = ORIENTED_EDGE('',*,*,#304,.T.);
#1415 = ORIENTED_EDGE('',*,*,#1416,.T.);
#1416 = EDGE_CURVE('',#297,#729,#1417,.T.);
#1417 = LINE('',#1418,#1419);
#1418 = CARTESIAN_POINT('',(63.434160232544,-73.8916639328,-8.));
#1419 = VECTOR('',#1420,1.);
#1420 = DIRECTION('',(0.,0.,1.));
#1421 = ORIENTED_EDGE('',*,*,#736,.F.);
#1422 = ORIENTED_EDGE('',*,*,#1401,.F.);
#1423 = PLANE('',#1424);
#1424 = AXIS2_PLACEMENT_3D('',#1425,#1426,#1427);
#1425 = CARTESIAN_POINT('',(63.258659934998,-74.87120594978,
    6.412000274658));
#1426 = DIRECTION('',(0.984326189512,-0.176357457002,0.));
#1427 = DIRECTION('',(0.176357457002,0.984326189512,0.));
#1428 = ADVANCED_FACE('',(#1429),#1440,.F.);
#1429 = FACE_BOUND('',#1430,.F.);
#1430 = EDGE_LOOP('',(#1431,#1432,#1433,#1439));
#1431 = ORIENTED_EDGE('',*,*,#1416,.F.);
#1432 = ORIENTED_EDGE('',*,*,#296,.T.);
#1433 = ORIENTED_EDGE('',*,*,#1434,.F.);
#1434 = EDGE_CURVE('',#721,#289,#1435,.T.);
#1435 = LINE('',#1436,#1437);
#1436 = CARTESIAN_POINT('',(63.435359573364,-73.39905200004,
    20.824000549316));
#1437 = VECTOR('',#1438,1.);
#1438 = DIRECTION('',(0.,0.,-1.));
#1439 = ORIENTED_EDGE('',*,*,#728,.F.);
#1440 = PLANE('',#1441);
#1441 = AXIS2_PLACEMENT_3D('',#1442,#1443,#1444);
#1442 = CARTESIAN_POINT('',(63.434759902954,-73.64535796642,
    6.412000274658));
#1443 = DIRECTION('',(0.999997036237,-2.434649236052E-03,0.));
#1444 = DIRECTION('',(2.434649236052E-03,0.999997036237,0.));
#1445 = ADVANCED_FACE('',(#1446),#1457,.F.);
#1446 = FACE_BOUND('',#1447,.F.);
#1447 = EDGE_LOOP('',(#1448,#1449,#1450,#1451));
#1448 = ORIENTED_EDGE('',*,*,#720,.F.);
#1449 = ORIENTED_EDGE('',*,*,#1434,.T.);
#1450 = ORIENTED_EDGE('',*,*,#288,.T.);
#1451 = ORIENTED_EDGE('',*,*,#1452,.F.);
#1452 = EDGE_CURVE('',#713,#281,#1453,.T.);
#1453 = LINE('',#1454,#1455);
#1454 = CARTESIAN_POINT('',(63.318600082397,-72.9204919815,
    20.824000549316));
#1455 = VECTOR('',#1456,1.);
#1456 = DIRECTION('',(0.,0.,-1.));
#1457 = PLANE('',#1458);
#1458 = AXIS2_PLACEMENT_3D('',#1459,#1460,#1461);
#1459 = CARTESIAN_POINT('',(63.376979827881,-73.15977199077,
    6.412000274658));
#1460 = DIRECTION('',(0.971502794626,0.237028099672,0.));
#1461 = DIRECTION('',(-0.237028099672,0.971502794626,0.));
#1462 = ADVANCED_FACE('',(#1463),#1474,.F.);
#1463 = FACE_BOUND('',#1464,.F.);
#1464 = EDGE_LOOP('',(#1465,#1466,#1467,#1468));
#1465 = ORIENTED_EDGE('',*,*,#712,.F.);
#1466 = ORIENTED_EDGE('',*,*,#1452,.T.);
#1467 = ORIENTED_EDGE('',*,*,#280,.T.);
#1468 = ORIENTED_EDGE('',*,*,#1469,.T.);
#1469 = EDGE_CURVE('',#273,#705,#1470,.T.);
#1470 = LINE('',#1471,#1472);
#1471 = CARTESIAN_POINT('',(63.090480422974,-72.48387920856,-8.));
#1472 = VECTOR('',#1473,1.);
#1473 = DIRECTION('',(0.,0.,1.));
#1474 = PLANE('',#1475);
#1475 = AXIS2_PLACEMENT_3D('',#1476,#1477,#1478);
#1476 = CARTESIAN_POINT('',(63.204540252686,-72.70218559503,
    6.412000274658));
#1477 = DIRECTION('',(0.886316888415,0.463079230057,0.));
#1478 = DIRECTION('',(-0.463079230057,0.886316888415,0.));
#1479 = ADVANCED_FACE('',(#1480),#1491,.F.);
#1480 = FACE_BOUND('',#1481,.F.);
#1481 = EDGE_LOOP('',(#1482,#1483,#1489,#1490));
#1482 = ORIENTED_EDGE('',*,*,#272,.T.);
#1483 = ORIENTED_EDGE('',*,*,#1484,.T.);
#1484 = EDGE_CURVE('',#265,#697,#1485,.T.);
#1485 = LINE('',#1486,#1487);
#1486 = CARTESIAN_POINT('',(62.764320373535,-72.11468601226,-8.));
#1487 = VECTOR('',#1488,1.);
#1488 = DIRECTION('',(0.,0.,1.));
#1489 = ORIENTED_EDGE('',*,*,#704,.F.);
#1490 = ORIENTED_EDGE('',*,*,#1469,.F.);
#1491 = PLANE('',#1492);
#1492 = AXIS2_PLACEMENT_3D('',#1493,#1494,#1495);
#1493 = CARTESIAN_POINT('',(62.927400398254,-72.29928261041,
    6.412000274658));
#1494 = DIRECTION('',(0.749433534047,0.662079585885,0.));
#1495 = DIRECTION('',(-0.662079585885,0.749433534047,0.));
#1496 = ADVANCED_FACE('',(#1497),#1508,.F.);
#1497 = FACE_BOUND('',#1498,.F.);
#1498 = EDGE_LOOP('',(#1499,#1500,#1506,#1507));
#1499 = ORIENTED_EDGE('',*,*,#264,.T.);
#1500 = ORIENTED_EDGE('',*,*,#1501,.T.);
#1501 = EDGE_CURVE('',#257,#689,#1502,.T.);
#1502 = LINE('',#1503,#1504);
#1503 = CARTESIAN_POINT('',(62.359199523926,-71.83443679809,-8.));
#1504 = VECTOR('',#1505,1.);
#1505 = DIRECTION('',(0.,0.,1.));
#1506 = ORIENTED_EDGE('',*,*,#696,.F.);
#1507 = ORIENTED_EDGE('',*,*,#1484,.F.);
#1508 = PLANE('',#1509);
#1509 = AXIS2_PLACEMENT_3D('',#1510,#1511,#1512);
#1510 = CARTESIAN_POINT('',(62.56175994873,-71.97456140518,
    6.412000274658));
#1511 = DIRECTION('',(0.568909318639,0.822400259706,0.));
#1512 = DIRECTION('',(0.822400259706,-0.568909318639,0.));
#1513 = ADVANCED_FACE('',(#1514),#1525,.F.);
#1514 = FACE_BOUND('',#1515,.F.);
#1515 = EDGE_LOOP('',(#1516,#1517,#1518,#1524));
#1516 = ORIENTED_EDGE('',*,*,#1501,.F.);
#1517 = ORIENTED_EDGE('',*,*,#256,.T.);
#1518 = ORIENTED_EDGE('',*,*,#1519,.T.);
#1519 = EDGE_CURVE('',#249,#681,#1520,.T.);
#1520 = LINE('',#1521,#1522);
#1521 = CARTESIAN_POINT('',(61.898640060425,-71.65947164148,-8.));
#1522 = VECTOR('',#1523,1.);
#1523 = DIRECTION('',(0.,0.,1.));
#1524 = ORIENTED_EDGE('',*,*,#688,.F.);
#1525 = PLANE('',#1526);
#1526 = AXIS2_PLACEMENT_3D('',#1527,#1528,#1529);
#1527 = CARTESIAN_POINT('',(62.128919792175,-71.74695421978,
    6.412000274658));
#1528 = DIRECTION('',(0.355133619164,0.934815550009,0.));
#1529 = DIRECTION('',(0.934815550009,-0.355133619164,0.));
#1530 = ADVANCED_FACE('',(#1531),#1542,.F.);
#1531 = FACE_BOUND('',#1532,.F.);
#1532 = EDGE_LOOP('',(#1533,#1534,#1540,#1541));
#1533 = ORIENTED_EDGE('',*,*,#248,.T.);
#1534 = ORIENTED_EDGE('',*,*,#1535,.T.);
#1535 = EDGE_CURVE('',#241,#673,#1536,.T.);
#1536 = LINE('',#1537,#1538);
#1537 = CARTESIAN_POINT('',(61.40963973999,-71.5999939403,-8.));
#1538 = VECTOR('',#1539,1.);
#1539 = DIRECTION('',(0.,0.,1.));
#1540 = ORIENTED_EDGE('',*,*,#680,.F.);
#1541 = ORIENTED_EDGE('',*,*,#1519,.F.);
#1542 = PLANE('',#1543);
#1543 = AXIS2_PLACEMENT_3D('',#1544,#1545,#1546);
#1544 = CARTESIAN_POINT('',(61.654139900208,-71.62973279089,
    6.412000274658));
#1545 = DIRECTION('',(0.120741357166,0.99268400041,0.));
#1546 = DIRECTION('',(0.99268400041,-0.120741357166,0.));
#1547 = ADVANCED_FACE('',(#1548),#1559,.F.);
#1548 = FACE_BOUND('',#1549,.F.);
#1549 = EDGE_LOOP('',(#1550,#1551,#1552,#1553));
#1550 = ORIENTED_EDGE('',*,*,#672,.F.);
#1551 = ORIENTED_EDGE('',*,*,#1535,.F.);
#1552 = ORIENTED_EDGE('',*,*,#240,.T.);
#1553 = ORIENTED_EDGE('',*,*,#1554,.F.);
#1554 = EDGE_CURVE('',#665,#233,#1555,.T.);
#1555 = LINE('',#1556,#1557);
#1556 = CARTESIAN_POINT('',(28.59036026001,-71.59999962478,
    20.824000549316));
#1557 = VECTOR('',#1558,1.);
#1558 = DIRECTION('',(0.,0.,-1.));
#1559 = PLANE('',#1560);
#1560 = AXIS2_PLACEMENT_3D('',#1561,#1562,#1563);
#1561 = CARTESIAN_POINT('',(45.,-71.59999678254,6.412000274658));
#1562 = DIRECTION('',(-1.732055989695E-07,1.,0.));
#1563 = DIRECTION('',(1.,1.732055989695E-07,0.));
#1564 = ADVANCED_FACE('',(#1565),#1576,.F.);
#1565 = FACE_BOUND('',#1566,.F.);
#1566 = EDGE_LOOP('',(#1567,#1568,#1574,#1575));
#1567 = ORIENTED_EDGE('',*,*,#232,.T.);
#1568 = ORIENTED_EDGE('',*,*,#1569,.T.);
#1569 = EDGE_CURVE('',#225,#657,#1570,.T.);
#1570 = LINE('',#1571,#1572);
#1571 = CARTESIAN_POINT('',(28.101359939575,-71.65947739929,-8.));
#1572 = VECTOR('',#1573,1.);
#1573 = DIRECTION('',(0.,0.,1.));
#1574 = ORIENTED_EDGE('',*,*,#664,.F.);
#1575 = ORIENTED_EDGE('',*,*,#1554,.T.);
#1576 = PLANE('',#1577);
#1577 = AXIS2_PLACEMENT_3D('',#1578,#1579,#1580);
#1578 = CARTESIAN_POINT('',(28.345860099792,-71.62973851203,
    6.412000274658));
#1579 = DIRECTION('',(-0.120741503849,0.992683982569,0.));
#1580 = DIRECTION('',(0.992683982569,0.120741503849,0.));
#1581 = ADVANCED_FACE('',(#1582),#1593,.F.);
#1582 = FACE_BOUND('',#1583,.F.);
#1583 = EDGE_LOOP('',(#1584,#1590,#1591,#1592));
#1584 = ORIENTED_EDGE('',*,*,#1585,.F.);
#1585 = EDGE_CURVE('',#649,#217,#1586,.T.);
#1586 = LINE('',#1587,#1588);
#1587 = CARTESIAN_POINT('',(27.640800476074,-71.83444280624,
    20.824000549316));
#1588 = VECTOR('',#1589,1.);
#1589 = DIRECTION('',(0.,0.,-1.));
#1590 = ORIENTED_EDGE('',*,*,#656,.F.);
#1591 = ORIENTED_EDGE('',*,*,#1569,.F.);
#1592 = ORIENTED_EDGE('',*,*,#224,.T.);
#1593 = PLANE('',#1594);
#1594 = AXIS2_PLACEMENT_3D('',#1595,#1596,#1597);
#1595 = CARTESIAN_POINT('',(27.871080207825,-71.74696010276,
    6.412000274658));
#1596 = DIRECTION('',(-0.355134063203,0.93481538132,0.));
#1597 = DIRECTION('',(0.93481538132,0.355134063203,0.));
#1598 = ADVANCED_FACE('',(#1599),#1610,.F.);
#1599 = FACE_BOUND('',#1600,.F.);
#1600 = EDGE_LOOP('',(#1601,#1602,#1603,#1604));
#1601 = ORIENTED_EDGE('',*,*,#648,.F.);
#1602 = ORIENTED_EDGE('',*,*,#1585,.T.);
#1603 = ORIENTED_EDGE('',*,*,#216,.T.);
#1604 = ORIENTED_EDGE('',*,*,#1605,.F.);
#1605 = EDGE_CURVE('',#641,#209,#1606,.T.);
#1606 = LINE('',#1607,#1608);
#1607 = CARTESIAN_POINT('',(27.235679626465,-72.11469198465,
    20.824000549316));
#1608 = VECTOR('',#1609,1.);
#1609 = DIRECTION('',(0.,0.,-1.));
#1610 = PLANE('',#1611);
#1611 = AXIS2_PLACEMENT_3D('',#1612,#1613,#1614);
#1612 = CARTESIAN_POINT('',(27.43824005127,-71.97456739544,
    6.412000274658));
#1613 = DIRECTION('',(-0.568909269538,0.822400293673,0.));
#1614 = DIRECTION('',(0.822400293673,0.568909269538,0.));
#1615 = ADVANCED_FACE('',(#1616),#1627,.F.);
#1616 = FACE_BOUND('',#1617,.F.);
#1617 = EDGE_LOOP('',(#1618,#1619,#1620,#1621));
#1618 = ORIENTED_EDGE('',*,*,#640,.F.);
#1619 = ORIENTED_EDGE('',*,*,#1605,.T.);
#1620 = ORIENTED_EDGE('',*,*,#208,.T.);
#1621 = ORIENTED_EDGE('',*,*,#1622,.F.);
#1622 = EDGE_CURVE('',#633,#201,#1623,.T.);
#1623 = LINE('',#1624,#1625);
#1624 = CARTESIAN_POINT('',(26.909519577026,-72.48388521671,
    20.824000549316));
#1625 = VECTOR('',#1626,1.);
#1626 = DIRECTION('',(0.,0.,-1.));
#1627 = PLANE('',#1628);
#1628 = AXIS2_PLACEMENT_3D('',#1629,#1630,#1631);
#1629 = CARTESIAN_POINT('',(27.072599601746,-72.29928860068,
    6.412000274658));
#1630 = DIRECTION('',(-0.749433565869,0.662079549864,0.));
#1631 = DIRECTION('',(-0.662079549864,-0.749433565869,0.));
#1632 = ADVANCED_FACE('',(#1633),#1644,.F.);
#1633 = FACE_BOUND('',#1634,.F.);
#1634 = EDGE_LOOP('',(#1635,#1641,#1642,#1643));
#1635 = ORIENTED_EDGE('',*,*,#1636,.F.);
#1636 = EDGE_CURVE('',#625,#193,#1637,.T.);
#1637 = LINE('',#1638,#1639);
#1638 = CARTESIAN_POINT('',(26.681399917603,-72.9204919815,
    20.824000549316));
#1639 = VECTOR('',#1640,1.);
#1640 = DIRECTION('',(0.,0.,-1.));
#1641 = ORIENTED_EDGE('',*,*,#632,.F.);
#1642 = ORIENTED_EDGE('',*,*,#1622,.T.);
#1643 = ORIENTED_EDGE('',*,*,#200,.T.);
#1644 = PLANE('',#1645);
#1645 = AXIS2_PLACEMENT_3D('',#1646,#1647,#1648);
#1646 = CARTESIAN_POINT('',(26.795459747314,-72.70218859911,
    6.412000274658));
#1647 = DIRECTION('',(-0.886314272938,0.46308423595,0.));
#1648 = DIRECTION('',(-0.46308423595,-0.886314272938,0.));
#1649 = ADVANCED_FACE('',(#1650),#1661,.F.);
#1650 = FACE_BOUND('',#1651,.F.);
#1651 = EDGE_LOOP('',(#1652,#1653,#1654,#1655));
#1652 = ORIENTED_EDGE('',*,*,#624,.F.);
#1653 = ORIENTED_EDGE('',*,*,#1636,.T.);
#1654 = ORIENTED_EDGE('',*,*,#192,.T.);
#1655 = ORIENTED_EDGE('',*,*,#1656,.F.);
#1656 = EDGE_CURVE('',#617,#185,#1657,.T.);
#1657 = LINE('',#1658,#1659);
#1658 = CARTESIAN_POINT('',(26.564640426636,-73.39905200004,
    20.824000549316));
#1659 = VECTOR('',#1660,1.);
#1660 = DIRECTION('',(0.,0.,-1.));
#1661 = PLANE('',#1662);
#1662 = AXIS2_PLACEMENT_3D('',#1663,#1664,#1665);
#1663 = CARTESIAN_POINT('',(26.623020172119,-73.15977199077,
    6.412000274658));
#1664 = DIRECTION('',(-0.971502794626,0.237028099672,0.));
#1665 = DIRECTION('',(-0.237028099672,-0.971502794626,0.));
#1666 = ADVANCED_FACE('',(#1667),#1673,.F.);
#1667 = FACE_BOUND('',#1668,.F.);
#1668 = EDGE_LOOP('',(#1669,#1670,#1671,#1672));
#1669 = ORIENTED_EDGE('',*,*,#968,.F.);
#1670 = ORIENTED_EDGE('',*,*,#616,.F.);
#1671 = ORIENTED_EDGE('',*,*,#1656,.T.);
#1672 = ORIENTED_EDGE('',*,*,#184,.T.);
#1673 = PLANE('',#1674);
#1674 = AXIS2_PLACEMENT_3D('',#1675,#1676,#1677);
#1675 = CARTESIAN_POINT('',(26.565300178528,-73.64535796642,
    6.412000274658));
#1676 = DIRECTION('',(-0.999996412606,-2.678577116923E-03,-0.));
#1677 = DIRECTION('',(2.678577116923E-03,-0.999996412606,0.));
#1678 = ADVANCED_FACE('',(#1679),#1685,.T.);
#1679 = FACE_BOUND('',#1680,.T.);
#1680 = EDGE_LOOP('',(#1681,#1682,#1683,#1684));
#1681 = ORIENTED_EDGE('',*,*,#952,.F.);
#1682 = ORIENTED_EDGE('',*,*,#569,.T.);
#1683 = ORIENTED_EDGE('',*,*,#543,.T.);
#1684 = ORIENTED_EDGE('',*,*,#596,.F.);
#1685 = TOROIDAL_SURFACE('',#1686,1.926468396452,0.8);
#1686 = AXIS2_PLACEMENT_3D('',#1687,#1688,#1689);
#1687 = CARTESIAN_POINT('',(62.337725987098,-72.96317846553,1.29));
#1688 = DIRECTION('',(0.,0.,1.));
#1689 = DIRECTION('',(0.996442292963,-8.427785471101E-02,0.));
#1690 = ( GEOMETRIC_REPRESENTATION_CONTEXT(3) 
GLOBAL_UNCERTAINTY_ASSIGNED_CONTEXT((#1694)) 
GLOBAL_UNIT_ASSIGNED_CONTEXT((#1691,#1692,#1693)) REPRESENTATION_CONTEXT
('Context #1','3D Context with UNIT and UNCERTAINTY') );
#1691 = ( LENGTH_UNIT() NAMED_UNIT(*) SI_UNIT(.MILLI.,.METRE.) );
#1692 = ( NAMED_UNIT(*) PLANE_ANGLE_UNIT() SI_UNIT($,.RADIAN.) );
#1693 = ( NAMED_UNIT(*) SI_UNIT($,.STERADIAN.) SOLID_ANGLE_UNIT() );
#1694 = UNCERTAINTY_MEASURE_WITH_UNIT(LENGTH_MEASURE(2.E-05),#1691,
  'distance_accuracy_value','confusion accuracy');
#1695 = CONTEXT_DEPENDENT_SHAPE_REPRESENTATION(#1696,#1698);
#1696 = ( REPRESENTATION_RELATIONSHIP('','',#40,#10) 
REPRESENTATION_RELATIONSHIP_WITH_TRANSFORMATION(#1697) 
SHAPE_REPRESENTATION_RELATIONSHIP() );
#1697 = ITEM_DEFINED_TRANSFORMATION('','',#11,#15);
#1698 = PRODUCT_DEFINITION_SHAPE('Placement','Placement of an item',
  #1699);
#1699 = NEXT_ASSEMBLY_USAGE_OCCURRENCE('1','Fillet003','',#5,#35,$);
#1700 = PRODUCT_RELATED_PRODUCT_CATEGORY('part',$,(#37));
#1701 = SHAPE_DEFINITION_REPRESENTATION(#1702,#1708);
#1702 = PRODUCT_DEFINITION_SHAPE('','',#1703);
#1703 = PRODUCT_DEFINITION('design','',#1704,#1707);
#1704 = PRODUCT_DEFINITION_FORMATION('','',#1705);
#1705 = PRODUCT('Fillet002','Fillet002','',(#1706));
#1706 = PRODUCT_CONTEXT('',#2,'mechanical');
#1707 = PRODUCT_DEFINITION_CONTEXT('part definition',#2,'design');
#1708 = ADVANCED_BREP_SHAPE_REPRESENTATION('',(#11,#1709),#4194);
#1709 = MANIFOLD_SOLID_BREP('',#1710);
#1710 = CLOSED_SHELL('',(#1711,#1751,#1784,#1817,#2326,#2351,#2377,#2401
    ,#2936,#2959,#2984,#3002,#3024,#3041,#3058,#3075,#3092,#3109,#3126,
    #3143,#3160,#3177,#3194,#3211,#3228,#3245,#3262,#3279,#3296,#3313,
    #3330,#3347,#3364,#3381,#3398,#3415,#3432,#3449,#3466,#3483,#3500,
    #3517,#3534,#3551,#3568,#3585,#3602,#3619,#3636,#3653,#3670,#3687,
    #3704,#3721,#3738,#3755,#3772,#3789,#3806,#3823,#3840,#3857,#3874,
    #3891,#3908,#3925,#3942,#3959,#3976,#3988,#4006,#4026,#4083,#4106));
#1711 = ADVANCED_FACE('',(#1712),#1746,.T.);
#1712 = FACE_BOUND('',#1713,.T.);
#1713 = EDGE_LOOP('',(#1714,#1724,#1732,#1740));
#1714 = ORIENTED_EDGE('',*,*,#1715,.T.);
#1715 = EDGE_CURVE('',#1716,#1718,#1720,.T.);
#1716 = VERTEX_POINT('',#1717);
#1717 = CARTESIAN_POINT('',(68.751893299444,-15.26947843528,0.89));
#1718 = VERTEX_POINT('',#1719);
#1719 = CARTESIAN_POINT('',(68.751893299444,-15.26947843528,1.09));
#1720 = LINE('',#1721,#1722);
#1721 = CARTESIAN_POINT('',(68.751893299444,-15.26947843528,0.89));
#1722 = VECTOR('',#1723,1.);
#1723 = DIRECTION('',(0.,0.,1.));
#1724 = ORIENTED_EDGE('',*,*,#1725,.T.);
#1725 = EDGE_CURVE('',#1718,#1726,#1728,.T.);
#1726 = VERTEX_POINT('',#1727);
#1727 = CARTESIAN_POINT('',(83.5248,-32.6031,1.09));
#1728 = LINE('',#1729,#1730);
#1729 = CARTESIAN_POINT('',(68.751893299444,-15.26947843528,1.09));
#1730 = VECTOR('',#1731,1.);
#1731 = DIRECTION('',(0.648650375795,-0.761086519379,0.));
#1732 = ORIENTED_EDGE('',*,*,#1733,.F.);
#1733 = EDGE_CURVE('',#1734,#1726,#1736,.T.);
#1734 = VERTEX_POINT('',#1735);
#1735 = CARTESIAN_POINT('',(83.5248,-32.6031,0.89));
#1736 = LINE('',#1737,#1738);
#1737 = CARTESIAN_POINT('',(83.5248,-32.6031,0.89));
#1738 = VECTOR('',#1739,1.);
#1739 = DIRECTION('',(0.,0.,1.));
#1740 = ORIENTED_EDGE('',*,*,#1741,.F.);
#1741 = EDGE_CURVE('',#1716,#1734,#1742,.T.);
#1742 = LINE('',#1743,#1744);
#1743 = CARTESIAN_POINT('',(68.751893299444,-15.26947843528,0.89));
#1744 = VECTOR('',#1745,1.);
#1745 = DIRECTION('',(0.648650375795,-0.761086519379,0.));
#1746 = PLANE('',#1747);
#1747 = AXIS2_PLACEMENT_3D('',#1748,#1749,#1750);
#1748 = CARTESIAN_POINT('',(68.751893299444,-15.26947843528,0.89));
#1749 = DIRECTION('',(0.761086519379,0.648650375795,0.));
#1750 = DIRECTION('',(0.648650375795,-0.761086519379,0.));
#1751 = ADVANCED_FACE('',(#1752),#1779,.T.);
#1752 = FACE_BOUND('',#1753,.F.);
#1753 = EDGE_LOOP('',(#1754,#1755,#1764,#1772));
#1754 = ORIENTED_EDGE('',*,*,#1715,.T.);
#1755 = ORIENTED_EDGE('',*,*,#1756,.F.);
#1756 = EDGE_CURVE('',#1757,#1718,#1759,.T.);
#1757 = VERTEX_POINT('',#1758);
#1758 = CARTESIAN_POINT('',(64.405176153074,-15.24289762261,1.09));
#1759 = CIRCLE('',#1760,2.870667866229);
#1760 = AXIS2_PLACEMENT_3D('',#1761,#1762,#1763);
#1761 = CARTESIAN_POINT('',(66.567066684841,-17.13153822549,1.09));
#1762 = DIRECTION('',(-0.,0.,-1.));
#1763 = DIRECTION('',(-0.753096712163,0.657909828267,0.));
#1764 = ORIENTED_EDGE('',*,*,#1765,.F.);
#1765 = EDGE_CURVE('',#1766,#1757,#1768,.T.);
#1766 = VERTEX_POINT('',#1767);
#1767 = CARTESIAN_POINT('',(64.405176153074,-15.24289762261,0.89));
#1768 = LINE('',#1769,#1770);
#1769 = CARTESIAN_POINT('',(64.405176153074,-15.24289762261,0.89));
#1770 = VECTOR('',#1771,1.);
#1771 = DIRECTION('',(0.,0.,1.));
#1772 = ORIENTED_EDGE('',*,*,#1773,.F.);
#1773 = EDGE_CURVE('',#1716,#1766,#1774,.T.);
#1774 = CIRCLE('',#1775,2.870667866229);
#1775 = AXIS2_PLACEMENT_3D('',#1776,#1777,#1778);
#1776 = CARTESIAN_POINT('',(66.567066684841,-17.13153822549,0.89));
#1777 = DIRECTION('',(0.,0.,1.));
#1778 = DIRECTION('',(1.,0.,0.));
#1779 = CYLINDRICAL_SURFACE('',#1780,2.870667866229);
#1780 = AXIS2_PLACEMENT_3D('',#1781,#1782,#1783);
#1781 = CARTESIAN_POINT('',(66.567066684841,-17.13153822549,0.89));
#1782 = DIRECTION('',(-0.,-0.,-1.));
#1783 = DIRECTION('',(1.,0.,0.));
#1784 = ADVANCED_FACE('',(#1785),#1812,.T.);
#1785 = FACE_BOUND('',#1786,.T.);
#1786 = EDGE_LOOP('',(#1787,#1796,#1804,#1811));
#1787 = ORIENTED_EDGE('',*,*,#1788,.T.);
#1788 = EDGE_CURVE('',#1718,#1789,#1791,.T.);
#1789 = VERTEX_POINT('',#1790);
#1790 = CARTESIAN_POINT('',(67.990806780065,-15.91812881108,2.09));
#1791 = CIRCLE('',#1792,1.);
#1792 = AXIS2_PLACEMENT_3D('',#1793,#1794,#1795);
#1793 = CARTESIAN_POINT('',(67.990806780065,-15.91812881108,1.09));
#1794 = DIRECTION('',(0.648650375795,-0.761086519379,0.));
#1795 = DIRECTION('',(0.761086519379,0.648650375795,0.));
#1796 = ORIENTED_EDGE('',*,*,#1797,.T.);
#1797 = EDGE_CURVE('',#1789,#1798,#1800,.T.);
#1798 = VERTEX_POINT('',#1799);
#1799 = CARTESIAN_POINT('',(82.763713480621,-33.25175037579,2.09));
#1800 = LINE('',#1801,#1802);
#1801 = CARTESIAN_POINT('',(67.990806780065,-15.91812881108,2.09));
#1802 = VECTOR('',#1803,1.);
#1803 = DIRECTION('',(0.648650375795,-0.761086519379,0.));
#1804 = ORIENTED_EDGE('',*,*,#1805,.F.);
#1805 = EDGE_CURVE('',#1726,#1798,#1806,.T.);
#1806 = CIRCLE('',#1807,1.);
#1807 = AXIS2_PLACEMENT_3D('',#1808,#1809,#1810);
#1808 = CARTESIAN_POINT('',(82.763713480621,-33.25175037579,1.09));
#1809 = DIRECTION('',(0.648650375795,-0.761086519379,0.));
#1810 = DIRECTION('',(0.761086519379,0.648650375795,0.));
#1811 = ORIENTED_EDGE('',*,*,#1725,.F.);
#1812 = CYLINDRICAL_SURFACE('',#1813,1.);
#1813 = AXIS2_PLACEMENT_3D('',#1814,#1815,#1816);
#1814 = CARTESIAN_POINT('',(67.990806780065,-15.91812881108,1.09));
#1815 = DIRECTION('',(0.648650375795,-0.761086519379,0.));
#1816 = DIRECTION('',(0.761086519379,0.648650375795,0.));
#1817 = ADVANCED_FACE('',(#1818,#1855),#2321,.F.);
#1818 = FACE_BOUND('',#1819,.F.);
#1819 = EDGE_LOOP('',(#1820,#1821,#1822,#1830,#1839,#1848));
#1820 = ORIENTED_EDGE('',*,*,#1741,.F.);
#1821 = ORIENTED_EDGE('',*,*,#1773,.T.);
#1822 = ORIENTED_EDGE('',*,*,#1823,.T.);
#1823 = EDGE_CURVE('',#1766,#1824,#1826,.T.);
#1824 = VERTEX_POINT('',#1825);
#1825 = CARTESIAN_POINT('',(49.279146179197,-32.55737287739,0.89));
#1826 = LINE('',#1827,#1828);
#1827 = CARTESIAN_POINT('',(64.405176153074,-15.24289762261,0.89));
#1828 = VECTOR('',#1829,1.);
#1829 = DIRECTION('',(-0.657909828267,-0.753096712163,0.));
#1830 = ORIENTED_EDGE('',*,*,#1831,.T.);
#1831 = EDGE_CURVE('',#1824,#1832,#1834,.T.);
#1832 = VERTEX_POINT('',#1833);
#1833 = CARTESIAN_POINT('',(65.567990281548,-45.04079639375,0.89));
#1834 = CIRCLE('',#1835,10.261462270157);
#1835 = AXIS2_PLACEMENT_3D('',#1836,#1837,#1838);
#1836 = CARTESIAN_POINT('',(57.37256012591,-38.86564194338,0.89));
#1837 = DIRECTION('',(0.,0.,1.));
#1838 = DIRECTION('',(1.,0.,0.));
#1839 = ORIENTED_EDGE('',*,*,#1840,.F.);
#1840 = EDGE_CURVE('',#1841,#1832,#1843,.T.);
#1841 = VERTEX_POINT('',#1842);
#1842 = CARTESIAN_POINT('',(67.524856345106,-44.93415150825,0.89));
#1843 = CIRCLE('',#1844,1.473488051073);
#1844 = AXIS2_PLACEMENT_3D('',#1845,#1846,#1847);
#1845 = CARTESIAN_POINT('',(66.606306609017,-46.08629447637,0.89));
#1846 = DIRECTION('',(0.,0.,1.));
#1847 = DIRECTION('',(1.,0.,0.));
#1848 = ORIENTED_EDGE('',*,*,#1849,.T.);
#1849 = EDGE_CURVE('',#1841,#1734,#1850,.T.);
#1850 = CIRCLE('',#1851,10.100231045259);
#1851 = AXIS2_PLACEMENT_3D('',#1852,#1853,#1854);
#1852 = CARTESIAN_POINT('',(75.501905396914,-38.73888270112,0.89));
#1853 = DIRECTION('',(0.,0.,1.));
#1854 = DIRECTION('',(1.,0.,0.));
#1855 = FACE_BOUND('',#1856,.F.);
#1856 = EDGE_LOOP('',(#1857,#1867,#1875,#1883,#1891,#1899,#1907,#1915,
    #1923,#1931,#1939,#1947,#1955,#1963,#1971,#1979,#1987,#1995,#2003,
    #2011,#2019,#2027,#2035,#2043,#2051,#2059,#2067,#2075,#2083,#2091,
    #2099,#2107,#2115,#2123,#2131,#2139,#2147,#2155,#2163,#2171,#2179,
    #2187,#2195,#2203,#2211,#2219,#2227,#2235,#2243,#2251,#2259,#2267,
    #2275,#2283,#2291,#2299,#2307,#2315));
#1857 = ORIENTED_EDGE('',*,*,#1858,.F.);
#1858 = EDGE_CURVE('',#1859,#1861,#1863,.T.);
#1859 = VERTEX_POINT('',#1860);
#1860 = CARTESIAN_POINT('',(68.371500015259,-43.15404999256,0.89));
#1861 = VERTEX_POINT('',#1862);
#1862 = CARTESIAN_POINT('',(68.725200653076,-43.61520004272,0.89));
#1863 = LINE('',#1864,#1865);
#1864 = CARTESIAN_POINT('',(65.975693632129,-40.03043042382,0.89));
#1865 = VECTOR('',#1866,1.);
#1866 = DIRECTION('',(0.608596539238,-0.793479837443,0.));
#1867 = ORIENTED_EDGE('',*,*,#1868,.F.);
#1868 = EDGE_CURVE('',#1869,#1859,#1871,.T.);
#1869 = VERTEX_POINT('',#1870);
#1870 = CARTESIAN_POINT('',(67.921600341797,-42.78597998619,0.89));
#1871 = LINE('',#1872,#1873);
#1872 = CARTESIAN_POINT('',(65.514330214524,-40.81655439345,0.89));
#1873 = VECTOR('',#1874,1.);
#1874 = DIRECTION('',(0.773982362138,-0.633207156544,0.));
#1875 = ORIENTED_EDGE('',*,*,#1876,.F.);
#1876 = EDGE_CURVE('',#1877,#1869,#1879,.T.);
#1877 = VERTEX_POINT('',#1878);
#1878 = CARTESIAN_POINT('',(67.399599075317,-42.53050994873,0.89));
#1879 = LINE('',#1880,#1881);
#1880 = CARTESIAN_POINT('',(65.509337552886,-41.60540648068,0.89));
#1881 = VECTOR('',#1882,1.);
#1882 = DIRECTION('',(0.898201361922,-0.439584250676,0.));
#1883 = ORIENTED_EDGE('',*,*,#1884,.F.);
#1884 = EDGE_CURVE('',#1885,#1877,#1887,.T.);
#1885 = VERTEX_POINT('',#1886);
#1886 = CARTESIAN_POINT('',(66.832901000977,-42.40116000175,0.89));
#1887 = LINE('',#1888,#1889);
#1888 = CARTESIAN_POINT('',(65.886028675446,-42.18503453628,0.89));
#1889 = VECTOR('',#1890,1.);
#1890 = DIRECTION('',(0.974926117133,-0.222528798431,0.));
#1891 = ORIENTED_EDGE('',*,*,#1892,.F.);
#1892 = EDGE_CURVE('',#1893,#1885,#1895,.T.);
#1893 = VERTEX_POINT('',#1894);
#1894 = CARTESIAN_POINT('',(66.25170135498,-42.40477991104,0.89));
#1895 = LINE('',#1896,#1897);
#1896 = CARTESIAN_POINT('',(66.480178582641,-42.40335687707,0.89));
#1897 = VECTOR('',#1898,1.);
#1898 = DIRECTION('',(0.999980604452,6.228219685457E-03,0.));
#1899 = ORIENTED_EDGE('',*,*,#1900,.F.);
#1900 = EDGE_CURVE('',#1901,#1893,#1903,.T.);
#1901 = VERTEX_POINT('',#1902);
#1902 = CARTESIAN_POINT('',(65.686698913574,-42.5411798954,0.89));
#1903 = LINE('',#1904,#1905);
#1904 = CARTESIAN_POINT('',(67.078302498452,-42.20522611307,0.89));
#1905 = VECTOR('',#1906,1.);
#1906 = DIRECTION('',(0.97207432631,0.234673185792,0.));
#1907 = ORIENTED_EDGE('',*,*,#1908,.F.);
#1908 = EDGE_CURVE('',#1909,#1901,#1911,.T.);
#1909 = VERTEX_POINT('',#1910);
#1910 = CARTESIAN_POINT('',(65.167900085449,-42.803139925,0.89));
#1911 = LINE('',#1912,#1913);
#1912 = CARTESIAN_POINT('',(67.465946872502,-41.64277414981,0.89));
#1913 = VECTOR('',#1914,1.);
#1914 = DIRECTION('',(0.892657903082,0.450734809022,0.));
#1915 = ORIENTED_EDGE('',*,*,#1916,.F.);
#1916 = EDGE_CURVE('',#1917,#1909,#1919,.T.);
#1917 = VERTEX_POINT('',#1918);
#1918 = CARTESIAN_POINT('',(64.722599029541,-43.17677998542,0.89));
#1919 = LINE('',#1920,#1921);
#1920 = CARTESIAN_POINT('',(67.477149361351,-40.86551137565,0.89));
#1921 = VECTOR('',#1922,1.);
#1922 = DIRECTION('',(0.766054516019,0.64277560508,0.));
#1923 = ORIENTED_EDGE('',*,*,#1924,.F.);
#1924 = EDGE_CURVE('',#1925,#1917,#1927,.T.);
#1925 = VERTEX_POINT('',#1926);
#1926 = CARTESIAN_POINT('',(64.374599456787,-43.6423100233,0.89));
#1927 = LINE('',#1928,#1929);
#1928 = CARTESIAN_POINT('',(67.034570407578,-40.08398273088,0.89));
#1929 = VECTOR('',#1930,1.);
#1930 = DIRECTION('',(0.598735209993,0.800947032153,0.));
#1931 = ORIENTED_EDGE('',*,*,#1932,.F.);
#1932 = EDGE_CURVE('',#1933,#1925,#1935,.T.);
#1933 = VERTEX_POINT('',#1934);
#1934 = CARTESIAN_POINT('',(63.496898651123,-44.74035900831,0.89));
#1935 = LINE('',#1936,#1937);
#1936 = CARTESIAN_POINT('',(66.797103480489,-40.61163252224,0.89));
#1937 = VECTOR('',#1938,1.);
#1938 = DIRECTION('',(0.624374710257,0.781124971558,0.));
#1939 = ORIENTED_EDGE('',*,*,#1940,.F.);
#1940 = EDGE_CURVE('',#1941,#1933,#1943,.T.);
#1941 = VERTEX_POINT('',#1942);
#1942 = CARTESIAN_POINT('',(62.451999664307,-45.68063098192,0.89));
#1943 = LINE('',#1944,#1945);
#1944 = CARTESIAN_POINT('',(66.599242600444,-41.94865655204,0.89));
#1945 = VECTOR('',#1946,1.);
#1946 = DIRECTION('',(0.743342646572,0.668910838444,0.));
#1947 = ORIENTED_EDGE('',*,*,#1948,.F.);
#1948 = EDGE_CURVE('',#1949,#1941,#1951,.T.);
#1949 = VERTEX_POINT('',#1950);
#1950 = CARTESIAN_POINT('',(61.267700195312,-46.43797004222,0.89));
#1951 = LINE('',#1952,#1953);
#1952 = CARTESIAN_POINT('',(66.105260429411,-43.34443380601,0.89));
#1953 = VECTOR('',#1954,1.);
#1954 = DIRECTION('',(0.842469201858,0.538744507092,0.));
#1955 = ORIENTED_EDGE('',*,*,#1956,.F.);
#1956 = EDGE_CURVE('',#1957,#1949,#1959,.T.);
#1957 = VERTEX_POINT('',#1958);
#1958 = CARTESIAN_POINT('',(59.975799560547,-46.99210000038,0.89));
#1959 = LINE('',#1960,#1961);
#1960 = CARTESIAN_POINT('',(65.278878290226,-44.71747088767,0.89));
#1961 = VECTOR('',#1962,1.);
#1962 = DIRECTION('',(0.919026956678,0.394194689081,0.));
#1963 = ORIENTED_EDGE('',*,*,#1964,.F.);
#1964 = EDGE_CURVE('',#1965,#1957,#1967,.T.);
#1965 = VERTEX_POINT('',#1966);
#1966 = CARTESIAN_POINT('',(58.610801696777,-47.32820010185,0.89));
#1967 = LINE('',#1968,#1969);
#1968 = CARTESIAN_POINT('',(64.109474433745,-45.97427529808,0.89));
#1969 = VECTOR('',#1970,1.);
#1970 = DIRECTION('',(0.970998263104,0.239086538829,0.));
#1971 = ORIENTED_EDGE('',*,*,#1972,.F.);
#1972 = EDGE_CURVE('',#1973,#1965,#1975,.T.);
#1973 = VERTEX_POINT('',#1974);
#1974 = CARTESIAN_POINT('',(57.209400177002,-47.43728995323,0.89));
#1975 = LINE('',#1976,#1977);
#1976 = CARTESIAN_POINT('',(62.615878940677,-47.01643129388,0.89));
#1977 = VECTOR('',#1978,1.);
#1978 = DIRECTION('',(0.996983903306,7.760861131125E-02,0.));
#1979 = ORIENTED_EDGE('',*,*,#1980,.F.);
#1980 = EDGE_CURVE('',#1981,#1973,#1983,.T.);
#1981 = VERTEX_POINT('',#1982);
#1982 = CARTESIAN_POINT('',(55.808799743652,-47.31643009185,0.89));
#1983 = LINE('',#1984,#1985);
#1984 = CARTESIAN_POINT('',(60.846549503793,-47.75114489213,0.89));
#1985 = VECTOR('',#1986,1.);
#1986 = DIRECTION('',(0.99629755577,-8.597197431213E-02,0.));
#1987 = ORIENTED_EDGE('',*,*,#1988,.F.);
#1988 = EDGE_CURVE('',#1989,#1981,#1991,.T.);
#1989 = VERTEX_POINT('',#1990);
#1990 = CARTESIAN_POINT('',(54.446800231934,-46.96887004375,0.89));
#1991 = LINE('',#1992,#1993);
#1992 = CARTESIAN_POINT('',(58.878179923177,-48.09968582261,0.89));
#1993 = VECTOR('',#1994,1.);
#1994 = DIRECTION('',(0.968949165533,-0.247260014181,0.));
#1995 = ORIENTED_EDGE('',*,*,#1996,.F.);
#1996 = EDGE_CURVE('',#1997,#1989,#1999,.T.);
#1997 = VERTEX_POINT('',#1998);
#1998 = CARTESIAN_POINT('',(53.159599304199,-46.40389001369,0.89));
#1999 = LINE('',#2000,#2001);
#2000 = CARTESIAN_POINT('',(56.810413818422,-48.00631062227,0.89));
#2001 = VECTOR('',#2002,1.);
#2002 = DIRECTION('',(0.915678739746,-0.401910992107,0.));
#2003 = ORIENTED_EDGE('',*,*,#2004,.F.);
#2004 = EDGE_CURVE('',#2005,#1997,#2007,.T.);
#2005 = VERTEX_POINT('',#2006);
#2006 = CARTESIAN_POINT('',(51.981700897217,-45.63663202524,0.89));
#2007 = LINE('',#2008,#2009);
#2008 = CARTESIAN_POINT('',(54.757574540521,-47.44477712089,0.89));
#2009 = VECTOR('',#2010,1.);
#2010 = DIRECTION('',(0.837915330088,-0.545800237819,0.));
#2011 = ORIENTED_EDGE('',*,*,#2012,.F.);
#2012 = EDGE_CURVE('',#2013,#2005,#2015,.T.);
#2013 = VERTEX_POINT('',#2014);
#2014 = CARTESIAN_POINT('',(50.94469833374,-44.68761000037,0.89));
#2015 = LINE('',#2016,#2017);
#2016 = CARTESIAN_POINT('',(52.839447594083,-46.42160646576,0.89));
#2017 = VECTOR('',#2018,1.);
#2018 = DIRECTION('',(0.737707975047,-0.675119947529,0.));
#2019 = ORIENTED_EDGE('',*,*,#2020,.F.);
#2020 = EDGE_CURVE('',#2021,#2013,#2023,.T.);
#2021 = VERTEX_POINT('',#2022);
#2022 = CARTESIAN_POINT('',(50.076198577881,-43.5822199583,0.89));
#2023 = LINE('',#2024,#2025);
#2024 = CARTESIAN_POINT('',(51.172695976702,-44.97779583225,0.89));
#2025 = VECTOR('',#2026,1.);
#2026 = DIRECTION('',(0.617812319232,-0.786325592999,0.));
#2027 = ORIENTED_EDGE('',*,*,#2028,.F.);
#2028 = EDGE_CURVE('',#2029,#2021,#2031,.T.);
#2029 = VERTEX_POINT('',#2030);
#2030 = CARTESIAN_POINT('',(49.399600982666,-42.35003995895,0.89));
#2031 = LINE('',#2032,#2033);
#2032 = CARTESIAN_POINT('',(49.857640648541,-43.18419503014,0.89));
#2033 = VECTOR('',#2034,1.);
#2034 = DIRECTION('',(0.481317088715,-0.876546553305,0.));
#2035 = ORIENTED_EDGE('',*,*,#2036,.F.);
#2036 = EDGE_CURVE('',#2037,#2029,#2039,.T.);
#2037 = VERTEX_POINT('',#2038);
#2038 = CARTESIAN_POINT('',(48.932899475098,-41.02403998374,0.89));
#2039 = LINE('',#2040,#2041);
#2040 = CARTESIAN_POINT('',(48.973550217893,-41.13953754067,0.89));
#2041 = VECTOR('',#2042,1.);
#2042 = DIRECTION('',(0.331998604086,-0.943279877282,0.));
#2043 = ORIENTED_EDGE('',*,*,#2044,.F.);
#2044 = EDGE_CURVE('',#2045,#2037,#2047,.T.);
#2045 = VERTEX_POINT('',#2046);
#2046 = CARTESIAN_POINT('',(48.688701629639,-39.63969993591,0.89));
#2047 = LINE('',#2048,#2049);
#2048 = CARTESIAN_POINT('',(48.568488503015,-38.95822035468,0.89));
#2049 = VECTOR('',#2050,1.);
#2050 = DIRECTION('',(0.173718098056,-0.984795421602,0.));
#2051 = ORIENTED_EDGE('',*,*,#2052,.F.);
#2052 = EDGE_CURVE('',#2053,#2045,#2055,.T.);
#2053 = VERTEX_POINT('',#2054);
#2054 = CARTESIAN_POINT('',(48.673400878906,-38.23405981063,0.89));
#2055 = LINE('',#2056,#2057);
#2056 = CARTESIAN_POINT('',(48.657419992884,-36.7659374274,0.89));
#2057 = VECTOR('',#2058,1.);
#2058 = DIRECTION('',(1.088460983313E-02,-0.99994076088,0.));
#2059 = ORIENTED_EDGE('',*,*,#2060,.F.);
#2060 = EDGE_CURVE('',#2061,#2053,#2063,.T.);
#2061 = VERTEX_POINT('',#2062);
#2062 = CARTESIAN_POINT('',(48.887401580811,-36.84471988678,0.89));
#2063 = LINE('',#2064,#2065);
#2064 = CARTESIAN_POINT('',(49.2202354972,-34.68388843183,0.89));
#2065 = VECTOR('',#2066,1.);
#2066 = DIRECTION('',(-0.152235151843,-0.988344301619,0.));
#2067 = ORIENTED_EDGE('',*,*,#2068,.F.);
#2068 = EDGE_CURVE('',#2069,#2061,#2071,.T.);
#2069 = VERTEX_POINT('',#2070);
#2070 = CARTESIAN_POINT('',(49.325099945068,-35.50887966156,0.89));
#2071 = LINE('',#2072,#2073);
#2072 = CARTESIAN_POINT('',(50.205613825076,-32.82158184226,0.89));
#2073 = VECTOR('',#2074,1.);
#2074 = DIRECTION('',(-0.311369502393,-0.950288920792,0.));
#2075 = ORIENTED_EDGE('',*,*,#2076,.F.);
#2076 = EDGE_CURVE('',#2077,#2069,#2079,.T.);
#2077 = VERTEX_POINT('',#2078);
#2078 = CARTESIAN_POINT('',(49.974800109863,-34.26229953765,0.89));
#2079 = LINE('',#2080,#2081);
#2080 = CARTESIAN_POINT('',(51.534661817838,-31.26939187569,0.89));
#2081 = VECTOR('',#2082,1.);
#2082 = DIRECTION('',(-0.462180438928,-0.886785905319,0.));
#2083 = ORIENTED_EDGE('',*,*,#2084,.F.);
#2084 = EDGE_CURVE('',#2085,#2077,#2087,.T.);
#2085 = VERTEX_POINT('',#2086);
#2086 = CARTESIAN_POINT('',(50.818901062012,-33.13819980621,0.89));
#2087 = LINE('',#2088,#2089);
#2088 = CARTESIAN_POINT('',(53.107708810718,-30.09016607387,0.89));
#2089 = VECTOR('',#2090,1.);
#2090 = DIRECTION('',(-0.600467080813,-0.799649476246,0.));
#2091 = ORIENTED_EDGE('',*,*,#2092,.F.);
#2092 = EDGE_CURVE('',#2093,#2085,#2095,.T.);
#2093 = VERTEX_POINT('',#2094);
#2094 = CARTESIAN_POINT('',(64.982299804688,-17.18460083007,0.89));
#2095 = LINE('',#2096,#2097);
#2096 = CARTESIAN_POINT('',(57.472856470947,-25.64320950565,0.89));
#2097 = VECTOR('',#2098,1.);
#2098 = DIRECTION('',(-0.663903427665,-0.747818319337,0.));
#2099 = ORIENTED_EDGE('',*,*,#2100,.F.);
#2100 = EDGE_CURVE('',#2101,#2093,#2103,.T.);
#2101 = VERTEX_POINT('',#2102);
#2102 = CARTESIAN_POINT('',(65.29280090332,-16.85460090637,0.89));
#2103 = LINE('',#2104,#2105);
#2104 = CARTESIAN_POINT('',(61.088961752258,-21.32243243814,0.89));
#2105 = VECTOR('',#2106,1.);
#2106 = DIRECTION('',(-0.68526280073,-0.728295883509,0.));
#2107 = ORIENTED_EDGE('',*,*,#2108,.F.);
#2108 = EDGE_CURVE('',#2109,#2101,#2111,.T.);
#2109 = VERTEX_POINT('',#2110);
#2110 = CARTESIAN_POINT('',(65.671798706055,-16.606300354,0.89));
#2111 = LINE('',#2112,#2113);
#2112 = CARTESIAN_POINT('',(61.741953020183,-19.18094022654,0.89));
#2113 = VECTOR('',#2114,1.);
#2114 = DIRECTION('',(-0.836469580253,-0.548013358699,0.));
#2115 = ORIENTED_EDGE('',*,*,#2116,.F.);
#2116 = EDGE_CURVE('',#2117,#2109,#2119,.T.);
#2117 = VERTEX_POINT('',#2118);
#2118 = CARTESIAN_POINT('',(66.098300933838,-16.4533996582,0.89));
#2119 = LINE('',#2120,#2121);
#2120 = CARTESIAN_POINT('',(63.260392518022,-17.47078747737,0.89));
#2121 = VECTOR('',#2122,1.);
#2122 = DIRECTION('',(-0.941336830486,-0.33746847493,0.));
#2123 = ORIENTED_EDGE('',*,*,#2124,.F.);
#2124 = EDGE_CURVE('',#2125,#2117,#2127,.T.);
#2125 = VERTEX_POINT('',#2126);
#2126 = CARTESIAN_POINT('',(66.548698425293,-16.40449905395,0.89));
#2127 = LINE('',#2128,#2129);
#2128 = CARTESIAN_POINT('',(65.381282323093,-16.53124787891,0.89));
#2129 = VECTOR('',#2130,1.);
#2130 = DIRECTION('',(-0.994157650228,-0.107937789922,0.));
#2131 = ORIENTED_EDGE('',*,*,#2132,.F.);
#2132 = EDGE_CURVE('',#2133,#2125,#2135,.T.);
#2133 = VERTEX_POINT('',#2134);
#2134 = CARTESIAN_POINT('',(66.998100280762,-16.46209907531,0.89));
#2135 = LINE('',#2136,#2137);
#2136 = CARTESIAN_POINT('',(67.706996692605,-16.5529586211,0.89));
#2137 = VECTOR('',#2138,1.);
#2138 = DIRECTION('',(-0.991886007291,0.12713043908,0.));
#2139 = ORIENTED_EDGE('',*,*,#2140,.F.);
#2140 = EDGE_CURVE('',#2141,#2133,#2143,.T.);
#2141 = VERTEX_POINT('',#2142);
#2142 = CARTESIAN_POINT('',(67.421600341797,-16.62319946289,0.89));
#2143 = LINE('',#2144,#2145);
#2144 = CARTESIAN_POINT('',(69.809682700211,-17.53163142995,0.89));
#2145 = VECTOR('',#2146,1.);
#2146 = DIRECTION('',(-0.934658674127,0.355546287957,0.));
#2147 = ORIENTED_EDGE('',*,*,#2148,.F.);
#2148 = EDGE_CURVE('',#2149,#2141,#2151,.T.);
#2149 = VERTEX_POINT('',#2150);
#2150 = CARTESIAN_POINT('',(67.795700073242,-16.87879943847,0.89));
#2151 = LINE('',#2152,#2153);
#2152 = CARTESIAN_POINT('',(71.296706195414,-19.27082756396,0.89));
#2153 = VECTOR('',#2154,1.);
#2154 = DIRECTION('',(-0.825680460443,0.564138083488,0.));
#2155 = ORIENTED_EDGE('',*,*,#2156,.F.);
#2156 = EDGE_CURVE('',#2157,#2149,#2159,.T.);
#2157 = VERTEX_POINT('',#2158);
#2158 = CARTESIAN_POINT('',(68.099700927734,-17.21470069885,0.89));
#2159 = LINE('',#2160,#2161);
#2160 = CARTESIAN_POINT('',(71.909390459644,-21.42416095694,0.89));
#2161 = VECTOR('',#2162,1.);
#2162 = DIRECTION('',(-0.671022784542,0.741436728673,0.));
#2163 = ORIENTED_EDGE('',*,*,#2164,.F.);
#2164 = EDGE_CURVE('',#2165,#2157,#2167,.T.);
#2165 = VERTEX_POINT('',#2166);
#2166 = CARTESIAN_POINT('',(81.912599563599,-33.45020008087,0.89));
#2167 = LINE('',#2168,#2169);
#2168 = CARTESIAN_POINT('',(75.430716851718,-25.83148039448,0.89));
#2169 = VECTOR('',#2170,1.);
#2170 = DIRECTION('',(-0.647994895758,0.761644677702,0.));
#2171 = ORIENTED_EDGE('',*,*,#2172,.F.);
#2172 = EDGE_CURVE('',#2173,#2165,#2175,.T.);
#2173 = VERTEX_POINT('',#2174);
#2174 = CARTESIAN_POINT('',(82.736600875854,-34.60509967804,0.89));
#2175 = LINE('',#2176,#2177);
#2176 = CARTESIAN_POINT('',(79.721762117655,-30.37957719939,0.89));
#2177 = VECTOR('',#2178,1.);
#2178 = DIRECTION('',(-0.580805464759,0.814042389625,0.));
#2179 = ORIENTED_EDGE('',*,*,#2180,.F.);
#2180 = EDGE_CURVE('',#2181,#2173,#2183,.T.);
#2181 = VERTEX_POINT('',#2182);
#2182 = CARTESIAN_POINT('',(83.352800369263,-35.883020401,0.89));
#2183 = LINE('',#2184,#2185);
#2184 = CARTESIAN_POINT('',(81.307004086821,-31.6402946405,0.89));
#2185 = VECTOR('',#2186,1.);
#2186 = DIRECTION('',(-0.434333010906,0.900752371985,0.));
#2187 = ORIENTED_EDGE('',*,*,#2188,.F.);
#2188 = EDGE_CURVE('',#2189,#2181,#2191,.T.);
#2189 = VERTEX_POINT('',#2190);
#2190 = CARTESIAN_POINT('',(83.743399620056,-37.24697017669,0.89));
#2191 = LINE('',#2192,#2193);
#2192 = CARTESIAN_POINT('',(82.61078947257,-33.29196167763,0.89));
#2193 = VECTOR('',#2194,1.);
#2194 = DIRECTION('',(-0.275307104382,0.961356332624,0.));
#2195 = ORIENTED_EDGE('',*,*,#2196,.F.);
#2196 = EDGE_CURVE('',#2197,#2189,#2199,.T.);
#2197 = VERTEX_POINT('',#2198);
#2198 = CARTESIAN_POINT('',(83.897000312805,-38.65740013122,0.89));
#2199 = LINE('',#2200,#2201);
#2200 = CARTESIAN_POINT('',(83.526872527748,-35.2587220022,0.89));
#2201 = VECTOR('',#2202,1.);
#2202 = DIRECTION('',(-0.108263346069,0.994122249976,0.));
#2203 = ORIENTED_EDGE('',*,*,#2204,.F.);
#2204 = EDGE_CURVE('',#2205,#2197,#2207,.T.);
#2205 = VERTEX_POINT('',#2206);
#2206 = CARTESIAN_POINT('',(83.809100151062,-40.0734500885,0.89));
#2207 = LINE('',#2208,#2209);
#2208 = CARTESIAN_POINT('',(83.972953716043,-37.43380951117,0.89));
#2209 = VECTOR('',#2210,1.);
#2210 = DIRECTION('',(6.195494758086E-02,0.998078947013,0.));
#2211 = ORIENTED_EDGE('',*,*,#2212,.F.);
#2212 = EDGE_CURVE('',#2213,#2205,#2215,.T.);
#2213 = VERTEX_POINT('',#2214);
#2214 = CARTESIAN_POINT('',(83.482399940491,-41.45407009124,0.89));
#2215 = LINE('',#2216,#2217);
#2216 = CARTESIAN_POINT('',(83.900465002705,-39.68734644471,0.89));
#2217 = VECTOR('',#2218,1.);
#2218 = DIRECTION('',(0.230273673315,0.973125909314,0.));
#2219 = ORIENTED_EDGE('',*,*,#2220,.F.);
#2220 = EDGE_CURVE('',#2221,#2213,#2223,.T.);
#2221 = VERTEX_POINT('',#2222);
#2222 = CARTESIAN_POINT('',(82.926200866699,-42.75927996635,0.89));
#2223 = LINE('',#2224,#2225);
#2224 = CARTESIAN_POINT('',(83.299914178172,-41.88230205039,0.89));
#2225 = VECTOR('',#2226,1.);
#2226 = DIRECTION('',(0.392026929031,0.919953741725,0.));
#2227 = ORIENTED_EDGE('',*,*,#2228,.F.);
#2228 = EDGE_CURVE('',#2229,#2221,#2231,.T.);
#2229 = VERTEX_POINT('',#2230);
#2230 = CARTESIAN_POINT('',(82.156700134277,-43.9512399435,0.89));
#2231 = LINE('',#2232,#2233);
#2232 = CARTESIAN_POINT('',(82.202492382904,-43.88030755146,0.89));
#2233 = VECTOR('',#2234,1.);
#2234 = DIRECTION('',(0.542372849853,0.840137900432,0.));
#2235 = ORIENTED_EDGE('',*,*,#2236,.F.);
#2236 = EDGE_CURVE('',#2237,#2229,#2239,.T.);
#2237 = VERTEX_POINT('',#2238);
#2238 = CARTESIAN_POINT('',(81.196199417114,-44.99543457012,0.89));
#2239 = LINE('',#2240,#2241);
#2240 = CARTESIAN_POINT('',(80.677471796135,-45.55936188931,0.89));
#2241 = VECTOR('',#2242,1.);
#2242 = DIRECTION('',(0.676996084777,0.735986617539,0.));
#2243 = ORIENTED_EDGE('',*,*,#2244,.F.);
#2244 = EDGE_CURVE('',#2245,#2237,#2247,.T.);
#2245 = VERTEX_POINT('',#2246);
#2246 = CARTESIAN_POINT('',(80.072500228882,-45.86159300804,0.89));
#2247 = LINE('',#2248,#2249);
#2248 = CARTESIAN_POINT('',(78.82562541849,-46.82269643265,0.89));
#2249 = VECTOR('',#2250,1.);
#2250 = DIRECTION('',(0.792019178385,0.61049620889,0.));
#2251 = ORIENTED_EDGE('',*,*,#2252,.F.);
#2252 = EDGE_CURVE('',#2253,#2245,#2255,.T.);
#2253 = VERTEX_POINT('',#2254);
#2254 = CARTESIAN_POINT('',(78.818199157715,-46.52462005615,0.89));
#2255 = LINE('',#2256,#2257);
#2256 = CARTESIAN_POINT('',(76.770587265578,-47.60699341907,0.89));
#2257 = VECTOR('',#2258,1.);
#2258 = DIRECTION('',(0.884083484451,0.46732899816,0.));
#2259 = ORIENTED_EDGE('',*,*,#2260,.F.);
#2260 = EDGE_CURVE('',#2261,#2253,#2263,.T.);
#2261 = VERTEX_POINT('',#2262);
#2262 = CARTESIAN_POINT('',(77.46960067749,-46.96530997753,0.89));
#2263 = LINE('',#2264,#2265);
#2264 = CARTESIAN_POINT('',(74.646249322477,-47.8879140772,0.89));
#2265 = VECTOR('',#2266,1.);
#2266 = DIRECTION('',(0.950536544773,0.310612744509,0.));
#2267 = ORIENTED_EDGE('',*,*,#2268,.F.);
#2268 = EDGE_CURVE('',#2269,#2261,#2271,.T.);
#2269 = VERTEX_POINT('',#2270);
#2270 = CARTESIAN_POINT('',(76.065799713135,-47.17089009285,0.89));
#2271 = LINE('',#2272,#2273);
#2272 = CARTESIAN_POINT('',(72.585109253513,-47.68062100502,0.89));
#2273 = VECTOR('',#2274,1.);
#2274 = DIRECTION('',(0.989446332773,0.144899808703,0.));
#2275 = ORIENTED_EDGE('',*,*,#2276,.F.);
#2276 = EDGE_CURVE('',#2277,#2269,#2279,.T.);
#2277 = VERTEX_POINT('',#2278);
#2278 = CARTESIAN_POINT('',(74.647499084473,-47.13541007041,0.89));
#2279 = LINE('',#2280,#2281);
#2280 = CARTESIAN_POINT('',(70.705853028635,-47.03680636987,0.89));
#2281 = VECTOR('',#2282,1.);
#2282 = DIRECTION('',(0.999687249934,-2.500804507472E-02,0.));
#2283 = ORIENTED_EDGE('',*,*,#2284,.F.);
#2284 = EDGE_CURVE('',#2285,#2277,#2287,.T.);
#2285 = VERTEX_POINT('',#2286);
#2286 = CARTESIAN_POINT('',(73.255699157715,-46.85988998413,0.89));
#2287 = LINE('',#2288,#2289);
#2288 = CARTESIAN_POINT('',(69.103188607784,-46.03786086698,0.89));
#2289 = VECTOR('',#2290,1.);
#2290 = DIRECTION('',(0.980963711547,-0.194191134268,0.));
#2291 = ORIENTED_EDGE('',*,*,#2292,.F.);
#2292 = EDGE_CURVE('',#2293,#2285,#2295,.T.);
#2293 = VERTEX_POINT('',#2294);
#2294 = CARTESIAN_POINT('',(71.93090057373,-46.35230994224,0.89));
#2295 = LINE('',#2296,#2297);
#2296 = CARTESIAN_POINT('',(67.840508329039,-44.78512720821,0.89));
#2297 = VECTOR('',#2298,1.);
#2298 = DIRECTION('',(0.933807217195,-0.357776579887,0.));
#2299 = ORIENTED_EDGE('',*,*,#2300,.F.);
#2300 = EDGE_CURVE('',#2301,#2293,#2303,.T.);
#2301 = VERTEX_POINT('',#2302);
#2302 = CARTESIAN_POINT('',(70.71129989624,-45.62738502025,0.89));
#2303 = LINE('',#2304,#2305);
#2304 = CARTESIAN_POINT('',(66.946378175736,-43.38953320949,0.89));
#2305 = VECTOR('',#2306,1.);
#2306 = DIRECTION('',(0.859611132106,-0.510948824795,0.));
#2307 = ORIENTED_EDGE('',*,*,#2308,.F.);
#2308 = EDGE_CURVE('',#2309,#2301,#2311,.T.);
#2309 = VERTEX_POINT('',#2310);
#2310 = CARTESIAN_POINT('',(69.632299423218,-44.70611798763,0.89));
#2311 = LINE('',#2312,#2313);
#2312 = CARTESIAN_POINT('',(66.413925554339,-41.95822137573,0.89));
#2313 = VECTOR('',#2314,1.);
#2314 = DIRECTION('',(0.760505655628,-0.649331308161,0.));
#2315 = ORIENTED_EDGE('',*,*,#2316,.F.);
#2316 = EDGE_CURVE('',#1861,#2309,#2317,.T.);
#2317 = LINE('',#2318,#2319);
#2318 = CARTESIAN_POINT('',(66.205593566979,-40.58500677731,0.89));
#2319 = VECTOR('',#2320,1.);
#2320 = DIRECTION('',(0.639352292333,-0.768913939455,0.));
#2321 = PLANE('',#2322);
#2322 = AXIS2_PLACEMENT_3D('',#2323,#2324,#2325);
#2323 = CARTESIAN_POINT('',(66.368218098503,-34.40195120151,0.89));
#2324 = DIRECTION('',(0.,0.,1.));
#2325 = DIRECTION('',(1.,0.,0.));
#2326 = ADVANCED_FACE('',(#2327),#2346,.T.);
#2327 = FACE_BOUND('',#2328,.F.);
#2328 = EDGE_LOOP('',(#2329,#2337,#2344,#2345));
#2329 = ORIENTED_EDGE('',*,*,#2330,.T.);
#2330 = EDGE_CURVE('',#1841,#2331,#2333,.T.);
#2331 = VERTEX_POINT('',#2332);
#2332 = CARTESIAN_POINT('',(67.524856345106,-44.93415150825,1.09));
#2333 = LINE('',#2334,#2335);
#2334 = CARTESIAN_POINT('',(67.524856345106,-44.93415150825,0.89));
#2335 = VECTOR('',#2336,1.);
#2336 = DIRECTION('',(0.,0.,1.));
#2337 = ORIENTED_EDGE('',*,*,#2338,.F.);
#2338 = EDGE_CURVE('',#1726,#2331,#2339,.T.);
#2339 = CIRCLE('',#2340,10.100231045259);
#2340 = AXIS2_PLACEMENT_3D('',#2341,#2342,#2343);
#2341 = CARTESIAN_POINT('',(75.501905396914,-38.73888270112,1.09));
#2342 = DIRECTION('',(0.,-0.,-1.));
#2343 = DIRECTION('',(0.794327829446,0.60748934095,-0.));
#2344 = ORIENTED_EDGE('',*,*,#1733,.F.);
#2345 = ORIENTED_EDGE('',*,*,#1849,.F.);
#2346 = CYLINDRICAL_SURFACE('',#2347,10.100231045259);
#2347 = AXIS2_PLACEMENT_3D('',#2348,#2349,#2350);
#2348 = CARTESIAN_POINT('',(75.501905396914,-38.73888270112,0.89));
#2349 = DIRECTION('',(-0.,-0.,-1.));
#2350 = DIRECTION('',(1.,0.,0.));
#2351 = ADVANCED_FACE('',(#2352),#2372,.T.);
#2352 = FACE_BOUND('',#2353,.F.);
#2353 = EDGE_LOOP('',(#2354,#2363,#2364,#2365));
#2354 = ORIENTED_EDGE('',*,*,#2355,.F.);
#2355 = EDGE_CURVE('',#1757,#2356,#2358,.T.);
#2356 = VERTEX_POINT('',#2357);
#2357 = CARTESIAN_POINT('',(65.158272865236,-15.90080745088,2.09));
#2358 = CIRCLE('',#2359,1.);
#2359 = AXIS2_PLACEMENT_3D('',#2360,#2361,#2362);
#2360 = CARTESIAN_POINT('',(65.158272865236,-15.90080745088,1.09));
#2361 = DIRECTION('',(0.657909828267,0.753096712163,-0.));
#2362 = DIRECTION('',(-0.753096712163,0.657909828267,-0.));
#2363 = ORIENTED_EDGE('',*,*,#1756,.T.);
#2364 = ORIENTED_EDGE('',*,*,#1788,.T.);
#2365 = ORIENTED_EDGE('',*,*,#2366,.F.);
#2366 = EDGE_CURVE('',#2356,#1789,#2367,.T.);
#2367 = CIRCLE('',#2368,1.870667866229);
#2368 = AXIS2_PLACEMENT_3D('',#2369,#2370,#2371);
#2369 = CARTESIAN_POINT('',(66.567066684841,-17.13153822549,2.09));
#2370 = DIRECTION('',(-0.,0.,-1.));
#2371 = DIRECTION('',(-0.753096712163,0.657909828267,0.));
#2372 = TOROIDAL_SURFACE('',#2373,1.870667866229,1.);
#2373 = AXIS2_PLACEMENT_3D('',#2374,#2375,#2376);
#2374 = CARTESIAN_POINT('',(66.567066684841,-17.13153822549,1.09));
#2375 = DIRECTION('',(0.,0.,1.));
#2376 = DIRECTION('',(-0.753096712163,0.657909828267,0.));
#2377 = ADVANCED_FACE('',(#2378),#2396,.F.);
#2378 = FACE_BOUND('',#2379,.F.);
#2379 = EDGE_LOOP('',(#2380,#2381,#2389,#2395));
#2380 = ORIENTED_EDGE('',*,*,#1765,.T.);
#2381 = ORIENTED_EDGE('',*,*,#2382,.F.);
#2382 = EDGE_CURVE('',#2383,#1757,#2385,.T.);
#2383 = VERTEX_POINT('',#2384);
#2384 = CARTESIAN_POINT('',(49.279146179197,-32.55737287739,1.09));
#2385 = LINE('',#2386,#2387);
#2386 = CARTESIAN_POINT('',(49.279146179197,-32.55737287739,1.09));
#2387 = VECTOR('',#2388,1.);
#2388 = DIRECTION('',(0.657909828267,0.753096712163,-0.));
#2389 = ORIENTED_EDGE('',*,*,#2390,.F.);
#2390 = EDGE_CURVE('',#1824,#2383,#2391,.T.);
#2391 = LINE('',#2392,#2393);
#2392 = CARTESIAN_POINT('',(49.279146179197,-32.55737287739,0.89));
#2393 = VECTOR('',#2394,1.);
#2394 = DIRECTION('',(0.,0.,1.));
#2395 = ORIENTED_EDGE('',*,*,#1823,.F.);
#2396 = PLANE('',#2397);
#2397 = AXIS2_PLACEMENT_3D('',#2398,#2399,#2400);
#2398 = CARTESIAN_POINT('',(64.405176153074,-15.24289762261,0.89));
#2399 = DIRECTION('',(0.753096712163,-0.657909828267,0.));
#2400 = DIRECTION('',(-0.657909828267,-0.753096712163,0.));
#2401 = ADVANCED_FACE('',(#2402,#2465),#2931,.T.);
#2402 = FACE_BOUND('',#2403,.T.);
#2403 = EDGE_LOOP('',(#2404,#2415,#2427,#2436,#2450,#2457,#2458,#2459));
#2404 = ORIENTED_EDGE('',*,*,#2405,.F.);
#2405 = EDGE_CURVE('',#2406,#2408,#2410,.T.);
#2406 = VERTEX_POINT('',#2407);
#2407 = CARTESIAN_POINT('',(64.769329238914,-44.43901525498,2.09));
#2408 = VERTEX_POINT('',#2409);
#2409 = CARTESIAN_POINT('',(50.067865538449,-33.1721263014,2.09));
#2410 = CIRCLE('',#2411,9.261462270157);
#2411 = AXIS2_PLACEMENT_3D('',#2412,#2413,#2414);
#2412 = CARTESIAN_POINT('',(57.37256012591,-38.86564194338,2.09));
#2413 = DIRECTION('',(0.,-0.,-1.));
#2414 = DIRECTION('',(0.798661042635,-0.601781138769,0.));
#2415 = ORIENTED_EDGE('',*,*,#2416,.T.);
#2416 = EDGE_CURVE('',#2406,#2417,#2419,.T.);
#2417 = VERTEX_POINT('',#2418);
#2418 = CARTESIAN_POINT('',(64.86332469114,-44.33125682072,2.09));
#2419 = B_SPLINE_CURVE_WITH_KNOTS('',6,(#2420,#2421,#2422,#2423,#2424,
    #2425,#2426),.UNSPECIFIED.,.F.,.F.,(7,7),(0.,1.),
  .PIECEWISE_BEZIER_KNOTS.);
#2420 = CARTESIAN_POINT('',(64.769329238914,-44.43901525498,2.09));
#2421 = CARTESIAN_POINT('',(64.783804595592,-44.41980411207,2.09));
#2422 = CARTESIAN_POINT('',(64.79822241705,-44.40137007486,2.09));
#2423 = CARTESIAN_POINT('',(64.811290911167,-44.38074319229,2.09));
#2424 = CARTESIAN_POINT('',(64.829951987788,-44.36499460369,2.09));
#2425 = CARTESIAN_POINT('',(64.846257292819,-44.34820697935,2.09));
#2426 = CARTESIAN_POINT('',(64.86332469114,-44.33125682072,2.09));
#2427 = ORIENTED_EDGE('',*,*,#2428,.F.);
#2428 = EDGE_CURVE('',#2429,#2417,#2431,.T.);
#2429 = VERTEX_POINT('',#2430);
#2430 = CARTESIAN_POINT('',(68.148240929338,-44.15223612911,2.09));
#2431 = CIRCLE('',#2432,2.473488051073);
#2432 = AXIS2_PLACEMENT_3D('',#2433,#2434,#2435);
#2433 = CARTESIAN_POINT('',(66.606306609017,-46.08629447637,2.09));
#2434 = DIRECTION('',(0.,0.,1.));
#2435 = DIRECTION('',(0.623384584232,0.781915379144,-0.));
#2436 = ORIENTED_EDGE('',*,*,#2437,.F.);
#2437 = EDGE_CURVE('',#2438,#2429,#2440,.T.);
#2438 = VERTEX_POINT('',#2439);
#2439 = CARTESIAN_POINT('',(68.314645114894,-44.32077258857,2.09));
#2440 = B_SPLINE_CURVE_WITH_KNOTS('',8,(#2441,#2442,#2443,#2444,#2445,
    #2446,#2447,#2448,#2449),.UNSPECIFIED.,.F.,.F.,(9,9),(0.,1.),
  .PIECEWISE_BEZIER_KNOTS.);
#2441 = CARTESIAN_POINT('',(68.314645114894,-44.32077258857,2.09));
#2442 = CARTESIAN_POINT('',(68.296262349305,-44.29710287747,2.09));
#2443 = CARTESIAN_POINT('',(68.278651192278,-44.27392064069,2.09));
#2444 = CARTESIAN_POINT('',(68.258272567791,-44.25151739431,2.09));
#2445 = CARTESIAN_POINT('',(68.244123895965,-44.22398391968,2.09));
#2446 = CARTESIAN_POINT('',(68.216772790095,-44.20948584578,2.09));
#2447 = CARTESIAN_POINT('',(68.194630814755,-44.18882364086,2.09));
#2448 = CARTESIAN_POINT('',(68.171674677488,-44.17091876119,2.09));
#2449 = CARTESIAN_POINT('',(68.148240929338,-44.15223612911,2.09));
#2450 = ORIENTED_EDGE('',*,*,#2451,.F.);
#2451 = EDGE_CURVE('',#1798,#2438,#2452,.T.);
#2452 = CIRCLE('',#2453,9.100231045259);
#2453 = AXIS2_PLACEMENT_3D('',#2454,#2455,#2456);
#2454 = CARTESIAN_POINT('',(75.501905396914,-38.73888270112,2.09));
#2455 = DIRECTION('',(0.,-0.,-1.));
#2456 = DIRECTION('',(0.794327829446,0.60748934095,-0.));
#2457 = ORIENTED_EDGE('',*,*,#1797,.F.);
#2458 = ORIENTED_EDGE('',*,*,#2366,.F.);
#2459 = ORIENTED_EDGE('',*,*,#2460,.F.);
#2460 = EDGE_CURVE('',#2408,#2356,#2461,.T.);
#2461 = LINE('',#2462,#2463);
#2462 = CARTESIAN_POINT('',(50.032242891359,-33.21528270565,2.09));
#2463 = VECTOR('',#2464,1.);
#2464 = DIRECTION('',(0.657909828267,0.753096712163,-0.));
#2465 = FACE_BOUND('',#2466,.T.);
#2466 = EDGE_LOOP('',(#2467,#2477,#2485,#2493,#2501,#2509,#2517,#2525,
    #2533,#2541,#2549,#2557,#2565,#2573,#2581,#2589,#2597,#2605,#2613,
    #2621,#2629,#2637,#2645,#2653,#2661,#2669,#2677,#2685,#2693,#2701,
    #2709,#2717,#2725,#2733,#2741,#2749,#2757,#2765,#2773,#2781,#2789,
    #2797,#2805,#2813,#2821,#2829,#2837,#2845,#2853,#2861,#2869,#2877,
    #2885,#2893,#2901,#2909,#2917,#2925));
#2467 = ORIENTED_EDGE('',*,*,#2468,.F.);
#2468 = EDGE_CURVE('',#2469,#2471,#2473,.T.);
#2469 = VERTEX_POINT('',#2470);
#2470 = CARTESIAN_POINT('',(68.371500015259,-43.15404999256,2.09));
#2471 = VERTEX_POINT('',#2472);
#2472 = CARTESIAN_POINT('',(68.725200653076,-43.61520004272,2.09));
#2473 = LINE('',#2474,#2475);
#2474 = CARTESIAN_POINT('',(65.975693632129,-40.03043042382,2.09));
#2475 = VECTOR('',#2476,1.);
#2476 = DIRECTION('',(0.608596539238,-0.793479837443,0.));
#2477 = ORIENTED_EDGE('',*,*,#2478,.F.);
#2478 = EDGE_CURVE('',#2479,#2469,#2481,.T.);
#2479 = VERTEX_POINT('',#2480);
#2480 = CARTESIAN_POINT('',(67.921600341797,-42.78597998619,2.09));
#2481 = LINE('',#2482,#2483);
#2482 = CARTESIAN_POINT('',(65.514330214524,-40.81655439345,2.09));
#2483 = VECTOR('',#2484,1.);
#2484 = DIRECTION('',(0.773982362138,-0.633207156544,0.));
#2485 = ORIENTED_EDGE('',*,*,#2486,.F.);
#2486 = EDGE_CURVE('',#2487,#2479,#2489,.T.);
#2487 = VERTEX_POINT('',#2488);
#2488 = CARTESIAN_POINT('',(67.399599075317,-42.53050994873,2.09));
#2489 = LINE('',#2490,#2491);
#2490 = CARTESIAN_POINT('',(65.509337552886,-41.60540648068,2.09));
#2491 = VECTOR('',#2492,1.);
#2492 = DIRECTION('',(0.898201361922,-0.439584250676,0.));
#2493 = ORIENTED_EDGE('',*,*,#2494,.F.);
#2494 = EDGE_CURVE('',#2495,#2487,#2497,.T.);
#2495 = VERTEX_POINT('',#2496);
#2496 = CARTESIAN_POINT('',(66.832901000977,-42.40116000175,2.09));
#2497 = LINE('',#2498,#2499);
#2498 = CARTESIAN_POINT('',(65.886028675446,-42.18503453628,2.09));
#2499 = VECTOR('',#2500,1.);
#2500 = DIRECTION('',(0.974926117133,-0.222528798431,0.));
#2501 = ORIENTED_EDGE('',*,*,#2502,.F.);
#2502 = EDGE_CURVE('',#2503,#2495,#2505,.T.);
#2503 = VERTEX_POINT('',#2504);
#2504 = CARTESIAN_POINT('',(66.25170135498,-42.40477991104,2.09));
#2505 = LINE('',#2506,#2507);
#2506 = CARTESIAN_POINT('',(66.480178582641,-42.40335687707,2.09));
#2507 = VECTOR('',#2508,1.);
#2508 = DIRECTION('',(0.999980604452,6.228219685457E-03,0.));
#2509 = ORIENTED_EDGE('',*,*,#2510,.F.);
#2510 = EDGE_CURVE('',#2511,#2503,#2513,.T.);
#2511 = VERTEX_POINT('',#2512);
#2512 = CARTESIAN_POINT('',(65.686698913574,-42.5411798954,2.09));
#2513 = LINE('',#2514,#2515);
#2514 = CARTESIAN_POINT('',(67.078302498452,-42.20522611307,2.09));
#2515 = VECTOR('',#2516,1.);
#2516 = DIRECTION('',(0.97207432631,0.234673185792,0.));
#2517 = ORIENTED_EDGE('',*,*,#2518,.F.);
#2518 = EDGE_CURVE('',#2519,#2511,#2521,.T.);
#2519 = VERTEX_POINT('',#2520);
#2520 = CARTESIAN_POINT('',(65.167900085449,-42.803139925,2.09));
#2521 = LINE('',#2522,#2523);
#2522 = CARTESIAN_POINT('',(67.465946872502,-41.64277414981,2.09));
#2523 = VECTOR('',#2524,1.);
#2524 = DIRECTION('',(0.892657903082,0.450734809022,0.));
#2525 = ORIENTED_EDGE('',*,*,#2526,.F.);
#2526 = EDGE_CURVE('',#2527,#2519,#2529,.T.);
#2527 = VERTEX_POINT('',#2528);
#2528 = CARTESIAN_POINT('',(64.722599029541,-43.17677998542,2.09));
#2529 = LINE('',#2530,#2531);
#2530 = CARTESIAN_POINT('',(67.477149361351,-40.86551137565,2.09));
#2531 = VECTOR('',#2532,1.);
#2532 = DIRECTION('',(0.766054516019,0.64277560508,0.));
#2533 = ORIENTED_EDGE('',*,*,#2534,.F.);
#2534 = EDGE_CURVE('',#2535,#2527,#2537,.T.);
#2535 = VERTEX_POINT('',#2536);
#2536 = CARTESIAN_POINT('',(64.374599456787,-43.6423100233,2.09));
#2537 = LINE('',#2538,#2539);
#2538 = CARTESIAN_POINT('',(67.034570407578,-40.08398273088,2.09));
#2539 = VECTOR('',#2540,1.);
#2540 = DIRECTION('',(0.598735209993,0.800947032153,0.));
#2541 = ORIENTED_EDGE('',*,*,#2542,.F.);
#2542 = EDGE_CURVE('',#2543,#2535,#2545,.T.);
#2543 = VERTEX_POINT('',#2544);
#2544 = CARTESIAN_POINT('',(63.496898651123,-44.74035900831,2.09));
#2545 = LINE('',#2546,#2547);
#2546 = CARTESIAN_POINT('',(66.797103480489,-40.61163252224,2.09));
#2547 = VECTOR('',#2548,1.);
#2548 = DIRECTION('',(0.624374710257,0.781124971558,0.));
#2549 = ORIENTED_EDGE('',*,*,#2550,.F.);
#2550 = EDGE_CURVE('',#2551,#2543,#2553,.T.);
#2551 = VERTEX_POINT('',#2552);
#2552 = CARTESIAN_POINT('',(62.451999664307,-45.68063098192,2.09));
#2553 = LINE('',#2554,#2555);
#2554 = CARTESIAN_POINT('',(66.599242600444,-41.94865655204,2.09));
#2555 = VECTOR('',#2556,1.);
#2556 = DIRECTION('',(0.743342646572,0.668910838444,0.));
#2557 = ORIENTED_EDGE('',*,*,#2558,.F.);
#2558 = EDGE_CURVE('',#2559,#2551,#2561,.T.);
#2559 = VERTEX_POINT('',#2560);
#2560 = CARTESIAN_POINT('',(61.267700195312,-46.43797004222,2.09));
#2561 = LINE('',#2562,#2563);
#2562 = CARTESIAN_POINT('',(66.105260429411,-43.34443380601,2.09));
#2563 = VECTOR('',#2564,1.);
#2564 = DIRECTION('',(0.842469201858,0.538744507092,0.));
#2565 = ORIENTED_EDGE('',*,*,#2566,.F.);
#2566 = EDGE_CURVE('',#2567,#2559,#2569,.T.);
#2567 = VERTEX_POINT('',#2568);
#2568 = CARTESIAN_POINT('',(59.975799560547,-46.99210000038,2.09));
#2569 = LINE('',#2570,#2571);
#2570 = CARTESIAN_POINT('',(65.278878290226,-44.71747088767,2.09));
#2571 = VECTOR('',#2572,1.);
#2572 = DIRECTION('',(0.919026956678,0.394194689081,0.));
#2573 = ORIENTED_EDGE('',*,*,#2574,.F.);
#2574 = EDGE_CURVE('',#2575,#2567,#2577,.T.);
#2575 = VERTEX_POINT('',#2576);
#2576 = CARTESIAN_POINT('',(58.610801696777,-47.32820010185,2.09));
#2577 = LINE('',#2578,#2579);
#2578 = CARTESIAN_POINT('',(64.109474433745,-45.97427529808,2.09));
#2579 = VECTOR('',#2580,1.);
#2580 = DIRECTION('',(0.970998263104,0.239086538829,0.));
#2581 = ORIENTED_EDGE('',*,*,#2582,.F.);
#2582 = EDGE_CURVE('',#2583,#2575,#2585,.T.);
#2583 = VERTEX_POINT('',#2584);
#2584 = CARTESIAN_POINT('',(57.209400177002,-47.43728995323,2.09));
#2585 = LINE('',#2586,#2587);
#2586 = CARTESIAN_POINT('',(62.615878940677,-47.01643129388,2.09));
#2587 = VECTOR('',#2588,1.);
#2588 = DIRECTION('',(0.996983903306,7.760861131125E-02,0.));
#2589 = ORIENTED_EDGE('',*,*,#2590,.F.);
#2590 = EDGE_CURVE('',#2591,#2583,#2593,.T.);
#2591 = VERTEX_POINT('',#2592);
#2592 = CARTESIAN_POINT('',(55.808799743652,-47.31643009185,2.09));
#2593 = LINE('',#2594,#2595);
#2594 = CARTESIAN_POINT('',(60.846549503793,-47.75114489213,2.09));
#2595 = VECTOR('',#2596,1.);
#2596 = DIRECTION('',(0.99629755577,-8.597197431213E-02,0.));
#2597 = ORIENTED_EDGE('',*,*,#2598,.F.);
#2598 = EDGE_CURVE('',#2599,#2591,#2601,.T.);
#2599 = VERTEX_POINT('',#2600);
#2600 = CARTESIAN_POINT('',(54.446800231934,-46.96887004375,2.09));
#2601 = LINE('',#2602,#2603);
#2602 = CARTESIAN_POINT('',(58.878179923177,-48.09968582261,2.09));
#2603 = VECTOR('',#2604,1.);
#2604 = DIRECTION('',(0.968949165533,-0.247260014181,0.));
#2605 = ORIENTED_EDGE('',*,*,#2606,.F.);
#2606 = EDGE_CURVE('',#2607,#2599,#2609,.T.);
#2607 = VERTEX_POINT('',#2608);
#2608 = CARTESIAN_POINT('',(53.159599304199,-46.40389001369,2.09));
#2609 = LINE('',#2610,#2611);
#2610 = CARTESIAN_POINT('',(56.810413818422,-48.00631062227,2.09));
#2611 = VECTOR('',#2612,1.);
#2612 = DIRECTION('',(0.915678739746,-0.401910992107,0.));
#2613 = ORIENTED_EDGE('',*,*,#2614,.F.);
#2614 = EDGE_CURVE('',#2615,#2607,#2617,.T.);
#2615 = VERTEX_POINT('',#2616);
#2616 = CARTESIAN_POINT('',(51.981700897217,-45.63663202524,2.09));
#2617 = LINE('',#2618,#2619);
#2618 = CARTESIAN_POINT('',(54.757574540521,-47.44477712089,2.09));
#2619 = VECTOR('',#2620,1.);
#2620 = DIRECTION('',(0.837915330088,-0.545800237819,0.));
#2621 = ORIENTED_EDGE('',*,*,#2622,.F.);
#2622 = EDGE_CURVE('',#2623,#2615,#2625,.T.);
#2623 = VERTEX_POINT('',#2624);
#2624 = CARTESIAN_POINT('',(50.94469833374,-44.68761000037,2.09));
#2625 = LINE('',#2626,#2627);
#2626 = CARTESIAN_POINT('',(52.839447594083,-46.42160646576,2.09));
#2627 = VECTOR('',#2628,1.);
#2628 = DIRECTION('',(0.737707975047,-0.675119947529,0.));
#2629 = ORIENTED_EDGE('',*,*,#2630,.F.);
#2630 = EDGE_CURVE('',#2631,#2623,#2633,.T.);
#2631 = VERTEX_POINT('',#2632);
#2632 = CARTESIAN_POINT('',(50.076198577881,-43.5822199583,2.09));
#2633 = LINE('',#2634,#2635);
#2634 = CARTESIAN_POINT('',(51.172695976702,-44.97779583225,2.09));
#2635 = VECTOR('',#2636,1.);
#2636 = DIRECTION('',(0.617812319232,-0.786325592999,0.));
#2637 = ORIENTED_EDGE('',*,*,#2638,.F.);
#2638 = EDGE_CURVE('',#2639,#2631,#2641,.T.);
#2639 = VERTEX_POINT('',#2640);
#2640 = CARTESIAN_POINT('',(49.399600982666,-42.35003995895,2.09));
#2641 = LINE('',#2642,#2643);
#2642 = CARTESIAN_POINT('',(49.857640648541,-43.18419503014,2.09));
#2643 = VECTOR('',#2644,1.);
#2644 = DIRECTION('',(0.481317088715,-0.876546553305,0.));
#2645 = ORIENTED_EDGE('',*,*,#2646,.F.);
#2646 = EDGE_CURVE('',#2647,#2639,#2649,.T.);
#2647 = VERTEX_POINT('',#2648);
#2648 = CARTESIAN_POINT('',(48.932899475098,-41.02403998374,2.09));
#2649 = LINE('',#2650,#2651);
#2650 = CARTESIAN_POINT('',(48.973550217893,-41.13953754067,2.09));
#2651 = VECTOR('',#2652,1.);
#2652 = DIRECTION('',(0.331998604086,-0.943279877282,0.));
#2653 = ORIENTED_EDGE('',*,*,#2654,.F.);
#2654 = EDGE_CURVE('',#2655,#2647,#2657,.T.);
#2655 = VERTEX_POINT('',#2656);
#2656 = CARTESIAN_POINT('',(48.688701629639,-39.63969993591,2.09));
#2657 = LINE('',#2658,#2659);
#2658 = CARTESIAN_POINT('',(48.568488503015,-38.95822035468,2.09));
#2659 = VECTOR('',#2660,1.);
#2660 = DIRECTION('',(0.173718098056,-0.984795421602,0.));
#2661 = ORIENTED_EDGE('',*,*,#2662,.F.);
#2662 = EDGE_CURVE('',#2663,#2655,#2665,.T.);
#2663 = VERTEX_POINT('',#2664);
#2664 = CARTESIAN_POINT('',(48.673400878906,-38.23405981063,2.09));
#2665 = LINE('',#2666,#2667);
#2666 = CARTESIAN_POINT('',(48.657419992884,-36.7659374274,2.09));
#2667 = VECTOR('',#2668,1.);
#2668 = DIRECTION('',(1.088460983313E-02,-0.99994076088,0.));
#2669 = ORIENTED_EDGE('',*,*,#2670,.F.);
#2670 = EDGE_CURVE('',#2671,#2663,#2673,.T.);
#2671 = VERTEX_POINT('',#2672);
#2672 = CARTESIAN_POINT('',(48.887401580811,-36.84471988678,2.09));
#2673 = LINE('',#2674,#2675);
#2674 = CARTESIAN_POINT('',(49.2202354972,-34.68388843183,2.09));
#2675 = VECTOR('',#2676,1.);
#2676 = DIRECTION('',(-0.152235151843,-0.988344301619,0.));
#2677 = ORIENTED_EDGE('',*,*,#2678,.F.);
#2678 = EDGE_CURVE('',#2679,#2671,#2681,.T.);
#2679 = VERTEX_POINT('',#2680);
#2680 = CARTESIAN_POINT('',(49.325099945068,-35.50887966156,2.09));
#2681 = LINE('',#2682,#2683);
#2682 = CARTESIAN_POINT('',(50.205613825076,-32.82158184226,2.09));
#2683 = VECTOR('',#2684,1.);
#2684 = DIRECTION('',(-0.311369502393,-0.950288920792,0.));
#2685 = ORIENTED_EDGE('',*,*,#2686,.F.);
#2686 = EDGE_CURVE('',#2687,#2679,#2689,.T.);
#2687 = VERTEX_POINT('',#2688);
#2688 = CARTESIAN_POINT('',(49.974800109863,-34.26229953765,2.09));
#2689 = LINE('',#2690,#2691);
#2690 = CARTESIAN_POINT('',(51.534661817838,-31.26939187569,2.09));
#2691 = VECTOR('',#2692,1.);
#2692 = DIRECTION('',(-0.462180438928,-0.886785905319,0.));
#2693 = ORIENTED_EDGE('',*,*,#2694,.F.);
#2694 = EDGE_CURVE('',#2695,#2687,#2697,.T.);
#2695 = VERTEX_POINT('',#2696);
#2696 = CARTESIAN_POINT('',(50.818901062012,-33.13819980621,2.09));
#2697 = LINE('',#2698,#2699);
#2698 = CARTESIAN_POINT('',(53.107708810718,-30.09016607387,2.09));
#2699 = VECTOR('',#2700,1.);
#2700 = DIRECTION('',(-0.600467080813,-0.799649476246,0.));
#2701 = ORIENTED_EDGE('',*,*,#2702,.F.);
#2702 = EDGE_CURVE('',#2703,#2695,#2705,.T.);
#2703 = VERTEX_POINT('',#2704);
#2704 = CARTESIAN_POINT('',(64.982299804688,-17.18460083007,2.09));
#2705 = LINE('',#2706,#2707);
#2706 = CARTESIAN_POINT('',(57.472856470947,-25.64320950565,2.09));
#2707 = VECTOR('',#2708,1.);
#2708 = DIRECTION('',(-0.663903427665,-0.747818319337,0.));
#2709 = ORIENTED_EDGE('',*,*,#2710,.F.);
#2710 = EDGE_CURVE('',#2711,#2703,#2713,.T.);
#2711 = VERTEX_POINT('',#2712);
#2712 = CARTESIAN_POINT('',(65.29280090332,-16.85460090637,2.09));
#2713 = LINE('',#2714,#2715);
#2714 = CARTESIAN_POINT('',(61.088961752258,-21.32243243814,2.09));
#2715 = VECTOR('',#2716,1.);
#2716 = DIRECTION('',(-0.68526280073,-0.728295883509,0.));
#2717 = ORIENTED_EDGE('',*,*,#2718,.F.);
#2718 = EDGE_CURVE('',#2719,#2711,#2721,.T.);
#2719 = VERTEX_POINT('',#2720);
#2720 = CARTESIAN_POINT('',(65.671798706055,-16.606300354,2.09));
#2721 = LINE('',#2722,#2723);
#2722 = CARTESIAN_POINT('',(61.741953020183,-19.18094022654,2.09));
#2723 = VECTOR('',#2724,1.);
#2724 = DIRECTION('',(-0.836469580253,-0.548013358699,0.));
#2725 = ORIENTED_EDGE('',*,*,#2726,.F.);
#2726 = EDGE_CURVE('',#2727,#2719,#2729,.T.);
#2727 = VERTEX_POINT('',#2728);
#2728 = CARTESIAN_POINT('',(66.098300933838,-16.4533996582,2.09));
#2729 = LINE('',#2730,#2731);
#2730 = CARTESIAN_POINT('',(63.260392518022,-17.47078747737,2.09));
#2731 = VECTOR('',#2732,1.);
#2732 = DIRECTION('',(-0.941336830486,-0.33746847493,0.));
#2733 = ORIENTED_EDGE('',*,*,#2734,.F.);
#2734 = EDGE_CURVE('',#2735,#2727,#2737,.T.);
#2735 = VERTEX_POINT('',#2736);
#2736 = CARTESIAN_POINT('',(66.548698425293,-16.40449905395,2.09));
#2737 = LINE('',#2738,#2739);
#2738 = CARTESIAN_POINT('',(65.381282323093,-16.53124787891,2.09));
#2739 = VECTOR('',#2740,1.);
#2740 = DIRECTION('',(-0.994157650228,-0.107937789922,0.));
#2741 = ORIENTED_EDGE('',*,*,#2742,.F.);
#2742 = EDGE_CURVE('',#2743,#2735,#2745,.T.);
#2743 = VERTEX_POINT('',#2744);
#2744 = CARTESIAN_POINT('',(66.998100280762,-16.46209907531,2.09));
#2745 = LINE('',#2746,#2747);
#2746 = CARTESIAN_POINT('',(67.706996692605,-16.5529586211,2.09));
#2747 = VECTOR('',#2748,1.);
#2748 = DIRECTION('',(-0.991886007291,0.12713043908,0.));
#2749 = ORIENTED_EDGE('',*,*,#2750,.F.);
#2750 = EDGE_CURVE('',#2751,#2743,#2753,.T.);
#2751 = VERTEX_POINT('',#2752);
#2752 = CARTESIAN_POINT('',(67.421600341797,-16.62319946289,2.09));
#2753 = LINE('',#2754,#2755);
#2754 = CARTESIAN_POINT('',(69.809682700211,-17.53163142995,2.09));
#2755 = VECTOR('',#2756,1.);
#2756 = DIRECTION('',(-0.934658674127,0.355546287957,0.));
#2757 = ORIENTED_EDGE('',*,*,#2758,.F.);
#2758 = EDGE_CURVE('',#2759,#2751,#2761,.T.);
#2759 = VERTEX_POINT('',#2760);
#2760 = CARTESIAN_POINT('',(67.795700073242,-16.87879943847,2.09));
#2761 = LINE('',#2762,#2763);
#2762 = CARTESIAN_POINT('',(71.296706195414,-19.27082756396,2.09));
#2763 = VECTOR('',#2764,1.);
#2764 = DIRECTION('',(-0.825680460443,0.564138083488,0.));
#2765 = ORIENTED_EDGE('',*,*,#2766,.F.);
#2766 = EDGE_CURVE('',#2767,#2759,#2769,.T.);
#2767 = VERTEX_POINT('',#2768);
#2768 = CARTESIAN_POINT('',(68.099700927734,-17.21470069885,2.09));
#2769 = LINE('',#2770,#2771);
#2770 = CARTESIAN_POINT('',(71.909390459644,-21.42416095694,2.09));
#2771 = VECTOR('',#2772,1.);
#2772 = DIRECTION('',(-0.671022784542,0.741436728673,0.));
#2773 = ORIENTED_EDGE('',*,*,#2774,.F.);
#2774 = EDGE_CURVE('',#2775,#2767,#2777,.T.);
#2775 = VERTEX_POINT('',#2776);
#2776 = CARTESIAN_POINT('',(81.912599563599,-33.45020008087,2.09));
#2777 = LINE('',#2778,#2779);
#2778 = CARTESIAN_POINT('',(75.430716851718,-25.83148039448,2.09));
#2779 = VECTOR('',#2780,1.);
#2780 = DIRECTION('',(-0.647994895758,0.761644677702,0.));
#2781 = ORIENTED_EDGE('',*,*,#2782,.F.);
#2782 = EDGE_CURVE('',#2783,#2775,#2785,.T.);
#2783 = VERTEX_POINT('',#2784);
#2784 = CARTESIAN_POINT('',(82.736600875854,-34.60509967804,2.09));
#2785 = LINE('',#2786,#2787);
#2786 = CARTESIAN_POINT('',(79.721762117655,-30.37957719939,2.09));
#2787 = VECTOR('',#2788,1.);
#2788 = DIRECTION('',(-0.580805464759,0.814042389625,0.));
#2789 = ORIENTED_EDGE('',*,*,#2790,.F.);
#2790 = EDGE_CURVE('',#2791,#2783,#2793,.T.);
#2791 = VERTEX_POINT('',#2792);
#2792 = CARTESIAN_POINT('',(83.352800369263,-35.883020401,2.09));
#2793 = LINE('',#2794,#2795);
#2794 = CARTESIAN_POINT('',(81.307004086821,-31.6402946405,2.09));
#2795 = VECTOR('',#2796,1.);
#2796 = DIRECTION('',(-0.434333010906,0.900752371985,0.));
#2797 = ORIENTED_EDGE('',*,*,#2798,.F.);
#2798 = EDGE_CURVE('',#2799,#2791,#2801,.T.);
#2799 = VERTEX_POINT('',#2800);
#2800 = CARTESIAN_POINT('',(83.743399620056,-37.24697017669,2.09));
#2801 = LINE('',#2802,#2803);
#2802 = CARTESIAN_POINT('',(82.61078947257,-33.29196167763,2.09));
#2803 = VECTOR('',#2804,1.);
#2804 = DIRECTION('',(-0.275307104382,0.961356332624,0.));
#2805 = ORIENTED_EDGE('',*,*,#2806,.F.);
#2806 = EDGE_CURVE('',#2807,#2799,#2809,.T.);
#2807 = VERTEX_POINT('',#2808);
#2808 = CARTESIAN_POINT('',(83.897000312805,-38.65740013122,2.09));
#2809 = LINE('',#2810,#2811);
#2810 = CARTESIAN_POINT('',(83.526872527748,-35.2587220022,2.09));
#2811 = VECTOR('',#2812,1.);
#2812 = DIRECTION('',(-0.108263346069,0.994122249976,0.));
#2813 = ORIENTED_EDGE('',*,*,#2814,.F.);
#2814 = EDGE_CURVE('',#2815,#2807,#2817,.T.);
#2815 = VERTEX_POINT('',#2816);
#2816 = CARTESIAN_POINT('',(83.809100151062,-40.0734500885,2.09));
#2817 = LINE('',#2818,#2819);
#2818 = CARTESIAN_POINT('',(83.972953716043,-37.43380951117,2.09));
#2819 = VECTOR('',#2820,1.);
#2820 = DIRECTION('',(6.195494758086E-02,0.998078947013,0.));
#2821 = ORIENTED_EDGE('',*,*,#2822,.F.);
#2822 = EDGE_CURVE('',#2823,#2815,#2825,.T.);
#2823 = VERTEX_POINT('',#2824);
#2824 = CARTESIAN_POINT('',(83.482399940491,-41.45407009124,2.09));
#2825 = LINE('',#2826,#2827);
#2826 = CARTESIAN_POINT('',(83.900465002705,-39.68734644471,2.09));
#2827 = VECTOR('',#2828,1.);
#2828 = DIRECTION('',(0.230273673315,0.973125909314,0.));
#2829 = ORIENTED_EDGE('',*,*,#2830,.F.);
#2830 = EDGE_CURVE('',#2831,#2823,#2833,.T.);
#2831 = VERTEX_POINT('',#2832);
#2832 = CARTESIAN_POINT('',(82.926200866699,-42.75927996635,2.09));
#2833 = LINE('',#2834,#2835);
#2834 = CARTESIAN_POINT('',(83.299914178172,-41.88230205039,2.09));
#2835 = VECTOR('',#2836,1.);
#2836 = DIRECTION('',(0.392026929031,0.919953741725,0.));
#2837 = ORIENTED_EDGE('',*,*,#2838,.F.);
#2838 = EDGE_CURVE('',#2839,#2831,#2841,.T.);
#2839 = VERTEX_POINT('',#2840);
#2840 = CARTESIAN_POINT('',(82.156700134277,-43.9512399435,2.09));
#2841 = LINE('',#2842,#2843);
#2842 = CARTESIAN_POINT('',(82.202492382904,-43.88030755146,2.09));
#2843 = VECTOR('',#2844,1.);
#2844 = DIRECTION('',(0.542372849853,0.840137900432,0.));
#2845 = ORIENTED_EDGE('',*,*,#2846,.F.);
#2846 = EDGE_CURVE('',#2847,#2839,#2849,.T.);
#2847 = VERTEX_POINT('',#2848);
#2848 = CARTESIAN_POINT('',(81.196199417114,-44.99543457012,2.09));
#2849 = LINE('',#2850,#2851);
#2850 = CARTESIAN_POINT('',(80.677471796135,-45.55936188931,2.09));
#2851 = VECTOR('',#2852,1.);
#2852 = DIRECTION('',(0.676996084777,0.735986617539,0.));
#2853 = ORIENTED_EDGE('',*,*,#2854,.F.);
#2854 = EDGE_CURVE('',#2855,#2847,#2857,.T.);
#2855 = VERTEX_POINT('',#2856);
#2856 = CARTESIAN_POINT('',(80.072500228882,-45.86159300804,2.09));
#2857 = LINE('',#2858,#2859);
#2858 = CARTESIAN_POINT('',(78.82562541849,-46.82269643265,2.09));
#2859 = VECTOR('',#2860,1.);
#2860 = DIRECTION('',(0.792019178385,0.61049620889,0.));
#2861 = ORIENTED_EDGE('',*,*,#2862,.F.);
#2862 = EDGE_CURVE('',#2863,#2855,#2865,.T.);
#2863 = VERTEX_POINT('',#2864);
#2864 = CARTESIAN_POINT('',(78.818199157715,-46.52462005615,2.09));
#2865 = LINE('',#2866,#2867);
#2866 = CARTESIAN_POINT('',(76.770587265578,-47.60699341907,2.09));
#2867 = VECTOR('',#2868,1.);
#2868 = DIRECTION('',(0.884083484451,0.46732899816,0.));
#2869 = ORIENTED_EDGE('',*,*,#2870,.F.);
#2870 = EDGE_CURVE('',#2871,#2863,#2873,.T.);
#2871 = VERTEX_POINT('',#2872);
#2872 = CARTESIAN_POINT('',(77.46960067749,-46.96530997753,2.09));
#2873 = LINE('',#2874,#2875);
#2874 = CARTESIAN_POINT('',(74.646249322477,-47.8879140772,2.09));
#2875 = VECTOR('',#2876,1.);
#2876 = DIRECTION('',(0.950536544773,0.310612744509,0.));
#2877 = ORIENTED_EDGE('',*,*,#2878,.F.);
#2878 = EDGE_CURVE('',#2879,#2871,#2881,.T.);
#2879 = VERTEX_POINT('',#2880);
#2880 = CARTESIAN_POINT('',(76.065799713135,-47.17089009285,2.09));
#2881 = LINE('',#2882,#2883);
#2882 = CARTESIAN_POINT('',(72.585109253513,-47.68062100502,2.09));
#2883 = VECTOR('',#2884,1.);
#2884 = DIRECTION('',(0.989446332773,0.144899808703,0.));
#2885 = ORIENTED_EDGE('',*,*,#2886,.F.);
#2886 = EDGE_CURVE('',#2887,#2879,#2889,.T.);
#2887 = VERTEX_POINT('',#2888);
#2888 = CARTESIAN_POINT('',(74.647499084473,-47.13541007041,2.09));
#2889 = LINE('',#2890,#2891);
#2890 = CARTESIAN_POINT('',(70.705853028635,-47.03680636987,2.09));
#2891 = VECTOR('',#2892,1.);
#2892 = DIRECTION('',(0.999687249934,-2.500804507472E-02,0.));
#2893 = ORIENTED_EDGE('',*,*,#2894,.F.);
#2894 = EDGE_CURVE('',#2895,#2887,#2897,.T.);
#2895 = VERTEX_POINT('',#2896);
#2896 = CARTESIAN_POINT('',(73.255699157715,-46.85988998413,2.09));
#2897 = LINE('',#2898,#2899);
#2898 = CARTESIAN_POINT('',(69.103188607784,-46.03786086698,2.09));
#2899 = VECTOR('',#2900,1.);
#2900 = DIRECTION('',(0.980963711547,-0.194191134268,0.));
#2901 = ORIENTED_EDGE('',*,*,#2902,.F.);
#2902 = EDGE_CURVE('',#2903,#2895,#2905,.T.);
#2903 = VERTEX_POINT('',#2904);
#2904 = CARTESIAN_POINT('',(71.93090057373,-46.35230994224,2.09));
#2905 = LINE('',#2906,#2907);
#2906 = CARTESIAN_POINT('',(67.840508329039,-44.78512720821,2.09));
#2907 = VECTOR('',#2908,1.);
#2908 = DIRECTION('',(0.933807217195,-0.357776579887,0.));
#2909 = ORIENTED_EDGE('',*,*,#2910,.F.);
#2910 = EDGE_CURVE('',#2911,#2903,#2913,.T.);
#2911 = VERTEX_POINT('',#2912);
#2912 = CARTESIAN_POINT('',(70.71129989624,-45.62738502025,2.09));
#2913 = LINE('',#2914,#2915);
#2914 = CARTESIAN_POINT('',(66.946378175736,-43.38953320949,2.09));
#2915 = VECTOR('',#2916,1.);
#2916 = DIRECTION('',(0.859611132106,-0.510948824795,0.));
#2917 = ORIENTED_EDGE('',*,*,#2918,.F.);
#2918 = EDGE_CURVE('',#2919,#2911,#2921,.T.);
#2919 = VERTEX_POINT('',#2920);
#2920 = CARTESIAN_POINT('',(69.632299423218,-44.70611798763,2.09));
#2921 = LINE('',#2922,#2923);
#2922 = CARTESIAN_POINT('',(66.413925554339,-41.95822137573,2.09));
#2923 = VECTOR('',#2924,1.);
#2924 = DIRECTION('',(0.760505655628,-0.649331308161,0.));
#2925 = ORIENTED_EDGE('',*,*,#2926,.F.);
#2926 = EDGE_CURVE('',#2471,#2919,#2927,.T.);
#2927 = LINE('',#2928,#2929);
#2928 = CARTESIAN_POINT('',(66.205593566979,-40.58500677731,2.09));
#2929 = VECTOR('',#2930,1.);
#2930 = DIRECTION('',(0.639352292333,-0.768913939455,0.));
#2931 = PLANE('',#2932);
#2932 = AXIS2_PLACEMENT_3D('',#2933,#2934,#2935);
#2933 = CARTESIAN_POINT('',(66.368218098503,-34.40195120151,2.09));
#2934 = DIRECTION('',(0.,0.,1.));
#2935 = DIRECTION('',(1.,0.,0.));
#2936 = ADVANCED_FACE('',(#2937),#2954,.T.);
#2937 = FACE_BOUND('',#2938,.F.);
#2938 = EDGE_LOOP('',(#2939,#2940,#2941,#2953));
#2939 = ORIENTED_EDGE('',*,*,#1805,.F.);
#2940 = ORIENTED_EDGE('',*,*,#2338,.T.);
#2941 = ORIENTED_EDGE('',*,*,#2942,.F.);
#2942 = EDGE_CURVE('',#2438,#2331,#2943,.T.);
#2943 = B_SPLINE_CURVE_WITH_KNOTS('',8,(#2944,#2945,#2946,#2947,#2948,
    #2949,#2950,#2951,#2952),.UNSPECIFIED.,.F.,.F.,(9,9),(0.,1.),
  .PIECEWISE_BEZIER_KNOTS.);
#2944 = CARTESIAN_POINT('',(68.314645114894,-44.32077258857,2.09));
#2945 = CARTESIAN_POINT('',(68.159570452578,-44.44120925781,2.09));
#2946 = CARTESIAN_POINT('',(68.004495741449,-44.56164596497,
    2.045939211039));
#2947 = CARTESIAN_POINT('',(67.858531648012,-44.67500703235,
    1.957818065871));
#2948 = CARTESIAN_POINT('',(67.730786851611,-44.77421832556,
    1.82925875578));
#2949 = CARTESIAN_POINT('',(67.62925215225,-44.85307389629,
    1.667513234335));
#2950 = CARTESIAN_POINT('',(67.559655061415,-44.90712554912,
    1.482699143504));
#2951 = CARTESIAN_POINT('',(67.524856345106,-44.93415150825,
    1.286349540849));
#2952 = CARTESIAN_POINT('',(67.524856345106,-44.93415150825,1.09));
#2953 = ORIENTED_EDGE('',*,*,#2451,.F.);
#2954 = TOROIDAL_SURFACE('',#2955,9.100231045259,1.);
#2955 = AXIS2_PLACEMENT_3D('',#2956,#2957,#2958);
#2956 = CARTESIAN_POINT('',(75.501905396914,-38.73888270112,1.09));
#2957 = DIRECTION('',(0.,0.,1.));
#2958 = DIRECTION('',(0.794327829446,0.60748934095,-0.));
#2959 = ADVANCED_FACE('',(#2960),#2979,.F.);
#2960 = FACE_BOUND('',#2961,.T.);
#2961 = EDGE_LOOP('',(#2962,#2963,#2972,#2978));
#2962 = ORIENTED_EDGE('',*,*,#2330,.T.);
#2963 = ORIENTED_EDGE('',*,*,#2964,.T.);
#2964 = EDGE_CURVE('',#2331,#2965,#2967,.T.);
#2965 = VERTEX_POINT('',#2966);
#2966 = CARTESIAN_POINT('',(65.567990281548,-45.04079639375,1.09));
#2967 = CIRCLE('',#2968,1.473488051073);
#2968 = AXIS2_PLACEMENT_3D('',#2969,#2970,#2971);
#2969 = CARTESIAN_POINT('',(66.606306609017,-46.08629447637,1.09));
#2970 = DIRECTION('',(0.,0.,1.));
#2971 = DIRECTION('',(0.623384584232,0.781915379144,-0.));
#2972 = ORIENTED_EDGE('',*,*,#2973,.F.);
#2973 = EDGE_CURVE('',#1832,#2965,#2974,.T.);
#2974 = LINE('',#2975,#2976);
#2975 = CARTESIAN_POINT('',(65.567990281548,-45.04079639375,0.89));
#2976 = VECTOR('',#2977,1.);
#2977 = DIRECTION('',(0.,0.,1.));
#2978 = ORIENTED_EDGE('',*,*,#1840,.F.);
#2979 = CYLINDRICAL_SURFACE('',#2980,1.473488051073);
#2980 = AXIS2_PLACEMENT_3D('',#2981,#2982,#2983);
#2981 = CARTESIAN_POINT('',(66.606306609017,-46.08629447637,0.89));
#2982 = DIRECTION('',(-0.,-0.,-1.));
#2983 = DIRECTION('',(1.,0.,0.));
#2984 = ADVANCED_FACE('',(#2985),#2997,.T.);
#2985 = FACE_BOUND('',#2986,.F.);
#2986 = EDGE_LOOP('',(#2987,#2988,#2995,#2996));
#2987 = ORIENTED_EDGE('',*,*,#2390,.T.);
#2988 = ORIENTED_EDGE('',*,*,#2989,.F.);
#2989 = EDGE_CURVE('',#2965,#2383,#2990,.T.);
#2990 = CIRCLE('',#2991,10.261462270157);
#2991 = AXIS2_PLACEMENT_3D('',#2992,#2993,#2994);
#2992 = CARTESIAN_POINT('',(57.37256012591,-38.86564194338,1.09));
#2993 = DIRECTION('',(0.,-0.,-1.));
#2994 = DIRECTION('',(0.798661042635,-0.601781138769,0.));
#2995 = ORIENTED_EDGE('',*,*,#2973,.F.);
#2996 = ORIENTED_EDGE('',*,*,#1831,.F.);
#2997 = CYLINDRICAL_SURFACE('',#2998,10.261462270157);
#2998 = AXIS2_PLACEMENT_3D('',#2999,#3000,#3001);
#2999 = CARTESIAN_POINT('',(57.37256012591,-38.86564194338,0.89));
#3000 = DIRECTION('',(-0.,-0.,-1.));
#3001 = DIRECTION('',(1.,0.,0.));
#3002 = ADVANCED_FACE('',(#3003),#3019,.F.);
#3003 = FACE_BOUND('',#3004,.F.);
#3004 = EDGE_LOOP('',(#3005,#3011,#3012,#3018));
#3005 = ORIENTED_EDGE('',*,*,#3006,.T.);
#3006 = EDGE_CURVE('',#2469,#1859,#3007,.T.);
#3007 = LINE('',#3008,#3009);
#3008 = CARTESIAN_POINT('',(68.371500015259,-43.15404999256,
    23.569999694824));
#3009 = VECTOR('',#3010,1.);
#3010 = DIRECTION('',(0.,0.,-1.));
#3011 = ORIENTED_EDGE('',*,*,#1858,.T.);
#3012 = ORIENTED_EDGE('',*,*,#3013,.T.);
#3013 = EDGE_CURVE('',#1861,#2471,#3014,.T.);
#3014 = LINE('',#3015,#3016);
#3015 = CARTESIAN_POINT('',(68.725200653076,-43.61520004272,0.));
#3016 = VECTOR('',#3017,1.);
#3017 = DIRECTION('',(0.,0.,1.));
#3018 = ORIENTED_EDGE('',*,*,#2468,.F.);
#3019 = PLANE('',#3020);
#3020 = AXIS2_PLACEMENT_3D('',#3021,#3022,#3023);
#3021 = CARTESIAN_POINT('',(68.548350334167,-43.38462501764,
    11.784999847412));
#3022 = DIRECTION('',(-0.793479837443,-0.608596539238,-0.));
#3023 = DIRECTION('',(0.608596539238,-0.793479837443,0.));
#3024 = ADVANCED_FACE('',(#3025),#3036,.F.);
#3025 = FACE_BOUND('',#3026,.F.);
#3026 = EDGE_LOOP('',(#3027,#3028,#3029,#3035));
#3027 = ORIENTED_EDGE('',*,*,#3013,.F.);
#3028 = ORIENTED_EDGE('',*,*,#2316,.T.);
#3029 = ORIENTED_EDGE('',*,*,#3030,.T.);
#3030 = EDGE_CURVE('',#2309,#2919,#3031,.T.);
#3031 = LINE('',#3032,#3033);
#3032 = CARTESIAN_POINT('',(69.632299423218,-44.70611798763,0.));
#3033 = VECTOR('',#3034,1.);
#3034 = DIRECTION('',(0.,0.,1.));
#3035 = ORIENTED_EDGE('',*,*,#2926,.F.);
#3036 = PLANE('',#3037);
#3037 = AXIS2_PLACEMENT_3D('',#3038,#3039,#3040);
#3038 = CARTESIAN_POINT('',(69.178750038147,-44.16065901517,
    11.784999847412));
#3039 = DIRECTION('',(-0.768913939455,-0.639352292333,-0.));
#3040 = DIRECTION('',(0.639352292333,-0.768913939455,0.));
#3041 = ADVANCED_FACE('',(#3042),#3053,.F.);
#3042 = FACE_BOUND('',#3043,.F.);
#3043 = EDGE_LOOP('',(#3044,#3045,#3046,#3052));
#3044 = ORIENTED_EDGE('',*,*,#3030,.F.);
#3045 = ORIENTED_EDGE('',*,*,#2308,.T.);
#3046 = ORIENTED_EDGE('',*,*,#3047,.F.);
#3047 = EDGE_CURVE('',#2911,#2301,#3048,.T.);
#3048 = LINE('',#3049,#3050);
#3049 = CARTESIAN_POINT('',(70.71129989624,-45.62738502025,
    23.569999694824));
#3050 = VECTOR('',#3051,1.);
#3051 = DIRECTION('',(0.,0.,-1.));
#3052 = ORIENTED_EDGE('',*,*,#2918,.F.);
#3053 = PLANE('',#3054);
#3054 = AXIS2_PLACEMENT_3D('',#3055,#3056,#3057);
#3055 = CARTESIAN_POINT('',(70.171799659729,-45.16675150394,
    11.784999847412));
#3056 = DIRECTION('',(-0.649331308161,-0.760505655628,-0.));
#3057 = DIRECTION('',(-0.760505655628,0.649331308161,0.));
#3058 = ADVANCED_FACE('',(#3059),#3070,.F.);
#3059 = FACE_BOUND('',#3060,.F.);
#3060 = EDGE_LOOP('',(#3061,#3062,#3063,#3064));
#3061 = ORIENTED_EDGE('',*,*,#2910,.F.);
#3062 = ORIENTED_EDGE('',*,*,#3047,.T.);
#3063 = ORIENTED_EDGE('',*,*,#2300,.T.);
#3064 = ORIENTED_EDGE('',*,*,#3065,.F.);
#3065 = EDGE_CURVE('',#2903,#2293,#3066,.T.);
#3066 = LINE('',#3067,#3068);
#3067 = CARTESIAN_POINT('',(71.93090057373,-46.35230994224,
    23.569999694824));
#3068 = VECTOR('',#3069,1.);
#3069 = DIRECTION('',(0.,0.,-1.));
#3070 = PLANE('',#3071);
#3071 = AXIS2_PLACEMENT_3D('',#3072,#3073,#3074);
#3072 = CARTESIAN_POINT('',(71.321100234985,-45.98984748125,
    11.784999847412));
#3073 = DIRECTION('',(-0.510948824795,-0.859611132106,-0.));
#3074 = DIRECTION('',(-0.859611132106,0.510948824795,0.));
#3075 = ADVANCED_FACE('',(#3076),#3087,.F.);
#3076 = FACE_BOUND('',#3077,.F.);
#3077 = EDGE_LOOP('',(#3078,#3079,#3080,#3081));
#3078 = ORIENTED_EDGE('',*,*,#2902,.F.);
#3079 = ORIENTED_EDGE('',*,*,#3065,.T.);
#3080 = ORIENTED_EDGE('',*,*,#2292,.T.);
#3081 = ORIENTED_EDGE('',*,*,#3082,.F.);
#3082 = EDGE_CURVE('',#2895,#2285,#3083,.T.);
#3083 = LINE('',#3084,#3085);
#3084 = CARTESIAN_POINT('',(73.255699157715,-46.85988998413,
    23.569999694824));
#3085 = VECTOR('',#3086,1.);
#3086 = DIRECTION('',(0.,0.,-1.));
#3087 = PLANE('',#3088);
#3088 = AXIS2_PLACEMENT_3D('',#3089,#3090,#3091);
#3089 = CARTESIAN_POINT('',(72.593299865723,-46.60609996318,
    11.784999847412));
#3090 = DIRECTION('',(-0.357776579887,-0.933807217195,-0.));
#3091 = DIRECTION('',(-0.933807217195,0.357776579887,0.));
#3092 = ADVANCED_FACE('',(#3093),#3104,.F.);
#3093 = FACE_BOUND('',#3094,.F.);
#3094 = EDGE_LOOP('',(#3095,#3096,#3097,#3098));
#3095 = ORIENTED_EDGE('',*,*,#2894,.F.);
#3096 = ORIENTED_EDGE('',*,*,#3082,.T.);
#3097 = ORIENTED_EDGE('',*,*,#2284,.T.);
#3098 = ORIENTED_EDGE('',*,*,#3099,.F.);
#3099 = EDGE_CURVE('',#2887,#2277,#3100,.T.);
#3100 = LINE('',#3101,#3102);
#3101 = CARTESIAN_POINT('',(74.647499084473,-47.13541007041,
    23.569999694824));
#3102 = VECTOR('',#3103,1.);
#3103 = DIRECTION('',(0.,0.,-1.));
#3104 = PLANE('',#3105);
#3105 = AXIS2_PLACEMENT_3D('',#3106,#3107,#3108);
#3106 = CARTESIAN_POINT('',(73.951599121094,-46.99765002727,
    11.784999847412));
#3107 = DIRECTION('',(-0.194191134268,-0.980963711547,-0.));
#3108 = DIRECTION('',(-0.980963711547,0.194191134268,0.));
#3109 = ADVANCED_FACE('',(#3110),#3121,.F.);
#3110 = FACE_BOUND('',#3111,.F.);
#3111 = EDGE_LOOP('',(#3112,#3113,#3114,#3115));
#3112 = ORIENTED_EDGE('',*,*,#2886,.F.);
#3113 = ORIENTED_EDGE('',*,*,#3099,.T.);
#3114 = ORIENTED_EDGE('',*,*,#2276,.T.);
#3115 = ORIENTED_EDGE('',*,*,#3116,.F.);
#3116 = EDGE_CURVE('',#2879,#2269,#3117,.T.);
#3117 = LINE('',#3118,#3119);
#3118 = CARTESIAN_POINT('',(76.065799713135,-47.17089009285,
    23.569999694824));
#3119 = VECTOR('',#3120,1.);
#3120 = DIRECTION('',(0.,0.,-1.));
#3121 = PLANE('',#3122);
#3122 = AXIS2_PLACEMENT_3D('',#3123,#3124,#3125);
#3123 = CARTESIAN_POINT('',(75.356649398804,-47.15315008163,
    11.784999847412));
#3124 = DIRECTION('',(-2.500804507472E-02,-0.999687249934,-0.));
#3125 = DIRECTION('',(-0.999687249934,2.500804507472E-02,0.));
#3126 = ADVANCED_FACE('',(#3127),#3138,.F.);
#3127 = FACE_BOUND('',#3128,.F.);
#3128 = EDGE_LOOP('',(#3129,#3130,#3131,#3132));
#3129 = ORIENTED_EDGE('',*,*,#2878,.F.);
#3130 = ORIENTED_EDGE('',*,*,#3116,.T.);
#3131 = ORIENTED_EDGE('',*,*,#2268,.T.);
#3132 = ORIENTED_EDGE('',*,*,#3133,.F.);
#3133 = EDGE_CURVE('',#2871,#2261,#3134,.T.);
#3134 = LINE('',#3135,#3136);
#3135 = CARTESIAN_POINT('',(77.46960067749,-46.96530997753,
    23.569999694824));
#3136 = VECTOR('',#3137,1.);
#3137 = DIRECTION('',(0.,0.,-1.));
#3138 = PLANE('',#3139);
#3139 = AXIS2_PLACEMENT_3D('',#3140,#3141,#3142);
#3140 = CARTESIAN_POINT('',(76.767700195312,-47.06810003519,
    11.784999847412));
#3141 = DIRECTION('',(0.144899808703,-0.989446332773,0.));
#3142 = DIRECTION('',(-0.989446332773,-0.144899808703,0.));
#3143 = ADVANCED_FACE('',(#3144),#3155,.F.);
#3144 = FACE_BOUND('',#3145,.F.);
#3145 = EDGE_LOOP('',(#3146,#3147,#3148,#3149));
#3146 = ORIENTED_EDGE('',*,*,#2870,.F.);
#3147 = ORIENTED_EDGE('',*,*,#3133,.T.);
#3148 = ORIENTED_EDGE('',*,*,#2260,.T.);
#3149 = ORIENTED_EDGE('',*,*,#3150,.F.);
#3150 = EDGE_CURVE('',#2863,#2253,#3151,.T.);
#3151 = LINE('',#3152,#3153);
#3152 = CARTESIAN_POINT('',(78.818199157715,-46.52462005615,
    23.569999694824));
#3153 = VECTOR('',#3154,1.);
#3154 = DIRECTION('',(0.,0.,-1.));
#3155 = PLANE('',#3156);
#3156 = AXIS2_PLACEMENT_3D('',#3157,#3158,#3159);
#3157 = CARTESIAN_POINT('',(78.143899917603,-46.74496501684,
    11.784999847412));
#3158 = DIRECTION('',(0.310612744509,-0.950536544773,0.));
#3159 = DIRECTION('',(-0.950536544773,-0.310612744509,0.));
#3160 = ADVANCED_FACE('',(#3161),#3172,.F.);
#3161 = FACE_BOUND('',#3162,.F.);
#3162 = EDGE_LOOP('',(#3163,#3164,#3165,#3166));
#3163 = ORIENTED_EDGE('',*,*,#2862,.F.);
#3164 = ORIENTED_EDGE('',*,*,#3150,.T.);
#3165 = ORIENTED_EDGE('',*,*,#2252,.T.);
#3166 = ORIENTED_EDGE('',*,*,#3167,.F.);
#3167 = EDGE_CURVE('',#2855,#2245,#3168,.T.);
#3168 = LINE('',#3169,#3170);
#3169 = CARTESIAN_POINT('',(80.072500228882,-45.86159300804,
    23.569999694824));
#3170 = VECTOR('',#3171,1.);
#3171 = DIRECTION('',(0.,0.,-1.));
#3172 = PLANE('',#3173);
#3173 = AXIS2_PLACEMENT_3D('',#3174,#3175,#3176);
#3174 = CARTESIAN_POINT('',(79.445349693298,-46.19310653209,
    11.784999847412));
#3175 = DIRECTION('',(0.46732899816,-0.884083484451,0.));
#3176 = DIRECTION('',(-0.884083484451,-0.46732899816,0.));
#3177 = ADVANCED_FACE('',(#3178),#3189,.F.);
#3178 = FACE_BOUND('',#3179,.F.);
#3179 = EDGE_LOOP('',(#3180,#3181,#3182,#3183));
#3180 = ORIENTED_EDGE('',*,*,#2854,.F.);
#3181 = ORIENTED_EDGE('',*,*,#3167,.T.);
#3182 = ORIENTED_EDGE('',*,*,#2244,.T.);
#3183 = ORIENTED_EDGE('',*,*,#3184,.F.);
#3184 = EDGE_CURVE('',#2847,#2237,#3185,.T.);
#3185 = LINE('',#3186,#3187);
#3186 = CARTESIAN_POINT('',(81.196199417114,-44.99543457012,
    23.569999694824));
#3187 = VECTOR('',#3188,1.);
#3188 = DIRECTION('',(0.,0.,-1.));
#3189 = PLANE('',#3190);
#3190 = AXIS2_PLACEMENT_3D('',#3191,#3192,#3193);
#3191 = CARTESIAN_POINT('',(80.634349822998,-45.42851378908,
    11.784999847412));
#3192 = DIRECTION('',(0.61049620889,-0.792019178385,0.));
#3193 = DIRECTION('',(-0.792019178385,-0.61049620889,0.));
#3194 = ADVANCED_FACE('',(#3195),#3206,.F.);
#3195 = FACE_BOUND('',#3196,.F.);
#3196 = EDGE_LOOP('',(#3197,#3198,#3199,#3200));
#3197 = ORIENTED_EDGE('',*,*,#2846,.F.);
#3198 = ORIENTED_EDGE('',*,*,#3184,.T.);
#3199 = ORIENTED_EDGE('',*,*,#2236,.T.);
#3200 = ORIENTED_EDGE('',*,*,#3201,.T.);
#3201 = EDGE_CURVE('',#2229,#2839,#3202,.T.);
#3202 = LINE('',#3203,#3204);
#3203 = CARTESIAN_POINT('',(82.156700134277,-43.9512399435,0.));
#3204 = VECTOR('',#3205,1.);
#3205 = DIRECTION('',(0.,0.,1.));
#3206 = PLANE('',#3207);
#3207 = AXIS2_PLACEMENT_3D('',#3208,#3209,#3210);
#3208 = CARTESIAN_POINT('',(81.676449775696,-44.47333725681,
    11.784999847412));
#3209 = DIRECTION('',(0.735986617539,-0.676996084777,0.));
#3210 = DIRECTION('',(0.676996084777,0.735986617539,0.));
#3211 = ADVANCED_FACE('',(#3212),#3223,.F.);
#3212 = FACE_BOUND('',#3213,.F.);
#3213 = EDGE_LOOP('',(#3214,#3215,#3221,#3222));
#3214 = ORIENTED_EDGE('',*,*,#2228,.T.);
#3215 = ORIENTED_EDGE('',*,*,#3216,.T.);
#3216 = EDGE_CURVE('',#2221,#2831,#3217,.T.);
#3217 = LINE('',#3218,#3219);
#3218 = CARTESIAN_POINT('',(82.926200866699,-42.75927996635,0.));
#3219 = VECTOR('',#3220,1.);
#3220 = DIRECTION('',(0.,0.,1.));
#3221 = ORIENTED_EDGE('',*,*,#2838,.F.);
#3222 = ORIENTED_EDGE('',*,*,#3201,.F.);
#3223 = PLANE('',#3224);
#3224 = AXIS2_PLACEMENT_3D('',#3225,#3226,#3227);
#3225 = CARTESIAN_POINT('',(82.541450500488,-43.35525995492,
    11.784999847412));
#3226 = DIRECTION('',(0.840137900432,-0.542372849853,0.));
#3227 = DIRECTION('',(0.542372849853,0.840137900432,0.));
#3228 = ADVANCED_FACE('',(#3229),#3240,.F.);
#3229 = FACE_BOUND('',#3230,.F.);
#3230 = EDGE_LOOP('',(#3231,#3232,#3233,#3239));
#3231 = ORIENTED_EDGE('',*,*,#3216,.F.);
#3232 = ORIENTED_EDGE('',*,*,#2220,.T.);
#3233 = ORIENTED_EDGE('',*,*,#3234,.T.);
#3234 = EDGE_CURVE('',#2213,#2823,#3235,.T.);
#3235 = LINE('',#3236,#3237);
#3236 = CARTESIAN_POINT('',(83.482399940491,-41.45407009124,0.));
#3237 = VECTOR('',#3238,1.);
#3238 = DIRECTION('',(0.,0.,1.));
#3239 = ORIENTED_EDGE('',*,*,#2830,.F.);
#3240 = PLANE('',#3241);
#3241 = AXIS2_PLACEMENT_3D('',#3242,#3243,#3244);
#3242 = CARTESIAN_POINT('',(83.204300403595,-42.1066750288,
    11.784999847412));
#3243 = DIRECTION('',(0.919953741725,-0.392026929031,0.));
#3244 = DIRECTION('',(0.392026929031,0.919953741725,0.));
#3245 = ADVANCED_FACE('',(#3246),#3257,.F.);
#3246 = FACE_BOUND('',#3247,.F.);
#3247 = EDGE_LOOP('',(#3248,#3249,#3255,#3256));
#3248 = ORIENTED_EDGE('',*,*,#2212,.T.);
#3249 = ORIENTED_EDGE('',*,*,#3250,.T.);
#3250 = EDGE_CURVE('',#2205,#2815,#3251,.T.);
#3251 = LINE('',#3252,#3253);
#3252 = CARTESIAN_POINT('',(83.809100151062,-40.0734500885,0.));
#3253 = VECTOR('',#3254,1.);
#3254 = DIRECTION('',(0.,0.,1.));
#3255 = ORIENTED_EDGE('',*,*,#2822,.F.);
#3256 = ORIENTED_EDGE('',*,*,#3234,.F.);
#3257 = PLANE('',#3258);
#3258 = AXIS2_PLACEMENT_3D('',#3259,#3260,#3261);
#3259 = CARTESIAN_POINT('',(83.645750045776,-40.76376008987,
    11.784999847412));
#3260 = DIRECTION('',(0.973125909314,-0.230273673315,0.));
#3261 = DIRECTION('',(0.230273673315,0.973125909314,0.));
#3262 = ADVANCED_FACE('',(#3263),#3274,.F.);
#3263 = FACE_BOUND('',#3264,.F.);
#3264 = EDGE_LOOP('',(#3265,#3266,#3267,#3273));
#3265 = ORIENTED_EDGE('',*,*,#3250,.F.);
#3266 = ORIENTED_EDGE('',*,*,#2204,.T.);
#3267 = ORIENTED_EDGE('',*,*,#3268,.T.);
#3268 = EDGE_CURVE('',#2197,#2807,#3269,.T.);
#3269 = LINE('',#3270,#3271);
#3270 = CARTESIAN_POINT('',(83.897000312805,-38.65740013122,0.));
#3271 = VECTOR('',#3272,1.);
#3272 = DIRECTION('',(0.,0.,1.));
#3273 = ORIENTED_EDGE('',*,*,#2814,.F.);
#3274 = PLANE('',#3275);
#3275 = AXIS2_PLACEMENT_3D('',#3276,#3277,#3278);
#3276 = CARTESIAN_POINT('',(83.853050231934,-39.36542510986,
    11.784999847412));
#3277 = DIRECTION('',(0.998078947013,-6.195494758086E-02,0.));
#3278 = DIRECTION('',(6.195494758086E-02,0.998078947013,0.));
#3279 = ADVANCED_FACE('',(#3280),#3291,.F.);
#3280 = FACE_BOUND('',#3281,.F.);
#3281 = EDGE_LOOP('',(#3282,#3283,#3284,#3290));
#3282 = ORIENTED_EDGE('',*,*,#3268,.F.);
#3283 = ORIENTED_EDGE('',*,*,#2196,.T.);
#3284 = ORIENTED_EDGE('',*,*,#3285,.T.);
#3285 = EDGE_CURVE('',#2189,#2799,#3286,.T.);
#3286 = LINE('',#3287,#3288);
#3287 = CARTESIAN_POINT('',(83.743399620056,-37.24697017669,0.));
#3288 = VECTOR('',#3289,1.);
#3289 = DIRECTION('',(0.,0.,1.));
#3290 = ORIENTED_EDGE('',*,*,#2806,.F.);
#3291 = PLANE('',#3292);
#3292 = AXIS2_PLACEMENT_3D('',#3293,#3294,#3295);
#3293 = CARTESIAN_POINT('',(83.820199966431,-37.95218515396,
    11.784999847412));
#3294 = DIRECTION('',(0.994122249976,0.108263346069,0.));
#3295 = DIRECTION('',(-0.108263346069,0.994122249976,0.));
#3296 = ADVANCED_FACE('',(#3297),#3308,.F.);
#3297 = FACE_BOUND('',#3298,.F.);
#3298 = EDGE_LOOP('',(#3299,#3300,#3301,#3307));
#3299 = ORIENTED_EDGE('',*,*,#3285,.F.);
#3300 = ORIENTED_EDGE('',*,*,#2188,.T.);
#3301 = ORIENTED_EDGE('',*,*,#3302,.T.);
#3302 = EDGE_CURVE('',#2181,#2791,#3303,.T.);
#3303 = LINE('',#3304,#3305);
#3304 = CARTESIAN_POINT('',(83.352800369263,-35.883020401,0.));
#3305 = VECTOR('',#3306,1.);
#3306 = DIRECTION('',(0.,0.,1.));
#3307 = ORIENTED_EDGE('',*,*,#2798,.F.);
#3308 = PLANE('',#3309);
#3309 = AXIS2_PLACEMENT_3D('',#3310,#3311,#3312);
#3310 = CARTESIAN_POINT('',(83.548099994659,-36.56499528884,
    11.784999847412));
#3311 = DIRECTION('',(0.961356332624,0.275307104382,0.));
#3312 = DIRECTION('',(-0.275307104382,0.961356332624,0.));
#3313 = ADVANCED_FACE('',(#3314),#3325,.F.);
#3314 = FACE_BOUND('',#3315,.F.);
#3315 = EDGE_LOOP('',(#3316,#3317,#3318,#3324));
#3316 = ORIENTED_EDGE('',*,*,#3302,.F.);
#3317 = ORIENTED_EDGE('',*,*,#2180,.T.);
#3318 = ORIENTED_EDGE('',*,*,#3319,.T.);
#3319 = EDGE_CURVE('',#2173,#2783,#3320,.T.);
#3320 = LINE('',#3321,#3322);
#3321 = CARTESIAN_POINT('',(82.736600875854,-34.60509967804,0.));
#3322 = VECTOR('',#3323,1.);
#3323 = DIRECTION('',(0.,0.,1.));
#3324 = ORIENTED_EDGE('',*,*,#2790,.F.);
#3325 = PLANE('',#3326);
#3326 = AXIS2_PLACEMENT_3D('',#3327,#3328,#3329);
#3327 = CARTESIAN_POINT('',(83.044700622559,-35.24406003952,
    11.784999847412));
#3328 = DIRECTION('',(0.900752371985,0.434333010906,0.));
#3329 = DIRECTION('',(-0.434333010906,0.900752371985,0.));
#3330 = ADVANCED_FACE('',(#3331),#3342,.F.);
#3331 = FACE_BOUND('',#3332,.F.);
#3332 = EDGE_LOOP('',(#3333,#3334,#3335,#3341));
#3333 = ORIENTED_EDGE('',*,*,#3319,.F.);
#3334 = ORIENTED_EDGE('',*,*,#2172,.T.);
#3335 = ORIENTED_EDGE('',*,*,#3336,.T.);
#3336 = EDGE_CURVE('',#2165,#2775,#3337,.T.);
#3337 = LINE('',#3338,#3339);
#3338 = CARTESIAN_POINT('',(81.912599563599,-33.45020008087,0.));
#3339 = VECTOR('',#3340,1.);
#3340 = DIRECTION('',(0.,0.,1.));
#3341 = ORIENTED_EDGE('',*,*,#2782,.F.);
#3342 = PLANE('',#3343);
#3343 = AXIS2_PLACEMENT_3D('',#3344,#3345,#3346);
#3344 = CARTESIAN_POINT('',(82.324600219727,-34.02764987945,
    11.784999847412));
#3345 = DIRECTION('',(0.814042389625,0.580805464759,0.));
#3346 = DIRECTION('',(-0.580805464759,0.814042389625,0.));
#3347 = ADVANCED_FACE('',(#3348),#3359,.F.);
#3348 = FACE_BOUND('',#3349,.F.);
#3349 = EDGE_LOOP('',(#3350,#3351,#3357,#3358));
#3350 = ORIENTED_EDGE('',*,*,#2164,.T.);
#3351 = ORIENTED_EDGE('',*,*,#3352,.T.);
#3352 = EDGE_CURVE('',#2157,#2767,#3353,.T.);
#3353 = LINE('',#3354,#3355);
#3354 = CARTESIAN_POINT('',(68.099700927734,-17.21470069885,0.));
#3355 = VECTOR('',#3356,1.);
#3356 = DIRECTION('',(0.,0.,1.));
#3357 = ORIENTED_EDGE('',*,*,#2774,.F.);
#3358 = ORIENTED_EDGE('',*,*,#3336,.F.);
#3359 = PLANE('',#3360);
#3360 = AXIS2_PLACEMENT_3D('',#3361,#3362,#3363);
#3361 = CARTESIAN_POINT('',(75.006150245667,-25.33245038986,
    11.784999847412));
#3362 = DIRECTION('',(0.761644677702,0.647994895758,0.));
#3363 = DIRECTION('',(-0.647994895758,0.761644677702,0.));
#3364 = ADVANCED_FACE('',(#3365),#3376,.F.);
#3365 = FACE_BOUND('',#3366,.F.);
#3366 = EDGE_LOOP('',(#3367,#3368,#3374,#3375));
#3367 = ORIENTED_EDGE('',*,*,#2156,.T.);
#3368 = ORIENTED_EDGE('',*,*,#3369,.T.);
#3369 = EDGE_CURVE('',#2149,#2759,#3370,.T.);
#3370 = LINE('',#3371,#3372);
#3371 = CARTESIAN_POINT('',(67.795700073242,-16.87879943847,0.));
#3372 = VECTOR('',#3373,1.);
#3373 = DIRECTION('',(0.,0.,1.));
#3374 = ORIENTED_EDGE('',*,*,#2766,.F.);
#3375 = ORIENTED_EDGE('',*,*,#3352,.F.);
#3376 = PLANE('',#3377);
#3377 = AXIS2_PLACEMENT_3D('',#3378,#3379,#3380);
#3378 = CARTESIAN_POINT('',(67.947700500488,-17.04675006866,
    11.784999847412));
#3379 = DIRECTION('',(0.741436728673,0.671022784542,0.));
#3380 = DIRECTION('',(-0.671022784542,0.741436728673,0.));
#3381 = ADVANCED_FACE('',(#3382),#3393,.F.);
#3382 = FACE_BOUND('',#3383,.F.);
#3383 = EDGE_LOOP('',(#3384,#3385,#3391,#3392));
#3384 = ORIENTED_EDGE('',*,*,#2148,.T.);
#3385 = ORIENTED_EDGE('',*,*,#3386,.T.);
#3386 = EDGE_CURVE('',#2141,#2751,#3387,.T.);
#3387 = LINE('',#3388,#3389);
#3388 = CARTESIAN_POINT('',(67.421600341797,-16.62319946289,0.));
#3389 = VECTOR('',#3390,1.);
#3390 = DIRECTION('',(0.,0.,1.));
#3391 = ORIENTED_EDGE('',*,*,#2758,.F.);
#3392 = ORIENTED_EDGE('',*,*,#3369,.F.);
#3393 = PLANE('',#3394);
#3394 = AXIS2_PLACEMENT_3D('',#3395,#3396,#3397);
#3395 = CARTESIAN_POINT('',(67.60865020752,-16.75099945068,
    11.784999847412));
#3396 = DIRECTION('',(0.564138083488,0.825680460443,0.));
#3397 = DIRECTION('',(0.825680460443,-0.564138083488,0.));
#3398 = ADVANCED_FACE('',(#3399),#3410,.F.);
#3399 = FACE_BOUND('',#3400,.F.);
#3400 = EDGE_LOOP('',(#3401,#3402,#3408,#3409));
#3401 = ORIENTED_EDGE('',*,*,#2140,.T.);
#3402 = ORIENTED_EDGE('',*,*,#3403,.T.);
#3403 = EDGE_CURVE('',#2133,#2743,#3404,.T.);
#3404 = LINE('',#3405,#3406);
#3405 = CARTESIAN_POINT('',(66.998100280762,-16.46209907531,0.));
#3406 = VECTOR('',#3407,1.);
#3407 = DIRECTION('',(0.,0.,1.));
#3408 = ORIENTED_EDGE('',*,*,#2750,.F.);
#3409 = ORIENTED_EDGE('',*,*,#3386,.F.);
#3410 = PLANE('',#3411);
#3411 = AXIS2_PLACEMENT_3D('',#3412,#3413,#3414);
#3412 = CARTESIAN_POINT('',(67.209850311279,-16.5426492691,
    11.784999847412));
#3413 = DIRECTION('',(0.355546287957,0.934658674127,0.));
#3414 = DIRECTION('',(0.934658674127,-0.355546287957,0.));
#3415 = ADVANCED_FACE('',(#3416),#3427,.F.);
#3416 = FACE_BOUND('',#3417,.F.);
#3417 = EDGE_LOOP('',(#3418,#3419,#3425,#3426));
#3418 = ORIENTED_EDGE('',*,*,#2132,.T.);
#3419 = ORIENTED_EDGE('',*,*,#3420,.T.);
#3420 = EDGE_CURVE('',#2125,#2735,#3421,.T.);
#3421 = LINE('',#3422,#3423);
#3422 = CARTESIAN_POINT('',(66.548698425293,-16.40449905395,0.));
#3423 = VECTOR('',#3424,1.);
#3424 = DIRECTION('',(0.,0.,1.));
#3425 = ORIENTED_EDGE('',*,*,#2742,.F.);
#3426 = ORIENTED_EDGE('',*,*,#3403,.F.);
#3427 = PLANE('',#3428);
#3428 = AXIS2_PLACEMENT_3D('',#3429,#3430,#3431);
#3429 = CARTESIAN_POINT('',(66.773399353027,-16.43329906463,
    11.784999847412));
#3430 = DIRECTION('',(0.12713043908,0.991886007291,0.));
#3431 = DIRECTION('',(0.991886007291,-0.12713043908,0.));
#3432 = ADVANCED_FACE('',(#3433),#3444,.F.);
#3433 = FACE_BOUND('',#3434,.F.);
#3434 = EDGE_LOOP('',(#3435,#3436,#3442,#3443));
#3435 = ORIENTED_EDGE('',*,*,#2124,.T.);
#3436 = ORIENTED_EDGE('',*,*,#3437,.T.);
#3437 = EDGE_CURVE('',#2117,#2727,#3438,.T.);
#3438 = LINE('',#3439,#3440);
#3439 = CARTESIAN_POINT('',(66.098300933838,-16.4533996582,0.));
#3440 = VECTOR('',#3441,1.);
#3441 = DIRECTION('',(0.,0.,1.));
#3442 = ORIENTED_EDGE('',*,*,#2734,.F.);
#3443 = ORIENTED_EDGE('',*,*,#3420,.F.);
#3444 = PLANE('',#3445);
#3445 = AXIS2_PLACEMENT_3D('',#3446,#3447,#3448);
#3446 = CARTESIAN_POINT('',(66.323499679565,-16.42894935607,
    11.784999847412));
#3447 = DIRECTION('',(-0.107937789922,0.994157650228,0.));
#3448 = DIRECTION('',(0.994157650228,0.107937789922,0.));
#3449 = ADVANCED_FACE('',(#3450),#3461,.F.);
#3450 = FACE_BOUND('',#3451,.F.);
#3451 = EDGE_LOOP('',(#3452,#3453,#3459,#3460));
#3452 = ORIENTED_EDGE('',*,*,#2116,.T.);
#3453 = ORIENTED_EDGE('',*,*,#3454,.T.);
#3454 = EDGE_CURVE('',#2109,#2719,#3455,.T.);
#3455 = LINE('',#3456,#3457);
#3456 = CARTESIAN_POINT('',(65.671798706055,-16.606300354,0.));
#3457 = VECTOR('',#3458,1.);
#3458 = DIRECTION('',(0.,0.,1.));
#3459 = ORIENTED_EDGE('',*,*,#2726,.F.);
#3460 = ORIENTED_EDGE('',*,*,#3437,.F.);
#3461 = PLANE('',#3462);
#3462 = AXIS2_PLACEMENT_3D('',#3463,#3464,#3465);
#3463 = CARTESIAN_POINT('',(65.885049819946,-16.5298500061,
    11.784999847412));
#3464 = DIRECTION('',(-0.33746847493,0.941336830486,0.));
#3465 = DIRECTION('',(0.941336830486,0.33746847493,0.));
#3466 = ADVANCED_FACE('',(#3467),#3478,.F.);
#3467 = FACE_BOUND('',#3468,.F.);
#3468 = EDGE_LOOP('',(#3469,#3470,#3476,#3477));
#3469 = ORIENTED_EDGE('',*,*,#2108,.T.);
#3470 = ORIENTED_EDGE('',*,*,#3471,.T.);
#3471 = EDGE_CURVE('',#2101,#2711,#3472,.T.);
#3472 = LINE('',#3473,#3474);
#3473 = CARTESIAN_POINT('',(65.29280090332,-16.85460090637,0.));
#3474 = VECTOR('',#3475,1.);
#3475 = DIRECTION('',(0.,0.,1.));
#3476 = ORIENTED_EDGE('',*,*,#2718,.F.);
#3477 = ORIENTED_EDGE('',*,*,#3454,.F.);
#3478 = PLANE('',#3479);
#3479 = AXIS2_PLACEMENT_3D('',#3480,#3481,#3482);
#3480 = CARTESIAN_POINT('',(65.482299804688,-16.73045063018,
    11.784999847412));
#3481 = DIRECTION('',(-0.548013358699,0.836469580253,0.));
#3482 = DIRECTION('',(0.836469580253,0.548013358699,0.));
#3483 = ADVANCED_FACE('',(#3484),#3495,.F.);
#3484 = FACE_BOUND('',#3485,.F.);
#3485 = EDGE_LOOP('',(#3486,#3492,#3493,#3494));
#3486 = ORIENTED_EDGE('',*,*,#3487,.F.);
#3487 = EDGE_CURVE('',#2703,#2093,#3488,.T.);
#3488 = LINE('',#3489,#3490);
#3489 = CARTESIAN_POINT('',(64.982299804688,-17.18460083007,
    23.569999694824));
#3490 = VECTOR('',#3491,1.);
#3491 = DIRECTION('',(0.,0.,-1.));
#3492 = ORIENTED_EDGE('',*,*,#2710,.F.);
#3493 = ORIENTED_EDGE('',*,*,#3471,.F.);
#3494 = ORIENTED_EDGE('',*,*,#2100,.T.);
#3495 = PLANE('',#3496);
#3496 = AXIS2_PLACEMENT_3D('',#3497,#3498,#3499);
#3497 = CARTESIAN_POINT('',(65.137550354004,-17.01960086822,
    11.784999847412));
#3498 = DIRECTION('',(-0.728295883509,0.68526280073,0.));
#3499 = DIRECTION('',(-0.68526280073,-0.728295883509,0.));
#3500 = ADVANCED_FACE('',(#3501),#3512,.F.);
#3501 = FACE_BOUND('',#3502,.F.);
#3502 = EDGE_LOOP('',(#3503,#3504,#3505,#3506));
#3503 = ORIENTED_EDGE('',*,*,#2702,.F.);
#3504 = ORIENTED_EDGE('',*,*,#3487,.T.);
#3505 = ORIENTED_EDGE('',*,*,#2092,.T.);
#3506 = ORIENTED_EDGE('',*,*,#3507,.F.);
#3507 = EDGE_CURVE('',#2695,#2085,#3508,.T.);
#3508 = LINE('',#3509,#3510);
#3509 = CARTESIAN_POINT('',(50.818901062012,-33.13819980621,
    23.569999694824));
#3510 = VECTOR('',#3511,1.);
#3511 = DIRECTION('',(0.,0.,-1.));
#3512 = PLANE('',#3513);
#3513 = AXIS2_PLACEMENT_3D('',#3514,#3515,#3516);
#3514 = CARTESIAN_POINT('',(57.90060043335,-25.16140031814,
    11.784999847412));
#3515 = DIRECTION('',(-0.747818319337,0.663903427665,0.));
#3516 = DIRECTION('',(-0.663903427665,-0.747818319337,0.));
#3517 = ADVANCED_FACE('',(#3518),#3529,.F.);
#3518 = FACE_BOUND('',#3519,.F.);
#3519 = EDGE_LOOP('',(#3520,#3521,#3527,#3528));
#3520 = ORIENTED_EDGE('',*,*,#2084,.T.);
#3521 = ORIENTED_EDGE('',*,*,#3522,.T.);
#3522 = EDGE_CURVE('',#2077,#2687,#3523,.T.);
#3523 = LINE('',#3524,#3525);
#3524 = CARTESIAN_POINT('',(49.974800109863,-34.26229953765,0.));
#3525 = VECTOR('',#3526,1.);
#3526 = DIRECTION('',(0.,0.,1.));
#3527 = ORIENTED_EDGE('',*,*,#2694,.F.);
#3528 = ORIENTED_EDGE('',*,*,#3507,.T.);
#3529 = PLANE('',#3530);
#3530 = AXIS2_PLACEMENT_3D('',#3531,#3532,#3533);
#3531 = CARTESIAN_POINT('',(50.396850585938,-33.70024967193,
    11.784999847412));
#3532 = DIRECTION('',(-0.799649476246,0.600467080813,0.));
#3533 = DIRECTION('',(-0.600467080813,-0.799649476246,0.));
#3534 = ADVANCED_FACE('',(#3535),#3546,.F.);
#3535 = FACE_BOUND('',#3536,.F.);
#3536 = EDGE_LOOP('',(#3537,#3538,#3539,#3545));
#3537 = ORIENTED_EDGE('',*,*,#3522,.F.);
#3538 = ORIENTED_EDGE('',*,*,#2076,.T.);
#3539 = ORIENTED_EDGE('',*,*,#3540,.T.);
#3540 = EDGE_CURVE('',#2069,#2679,#3541,.T.);
#3541 = LINE('',#3542,#3543);
#3542 = CARTESIAN_POINT('',(49.325099945068,-35.50887966156,0.));
#3543 = VECTOR('',#3544,1.);
#3544 = DIRECTION('',(0.,0.,1.));
#3545 = ORIENTED_EDGE('',*,*,#2686,.F.);
#3546 = PLANE('',#3547);
#3547 = AXIS2_PLACEMENT_3D('',#3548,#3549,#3550);
#3548 = CARTESIAN_POINT('',(49.649950027466,-34.8855895996,
    11.784999847412));
#3549 = DIRECTION('',(-0.886785905319,0.462180438928,0.));
#3550 = DIRECTION('',(-0.462180438928,-0.886785905319,0.));
#3551 = ADVANCED_FACE('',(#3552),#3563,.F.);
#3552 = FACE_BOUND('',#3553,.F.);
#3553 = EDGE_LOOP('',(#3554,#3555,#3561,#3562));
#3554 = ORIENTED_EDGE('',*,*,#2068,.T.);
#3555 = ORIENTED_EDGE('',*,*,#3556,.T.);
#3556 = EDGE_CURVE('',#2061,#2671,#3557,.T.);
#3557 = LINE('',#3558,#3559);
#3558 = CARTESIAN_POINT('',(48.887401580811,-36.84471988678,0.));
#3559 = VECTOR('',#3560,1.);
#3560 = DIRECTION('',(0.,0.,1.));
#3561 = ORIENTED_EDGE('',*,*,#2678,.F.);
#3562 = ORIENTED_EDGE('',*,*,#3540,.F.);
#3563 = PLANE('',#3564);
#3564 = AXIS2_PLACEMENT_3D('',#3565,#3566,#3567);
#3565 = CARTESIAN_POINT('',(49.106250762939,-36.17679977417,
    11.784999847412));
#3566 = DIRECTION('',(-0.950288920792,0.311369502393,0.));
#3567 = DIRECTION('',(-0.311369502393,-0.950288920792,0.));
#3568 = ADVANCED_FACE('',(#3569),#3580,.F.);
#3569 = FACE_BOUND('',#3570,.F.);
#3570 = EDGE_LOOP('',(#3571,#3572,#3573,#3579));
#3571 = ORIENTED_EDGE('',*,*,#3556,.F.);
#3572 = ORIENTED_EDGE('',*,*,#2060,.T.);
#3573 = ORIENTED_EDGE('',*,*,#3574,.T.);
#3574 = EDGE_CURVE('',#2053,#2663,#3575,.T.);
#3575 = LINE('',#3576,#3577);
#3576 = CARTESIAN_POINT('',(48.673400878906,-38.23405981063,0.));
#3577 = VECTOR('',#3578,1.);
#3578 = DIRECTION('',(0.,0.,1.));
#3579 = ORIENTED_EDGE('',*,*,#2670,.F.);
#3580 = PLANE('',#3581);
#3581 = AXIS2_PLACEMENT_3D('',#3582,#3583,#3584);
#3582 = CARTESIAN_POINT('',(48.780401229858,-37.5393898487,
    11.784999847412));
#3583 = DIRECTION('',(-0.988344301619,0.152235151843,0.));
#3584 = DIRECTION('',(-0.152235151843,-0.988344301619,0.));
#3585 = ADVANCED_FACE('',(#3586),#3597,.F.);
#3586 = FACE_BOUND('',#3587,.F.);
#3587 = EDGE_LOOP('',(#3588,#3589,#3595,#3596));
#3588 = ORIENTED_EDGE('',*,*,#2052,.T.);
#3589 = ORIENTED_EDGE('',*,*,#3590,.T.);
#3590 = EDGE_CURVE('',#2045,#2655,#3591,.T.);
#3591 = LINE('',#3592,#3593);
#3592 = CARTESIAN_POINT('',(48.688701629639,-39.63969993591,0.));
#3593 = VECTOR('',#3594,1.);
#3594 = DIRECTION('',(0.,0.,1.));
#3595 = ORIENTED_EDGE('',*,*,#2662,.F.);
#3596 = ORIENTED_EDGE('',*,*,#3574,.F.);
#3597 = PLANE('',#3598);
#3598 = AXIS2_PLACEMENT_3D('',#3599,#3600,#3601);
#3599 = CARTESIAN_POINT('',(48.681051254272,-38.93687987327,
    11.784999847412));
#3600 = DIRECTION('',(-0.99994076088,-1.088460983313E-02,-0.));
#3601 = DIRECTION('',(1.088460983313E-02,-0.99994076088,0.));
#3602 = ADVANCED_FACE('',(#3603),#3614,.F.);
#3603 = FACE_BOUND('',#3604,.F.);
#3604 = EDGE_LOOP('',(#3605,#3606,#3612,#3613));
#3605 = ORIENTED_EDGE('',*,*,#2044,.T.);
#3606 = ORIENTED_EDGE('',*,*,#3607,.T.);
#3607 = EDGE_CURVE('',#2037,#2647,#3608,.T.);
#3608 = LINE('',#3609,#3610);
#3609 = CARTESIAN_POINT('',(48.932899475098,-41.02403998374,0.));
#3610 = VECTOR('',#3611,1.);
#3611 = DIRECTION('',(0.,0.,1.));
#3612 = ORIENTED_EDGE('',*,*,#2654,.F.);
#3613 = ORIENTED_EDGE('',*,*,#3590,.F.);
#3614 = PLANE('',#3615);
#3615 = AXIS2_PLACEMENT_3D('',#3616,#3617,#3618);
#3616 = CARTESIAN_POINT('',(48.810800552368,-40.33186995983,
    11.784999847412));
#3617 = DIRECTION('',(-0.984795421602,-0.173718098056,-0.));
#3618 = DIRECTION('',(0.173718098056,-0.984795421602,0.));
#3619 = ADVANCED_FACE('',(#3620),#3631,.F.);
#3620 = FACE_BOUND('',#3621,.F.);
#3621 = EDGE_LOOP('',(#3622,#3623,#3629,#3630));
#3622 = ORIENTED_EDGE('',*,*,#2036,.T.);
#3623 = ORIENTED_EDGE('',*,*,#3624,.T.);
#3624 = EDGE_CURVE('',#2029,#2639,#3625,.T.);
#3625 = LINE('',#3626,#3627);
#3626 = CARTESIAN_POINT('',(49.399600982666,-42.35003995895,0.));
#3627 = VECTOR('',#3628,1.);
#3628 = DIRECTION('',(0.,0.,1.));
#3629 = ORIENTED_EDGE('',*,*,#2646,.F.);
#3630 = ORIENTED_EDGE('',*,*,#3607,.F.);
#3631 = PLANE('',#3632);
#3632 = AXIS2_PLACEMENT_3D('',#3633,#3634,#3635);
#3633 = CARTESIAN_POINT('',(49.166250228882,-41.68703997135,
    11.784999847412));
#3634 = DIRECTION('',(-0.943279877282,-0.331998604086,-0.));
#3635 = DIRECTION('',(0.331998604086,-0.943279877282,0.));
#3636 = ADVANCED_FACE('',(#3637),#3648,.F.);
#3637 = FACE_BOUND('',#3638,.F.);
#3638 = EDGE_LOOP('',(#3639,#3640,#3641,#3647));
#3639 = ORIENTED_EDGE('',*,*,#3624,.F.);
#3640 = ORIENTED_EDGE('',*,*,#2028,.T.);
#3641 = ORIENTED_EDGE('',*,*,#3642,.T.);
#3642 = EDGE_CURVE('',#2021,#2631,#3643,.T.);
#3643 = LINE('',#3644,#3645);
#3644 = CARTESIAN_POINT('',(50.076198577881,-43.5822199583,0.));
#3645 = VECTOR('',#3646,1.);
#3646 = DIRECTION('',(0.,0.,1.));
#3647 = ORIENTED_EDGE('',*,*,#2638,.F.);
#3648 = PLANE('',#3649);
#3649 = AXIS2_PLACEMENT_3D('',#3650,#3651,#3652);
#3650 = CARTESIAN_POINT('',(49.737899780273,-42.96612995863,
    11.784999847412));
#3651 = DIRECTION('',(-0.876546553305,-0.481317088715,-0.));
#3652 = DIRECTION('',(0.481317088715,-0.876546553305,0.));
#3653 = ADVANCED_FACE('',(#3654),#3665,.F.);
#3654 = FACE_BOUND('',#3655,.F.);
#3655 = EDGE_LOOP('',(#3656,#3657,#3663,#3664));
#3656 = ORIENTED_EDGE('',*,*,#2020,.T.);
#3657 = ORIENTED_EDGE('',*,*,#3658,.T.);
#3658 = EDGE_CURVE('',#2013,#2623,#3659,.T.);
#3659 = LINE('',#3660,#3661);
#3660 = CARTESIAN_POINT('',(50.94469833374,-44.68761000037,0.));
#3661 = VECTOR('',#3662,1.);
#3662 = DIRECTION('',(0.,0.,1.));
#3663 = ORIENTED_EDGE('',*,*,#2630,.F.);
#3664 = ORIENTED_EDGE('',*,*,#3642,.F.);
#3665 = PLANE('',#3666);
#3666 = AXIS2_PLACEMENT_3D('',#3667,#3668,#3669);
#3667 = CARTESIAN_POINT('',(50.510448455811,-44.13491497933,
    11.784999847412));
#3668 = DIRECTION('',(-0.786325592999,-0.617812319232,-0.));
#3669 = DIRECTION('',(0.617812319232,-0.786325592999,0.));
#3670 = ADVANCED_FACE('',(#3671),#3682,.F.);
#3671 = FACE_BOUND('',#3672,.F.);
#3672 = EDGE_LOOP('',(#3673,#3674,#3680,#3681));
#3673 = ORIENTED_EDGE('',*,*,#2012,.T.);
#3674 = ORIENTED_EDGE('',*,*,#3675,.T.);
#3675 = EDGE_CURVE('',#2005,#2615,#3676,.T.);
#3676 = LINE('',#3677,#3678);
#3677 = CARTESIAN_POINT('',(51.981700897217,-45.63663202524,0.));
#3678 = VECTOR('',#3679,1.);
#3679 = DIRECTION('',(0.,0.,1.));
#3680 = ORIENTED_EDGE('',*,*,#2622,.F.);
#3681 = ORIENTED_EDGE('',*,*,#3658,.F.);
#3682 = PLANE('',#3683);
#3683 = AXIS2_PLACEMENT_3D('',#3684,#3685,#3686);
#3684 = CARTESIAN_POINT('',(51.463199615479,-45.1621210128,
    11.784999847412));
#3685 = DIRECTION('',(-0.675119947529,-0.737707975047,-0.));
#3686 = DIRECTION('',(-0.737707975047,0.675119947529,0.));
#3687 = ADVANCED_FACE('',(#3688),#3699,.F.);
#3688 = FACE_BOUND('',#3689,.F.);
#3689 = EDGE_LOOP('',(#3690,#3691,#3692,#3698));
#3690 = ORIENTED_EDGE('',*,*,#3675,.F.);
#3691 = ORIENTED_EDGE('',*,*,#2004,.T.);
#3692 = ORIENTED_EDGE('',*,*,#3693,.T.);
#3693 = EDGE_CURVE('',#1997,#2607,#3694,.T.);
#3694 = LINE('',#3695,#3696);
#3695 = CARTESIAN_POINT('',(53.159599304199,-46.40389001369,0.));
#3696 = VECTOR('',#3697,1.);
#3697 = DIRECTION('',(0.,0.,1.));
#3698 = ORIENTED_EDGE('',*,*,#2614,.F.);
#3699 = PLANE('',#3700);
#3700 = AXIS2_PLACEMENT_3D('',#3701,#3702,#3703);
#3701 = CARTESIAN_POINT('',(52.570650100708,-46.02026101946,
    11.784999847412));
#3702 = DIRECTION('',(-0.545800237819,-0.837915330088,-0.));
#3703 = DIRECTION('',(-0.837915330088,0.545800237819,0.));
#3704 = ADVANCED_FACE('',(#3705),#3716,.F.);
#3705 = FACE_BOUND('',#3706,.F.);
#3706 = EDGE_LOOP('',(#3707,#3708,#3714,#3715));
#3707 = ORIENTED_EDGE('',*,*,#1996,.T.);
#3708 = ORIENTED_EDGE('',*,*,#3709,.T.);
#3709 = EDGE_CURVE('',#1989,#2599,#3710,.T.);
#3710 = LINE('',#3711,#3712);
#3711 = CARTESIAN_POINT('',(54.446800231934,-46.96887004375,0.));
#3712 = VECTOR('',#3713,1.);
#3713 = DIRECTION('',(0.,0.,1.));
#3714 = ORIENTED_EDGE('',*,*,#2606,.F.);
#3715 = ORIENTED_EDGE('',*,*,#3693,.F.);
#3716 = PLANE('',#3717);
#3717 = AXIS2_PLACEMENT_3D('',#3718,#3719,#3720);
#3718 = CARTESIAN_POINT('',(53.803199768066,-46.68638002872,
    11.784999847412));
#3719 = DIRECTION('',(-0.401910992107,-0.915678739746,-0.));
#3720 = DIRECTION('',(-0.915678739746,0.401910992107,0.));
#3721 = ADVANCED_FACE('',(#3722),#3733,.F.);
#3722 = FACE_BOUND('',#3723,.F.);
#3723 = EDGE_LOOP('',(#3724,#3725,#3731,#3732));
#3724 = ORIENTED_EDGE('',*,*,#1988,.T.);
#3725 = ORIENTED_EDGE('',*,*,#3726,.T.);
#3726 = EDGE_CURVE('',#1981,#2591,#3727,.T.);
#3727 = LINE('',#3728,#3729);
#3728 = CARTESIAN_POINT('',(55.808799743652,-47.31643009185,0.));
#3729 = VECTOR('',#3730,1.);
#3730 = DIRECTION('',(0.,0.,1.));
#3731 = ORIENTED_EDGE('',*,*,#2598,.F.);
#3732 = ORIENTED_EDGE('',*,*,#3709,.F.);
#3733 = PLANE('',#3734);
#3734 = AXIS2_PLACEMENT_3D('',#3735,#3736,#3737);
#3735 = CARTESIAN_POINT('',(55.127799987793,-47.1426500678,
    11.784999847412));
#3736 = DIRECTION('',(-0.247260014181,-0.968949165533,-0.));
#3737 = DIRECTION('',(-0.968949165533,0.247260014181,0.));
#3738 = ADVANCED_FACE('',(#3739),#3750,.F.);
#3739 = FACE_BOUND('',#3740,.F.);
#3740 = EDGE_LOOP('',(#3741,#3742,#3748,#3749));
#3741 = ORIENTED_EDGE('',*,*,#1980,.T.);
#3742 = ORIENTED_EDGE('',*,*,#3743,.T.);
#3743 = EDGE_CURVE('',#1973,#2583,#3744,.T.);
#3744 = LINE('',#3745,#3746);
#3745 = CARTESIAN_POINT('',(57.209400177002,-47.43728995323,0.));
#3746 = VECTOR('',#3747,1.);
#3747 = DIRECTION('',(0.,0.,1.));
#3748 = ORIENTED_EDGE('',*,*,#2590,.F.);
#3749 = ORIENTED_EDGE('',*,*,#3726,.F.);
#3750 = PLANE('',#3751);
#3751 = AXIS2_PLACEMENT_3D('',#3752,#3753,#3754);
#3752 = CARTESIAN_POINT('',(56.509099960327,-47.37686002254,
    11.784999847412));
#3753 = DIRECTION('',(-8.597197431213E-02,-0.99629755577,-0.));
#3754 = DIRECTION('',(-0.99629755577,8.597197431213E-02,0.));
#3755 = ADVANCED_FACE('',(#3756),#3767,.F.);
#3756 = FACE_BOUND('',#3757,.F.);
#3757 = EDGE_LOOP('',(#3758,#3759,#3760,#3766));
#3758 = ORIENTED_EDGE('',*,*,#3743,.F.);
#3759 = ORIENTED_EDGE('',*,*,#1972,.T.);
#3760 = ORIENTED_EDGE('',*,*,#3761,.F.);
#3761 = EDGE_CURVE('',#2575,#1965,#3762,.T.);
#3762 = LINE('',#3763,#3764);
#3763 = CARTESIAN_POINT('',(58.610801696777,-47.32820010185,
    23.569999694824));
#3764 = VECTOR('',#3765,1.);
#3765 = DIRECTION('',(0.,0.,-1.));
#3766 = ORIENTED_EDGE('',*,*,#2582,.F.);
#3767 = PLANE('',#3768);
#3768 = AXIS2_PLACEMENT_3D('',#3769,#3770,#3771);
#3769 = CARTESIAN_POINT('',(57.91010093689,-47.38274502754,
    11.784999847412));
#3770 = DIRECTION('',(7.760861131125E-02,-0.996983903306,0.));
#3771 = DIRECTION('',(-0.996983903306,-7.760861131125E-02,0.));
#3772 = ADVANCED_FACE('',(#3773),#3784,.F.);
#3773 = FACE_BOUND('',#3774,.F.);
#3774 = EDGE_LOOP('',(#3775,#3776,#3777,#3778));
#3775 = ORIENTED_EDGE('',*,*,#2574,.F.);
#3776 = ORIENTED_EDGE('',*,*,#3761,.T.);
#3777 = ORIENTED_EDGE('',*,*,#1964,.T.);
#3778 = ORIENTED_EDGE('',*,*,#3779,.T.);
#3779 = EDGE_CURVE('',#1957,#2567,#3780,.T.);
#3780 = LINE('',#3781,#3782);
#3781 = CARTESIAN_POINT('',(59.975799560547,-46.99210000038,0.));
#3782 = VECTOR('',#3783,1.);
#3783 = DIRECTION('',(0.,0.,1.));
#3784 = PLANE('',#3785);
#3785 = AXIS2_PLACEMENT_3D('',#3786,#3787,#3788);
#3786 = CARTESIAN_POINT('',(59.293300628662,-47.16015005111,
    11.784999847412));
#3787 = DIRECTION('',(0.239086538829,-0.970998263104,0.));
#3788 = DIRECTION('',(-0.970998263104,-0.239086538829,0.));
#3789 = ADVANCED_FACE('',(#3790),#3801,.F.);
#3790 = FACE_BOUND('',#3791,.F.);
#3791 = EDGE_LOOP('',(#3792,#3793,#3794,#3800));
#3792 = ORIENTED_EDGE('',*,*,#3779,.F.);
#3793 = ORIENTED_EDGE('',*,*,#1956,.T.);
#3794 = ORIENTED_EDGE('',*,*,#3795,.T.);
#3795 = EDGE_CURVE('',#1949,#2559,#3796,.T.);
#3796 = LINE('',#3797,#3798);
#3797 = CARTESIAN_POINT('',(61.267700195312,-46.43797004222,0.));
#3798 = VECTOR('',#3799,1.);
#3799 = DIRECTION('',(0.,0.,1.));
#3800 = ORIENTED_EDGE('',*,*,#2566,.F.);
#3801 = PLANE('',#3802);
#3802 = AXIS2_PLACEMENT_3D('',#3803,#3804,#3805);
#3803 = CARTESIAN_POINT('',(60.62174987793,-46.7150350213,
    11.784999847412));
#3804 = DIRECTION('',(0.394194689081,-0.919026956678,0.));
#3805 = DIRECTION('',(-0.919026956678,-0.394194689081,0.));
#3806 = ADVANCED_FACE('',(#3807),#3818,.F.);
#3807 = FACE_BOUND('',#3808,.F.);
#3808 = EDGE_LOOP('',(#3809,#3810,#3816,#3817));
#3809 = ORIENTED_EDGE('',*,*,#1948,.T.);
#3810 = ORIENTED_EDGE('',*,*,#3811,.T.);
#3811 = EDGE_CURVE('',#1941,#2551,#3812,.T.);
#3812 = LINE('',#3813,#3814);
#3813 = CARTESIAN_POINT('',(62.451999664307,-45.68063098192,0.));
#3814 = VECTOR('',#3815,1.);
#3815 = DIRECTION('',(0.,0.,1.));
#3816 = ORIENTED_EDGE('',*,*,#2558,.F.);
#3817 = ORIENTED_EDGE('',*,*,#3795,.F.);
#3818 = PLANE('',#3819);
#3819 = AXIS2_PLACEMENT_3D('',#3820,#3821,#3822);
#3820 = CARTESIAN_POINT('',(61.85984992981,-46.05930051207,
    11.784999847412));
#3821 = DIRECTION('',(0.538744507092,-0.842469201858,0.));
#3822 = DIRECTION('',(-0.842469201858,-0.538744507092,0.));
#3823 = ADVANCED_FACE('',(#3824),#3835,.F.);
#3824 = FACE_BOUND('',#3825,.F.);
#3825 = EDGE_LOOP('',(#3826,#3827,#3833,#3834));
#3826 = ORIENTED_EDGE('',*,*,#1940,.T.);
#3827 = ORIENTED_EDGE('',*,*,#3828,.T.);
#3828 = EDGE_CURVE('',#1933,#2543,#3829,.T.);
#3829 = LINE('',#3830,#3831);
#3830 = CARTESIAN_POINT('',(63.496898651123,-44.74035900831,0.));
#3831 = VECTOR('',#3832,1.);
#3832 = DIRECTION('',(0.,0.,1.));
#3833 = ORIENTED_EDGE('',*,*,#2550,.F.);
#3834 = ORIENTED_EDGE('',*,*,#3811,.F.);
#3835 = PLANE('',#3836);
#3836 = AXIS2_PLACEMENT_3D('',#3837,#3838,#3839);
#3837 = CARTESIAN_POINT('',(62.974449157715,-45.21049499511,
    11.784999847412));
#3838 = DIRECTION('',(0.668910838444,-0.743342646572,0.));
#3839 = DIRECTION('',(-0.743342646572,-0.668910838444,0.));
#3840 = ADVANCED_FACE('',(#3841),#3852,.F.);
#3841 = FACE_BOUND('',#3842,.F.);
#3842 = EDGE_LOOP('',(#3843,#3844,#3845,#3851));
#3843 = ORIENTED_EDGE('',*,*,#3828,.F.);
#3844 = ORIENTED_EDGE('',*,*,#1932,.T.);
#3845 = ORIENTED_EDGE('',*,*,#3846,.F.);
#3846 = EDGE_CURVE('',#2535,#1925,#3847,.T.);
#3847 = LINE('',#3848,#3849);
#3848 = CARTESIAN_POINT('',(64.374599456787,-43.6423100233,
    23.569999694824));
#3849 = VECTOR('',#3850,1.);
#3850 = DIRECTION('',(0.,0.,-1.));
#3851 = ORIENTED_EDGE('',*,*,#2542,.F.);
#3852 = PLANE('',#3853);
#3853 = AXIS2_PLACEMENT_3D('',#3854,#3855,#3856);
#3854 = CARTESIAN_POINT('',(63.935749053955,-44.19133451581,
    11.784999847412));
#3855 = DIRECTION('',(0.781124971558,-0.624374710257,0.));
#3856 = DIRECTION('',(0.624374710257,0.781124971558,0.));
#3857 = ADVANCED_FACE('',(#3858),#3869,.F.);
#3858 = FACE_BOUND('',#3859,.F.);
#3859 = EDGE_LOOP('',(#3860,#3866,#3867,#3868));
#3860 = ORIENTED_EDGE('',*,*,#3861,.F.);
#3861 = EDGE_CURVE('',#2527,#1917,#3862,.T.);
#3862 = LINE('',#3863,#3864);
#3863 = CARTESIAN_POINT('',(64.722599029541,-43.17677998542,
    23.569999694824));
#3864 = VECTOR('',#3865,1.);
#3865 = DIRECTION('',(0.,0.,-1.));
#3866 = ORIENTED_EDGE('',*,*,#2534,.F.);
#3867 = ORIENTED_EDGE('',*,*,#3846,.T.);
#3868 = ORIENTED_EDGE('',*,*,#1924,.T.);
#3869 = PLANE('',#3870);
#3870 = AXIS2_PLACEMENT_3D('',#3871,#3872,#3873);
#3871 = CARTESIAN_POINT('',(64.548599243164,-43.40954500436,
    11.784999847412));
#3872 = DIRECTION('',(0.800947032153,-0.598735209993,0.));
#3873 = DIRECTION('',(0.598735209993,0.800947032153,0.));
#3874 = ADVANCED_FACE('',(#3875),#3886,.F.);
#3875 = FACE_BOUND('',#3876,.F.);
#3876 = EDGE_LOOP('',(#3877,#3883,#3884,#3885));
#3877 = ORIENTED_EDGE('',*,*,#3878,.F.);
#3878 = EDGE_CURVE('',#2519,#1909,#3879,.T.);
#3879 = LINE('',#3880,#3881);
#3880 = CARTESIAN_POINT('',(65.167900085449,-42.803139925,
    23.569999694824));
#3881 = VECTOR('',#3882,1.);
#3882 = DIRECTION('',(0.,0.,-1.));
#3883 = ORIENTED_EDGE('',*,*,#2526,.F.);
#3884 = ORIENTED_EDGE('',*,*,#3861,.T.);
#3885 = ORIENTED_EDGE('',*,*,#1916,.T.);
#3886 = PLANE('',#3887);
#3887 = AXIS2_PLACEMENT_3D('',#3888,#3889,#3890);
#3888 = CARTESIAN_POINT('',(64.945249557495,-42.98995995521,
    11.784999847412));
#3889 = DIRECTION('',(0.64277560508,-0.766054516019,0.));
#3890 = DIRECTION('',(-0.766054516019,-0.64277560508,0.));
#3891 = ADVANCED_FACE('',(#3892),#3903,.F.);
#3892 = FACE_BOUND('',#3893,.F.);
#3893 = EDGE_LOOP('',(#3894,#3900,#3901,#3902));
#3894 = ORIENTED_EDGE('',*,*,#3895,.F.);
#3895 = EDGE_CURVE('',#2511,#1901,#3896,.T.);
#3896 = LINE('',#3897,#3898);
#3897 = CARTESIAN_POINT('',(65.686698913574,-42.5411798954,
    23.569999694824));
#3898 = VECTOR('',#3899,1.);
#3899 = DIRECTION('',(0.,0.,-1.));
#3900 = ORIENTED_EDGE('',*,*,#2518,.F.);
#3901 = ORIENTED_EDGE('',*,*,#3878,.T.);
#3902 = ORIENTED_EDGE('',*,*,#1908,.T.);
#3903 = PLANE('',#3904);
#3904 = AXIS2_PLACEMENT_3D('',#3905,#3906,#3907);
#3905 = CARTESIAN_POINT('',(65.427299499512,-42.6721599102,
    11.784999847412));
#3906 = DIRECTION('',(0.450734809022,-0.892657903082,0.));
#3907 = DIRECTION('',(-0.892657903082,-0.450734809022,0.));
#3908 = ADVANCED_FACE('',(#3909),#3920,.F.);
#3909 = FACE_BOUND('',#3910,.F.);
#3910 = EDGE_LOOP('',(#3911,#3917,#3918,#3919));
#3911 = ORIENTED_EDGE('',*,*,#3912,.F.);
#3912 = EDGE_CURVE('',#2503,#1893,#3913,.T.);
#3913 = LINE('',#3914,#3915);
#3914 = CARTESIAN_POINT('',(66.25170135498,-42.40477991104,
    23.569999694824));
#3915 = VECTOR('',#3916,1.);
#3916 = DIRECTION('',(0.,0.,-1.));
#3917 = ORIENTED_EDGE('',*,*,#2510,.F.);
#3918 = ORIENTED_EDGE('',*,*,#3895,.T.);
#3919 = ORIENTED_EDGE('',*,*,#1900,.T.);
#3920 = PLANE('',#3921);
#3921 = AXIS2_PLACEMENT_3D('',#3922,#3923,#3924);
#3922 = CARTESIAN_POINT('',(65.969200134277,-42.47297990322,
    11.784999847412));
#3923 = DIRECTION('',(0.234673185792,-0.97207432631,0.));
#3924 = DIRECTION('',(-0.97207432631,-0.234673185792,0.));
#3925 = ADVANCED_FACE('',(#3926),#3937,.F.);
#3926 = FACE_BOUND('',#3927,.F.);
#3927 = EDGE_LOOP('',(#3928,#3934,#3935,#3936));
#3928 = ORIENTED_EDGE('',*,*,#3929,.F.);
#3929 = EDGE_CURVE('',#2495,#1885,#3930,.T.);
#3930 = LINE('',#3931,#3932);
#3931 = CARTESIAN_POINT('',(66.832901000977,-42.40116000175,
    23.569999694824));
#3932 = VECTOR('',#3933,1.);
#3933 = DIRECTION('',(0.,0.,-1.));
#3934 = ORIENTED_EDGE('',*,*,#2502,.F.);
#3935 = ORIENTED_EDGE('',*,*,#3912,.T.);
#3936 = ORIENTED_EDGE('',*,*,#1892,.T.);
#3937 = PLANE('',#3938);
#3938 = AXIS2_PLACEMENT_3D('',#3939,#3940,#3941);
#3939 = CARTESIAN_POINT('',(66.542301177979,-42.40296995639,
    11.784999847412));
#3940 = DIRECTION('',(6.228219685457E-03,-0.999980604452,0.));
#3941 = DIRECTION('',(-0.999980604452,-6.228219685457E-03,0.));
#3942 = ADVANCED_FACE('',(#3943),#3954,.F.);
#3943 = FACE_BOUND('',#3944,.F.);
#3944 = EDGE_LOOP('',(#3945,#3951,#3952,#3953));
#3945 = ORIENTED_EDGE('',*,*,#3946,.F.);
#3946 = EDGE_CURVE('',#2487,#1877,#3947,.T.);
#3947 = LINE('',#3948,#3949);
#3948 = CARTESIAN_POINT('',(67.399599075317,-42.53050994873,
    23.569999694824));
#3949 = VECTOR('',#3950,1.);
#3950 = DIRECTION('',(0.,0.,-1.));
#3951 = ORIENTED_EDGE('',*,*,#2494,.F.);
#3952 = ORIENTED_EDGE('',*,*,#3929,.T.);
#3953 = ORIENTED_EDGE('',*,*,#1884,.T.);
#3954 = PLANE('',#3955);
#3955 = AXIS2_PLACEMENT_3D('',#3956,#3957,#3958);
#3956 = CARTESIAN_POINT('',(67.116250038147,-42.46583497524,
    11.784999847412));
#3957 = DIRECTION('',(-0.222528798431,-0.974926117133,-0.));
#3958 = DIRECTION('',(-0.974926117133,0.222528798431,0.));
#3959 = ADVANCED_FACE('',(#3960),#3971,.F.);
#3960 = FACE_BOUND('',#3961,.F.);
#3961 = EDGE_LOOP('',(#3962,#3968,#3969,#3970));
#3962 = ORIENTED_EDGE('',*,*,#3963,.F.);
#3963 = EDGE_CURVE('',#2479,#1869,#3964,.T.);
#3964 = LINE('',#3965,#3966);
#3965 = CARTESIAN_POINT('',(67.921600341797,-42.78597998619,
    23.569999694824));
#3966 = VECTOR('',#3967,1.);
#3967 = DIRECTION('',(0.,0.,-1.));
#3968 = ORIENTED_EDGE('',*,*,#2486,.F.);
#3969 = ORIENTED_EDGE('',*,*,#3946,.T.);
#3970 = ORIENTED_EDGE('',*,*,#1876,.T.);
#3971 = PLANE('',#3972);
#3972 = AXIS2_PLACEMENT_3D('',#3973,#3974,#3975);
#3973 = CARTESIAN_POINT('',(67.660599708557,-42.65824496746,
    11.784999847412));
#3974 = DIRECTION('',(-0.439584250676,-0.898201361922,-0.));
#3975 = DIRECTION('',(-0.898201361922,0.439584250676,0.));
#3976 = ADVANCED_FACE('',(#3977),#3983,.F.);
#3977 = FACE_BOUND('',#3978,.F.);
#3978 = EDGE_LOOP('',(#3979,#3980,#3981,#3982));
#3979 = ORIENTED_EDGE('',*,*,#3006,.F.);
#3980 = ORIENTED_EDGE('',*,*,#2478,.F.);
#3981 = ORIENTED_EDGE('',*,*,#3963,.T.);
#3982 = ORIENTED_EDGE('',*,*,#1868,.T.);
#3983 = PLANE('',#3984);
#3984 = AXIS2_PLACEMENT_3D('',#3985,#3986,#3987);
#3985 = CARTESIAN_POINT('',(68.146550178528,-42.97001498937,
    11.784999847412));
#3986 = DIRECTION('',(-0.633207156544,-0.773982362138,-0.));
#3987 = DIRECTION('',(-0.773982362138,0.633207156544,0.));
#3988 = ADVANCED_FACE('',(#3989),#4001,.T.);
#3989 = FACE_BOUND('',#3990,.T.);
#3990 = EDGE_LOOP('',(#3991,#3998,#3999,#4000));
#3991 = ORIENTED_EDGE('',*,*,#3992,.T.);
#3992 = EDGE_CURVE('',#2383,#2408,#3993,.T.);
#3993 = CIRCLE('',#3994,1.);
#3994 = AXIS2_PLACEMENT_3D('',#3995,#3996,#3997);
#3995 = CARTESIAN_POINT('',(50.067865538449,-33.1721263014,1.09));
#3996 = DIRECTION('',(0.614753424017,0.788719359253,-0.));
#3997 = DIRECTION('',(-0.788719359253,0.614753424017,-0.));
#3998 = ORIENTED_EDGE('',*,*,#2460,.T.);
#3999 = ORIENTED_EDGE('',*,*,#2355,.F.);
#4000 = ORIENTED_EDGE('',*,*,#2382,.F.);
#4001 = CYLINDRICAL_SURFACE('',#4002,1.);
#4002 = AXIS2_PLACEMENT_3D('',#4003,#4004,#4005);
#4003 = CARTESIAN_POINT('',(50.032242891359,-33.21528270565,1.09));
#4004 = DIRECTION('',(0.657909828267,0.753096712163,-0.));
#4005 = DIRECTION('',(-0.753096712163,0.657909828267,-0.));
#4006 = ADVANCED_FACE('',(#4007),#4021,.T.);
#4007 = FACE_BOUND('',#4008,.F.);
#4008 = EDGE_LOOP('',(#4009,#4018,#4019,#4020));
#4009 = ORIENTED_EDGE('',*,*,#4010,.T.);
#4010 = EDGE_CURVE('',#2406,#2965,#4011,.T.);
#4011 = B_SPLINE_CURVE_WITH_KNOTS('',5,(#4012,#4013,#4014,#4015,#4016,
    #4017),.UNSPECIFIED.,.F.,.F.,(6,6),(0.,1.),
  .PIECEWISE_BEZIER_KNOTS.);
#4012 = CARTESIAN_POINT('',(64.769329238914,-44.43901525498,2.09));
#4013 = CARTESIAN_POINT('',(65.020236005339,-44.62807037544,2.09));
#4014 = CARTESIAN_POINT('',(65.271376869414,-44.81730188557,
    1.966984995954));
#4015 = CARTESIAN_POINT('',(65.469742990157,-44.96676828453,
    1.718611643363));
#4016 = CARTESIAN_POINT('',(65.567990281548,-45.04079639375,
    1.404159265359));
#4017 = CARTESIAN_POINT('',(65.567990281548,-45.04079639375,1.09));
#4018 = ORIENTED_EDGE('',*,*,#2989,.T.);
#4019 = ORIENTED_EDGE('',*,*,#3992,.T.);
#4020 = ORIENTED_EDGE('',*,*,#2405,.F.);
#4021 = TOROIDAL_SURFACE('',#4022,9.261462270157,1.);
#4022 = AXIS2_PLACEMENT_3D('',#4023,#4024,#4025);
#4023 = CARTESIAN_POINT('',(57.37256012591,-38.86564194338,1.09));
#4024 = DIRECTION('',(0.,0.,1.));
#4025 = DIRECTION('',(0.798661042635,-0.601781138769,0.));
#4026 = ADVANCED_FACE('',(#4027),#4040,.F.);
#4027 = FACE_BOUND('',#4028,.F.);
#4028 = EDGE_LOOP('',(#4029,#4030,#4031));
#4029 = ORIENTED_EDGE('',*,*,#4010,.F.);
#4030 = ORIENTED_EDGE('',*,*,#2416,.T.);
#4031 = ORIENTED_EDGE('',*,*,#4032,.T.);
#4032 = EDGE_CURVE('',#2417,#2965,#4033,.T.);
#4033 = B_SPLINE_CURVE_WITH_KNOTS('',5,(#4034,#4035,#4036,#4037,#4038,
    #4039),.UNSPECIFIED.,.F.,.F.,(6,6),(0.,1.),
  .PIECEWISE_BEZIER_KNOTS.);
#4034 = CARTESIAN_POINT('',(64.86332469114,-44.33125682072,2.09));
#4035 = CARTESIAN_POINT('',(65.084701915346,-44.55416525173,2.09));
#4036 = CARTESIAN_POINT('',(65.306285685948,-44.77728165775,
    1.966984995954));
#4037 = CARTESIAN_POINT('',(65.481305841093,-44.9535123803,
    1.718611643363));
#4038 = CARTESIAN_POINT('',(65.567990281548,-45.04079639375,
    1.404159265359));
#4039 = CARTESIAN_POINT('',(65.567990281548,-45.04079639375,1.09));
#4040 = B_SPLINE_SURFACE_WITH_KNOTS('',6,5,(
    (#4041,#4042,#4043,#4044,#4045,#4046)
    ,(#4047,#4048,#4049,#4050,#4051,#4052)
    ,(#4053,#4054,#4055,#4056,#4057,#4058)
    ,(#4059,#4060,#4061,#4062,#4063,#4064)
    ,(#4065,#4066,#4067,#4068,#4069,#4070)
    ,(#4071,#4072,#4073,#4074,#4075,#4076)
    ,(#4077,#4078,#4079,#4080,#4081,#4082
    )),.UNSPECIFIED.,.F.,.F.,.F.,(7,7),(6,6),(0.,1.),(0.,1.),
  .PIECEWISE_BEZIER_KNOTS.);
#4041 = CARTESIAN_POINT('',(64.769329238914,-44.43901525498,2.09));
#4042 = CARTESIAN_POINT('',(65.020236005339,-44.62807037544,2.09));
#4043 = CARTESIAN_POINT('',(65.271376869414,-44.81730188557,
    1.966984995954));
#4044 = CARTESIAN_POINT('',(65.469742990157,-44.96676828453,
    1.718611643363));
#4045 = CARTESIAN_POINT('',(65.567990281548,-45.04079639375,
    1.404159265359));
#4046 = CARTESIAN_POINT('',(65.567990281548,-45.04079639375,1.09));
#4047 = CARTESIAN_POINT('',(64.783804595592,-44.41980411207,2.09));
#4048 = CARTESIAN_POINT('',(65.030027882053,-44.61475173173,2.09));
#4049 = CARTESIAN_POINT('',(65.276436343213,-44.80984760237,
    1.967189140181));
#4050 = CARTESIAN_POINT('',(65.471559422326,-44.96433381371,
    1.718957798086));
#4051 = CARTESIAN_POINT('',(65.568024341851,-45.04075119021,
    1.404159265359));
#4052 = CARTESIAN_POINT('',(65.567990281548,-45.04079639375,1.09));
#4053 = CARTESIAN_POINT('',(64.79822241705,-44.40137007486,2.09));
#4054 = CARTESIAN_POINT('',(65.03977373059,-44.60205477258,2.09));
#4055 = CARTESIAN_POINT('',(65.282643136449,-44.8016054579,
    1.967311626717));
#4056 = CARTESIAN_POINT('',(65.471731625871,-44.96382454216,
    1.71916549092));
#4057 = CARTESIAN_POINT('',(65.568015090176,-45.04075810289,
    1.404159265359));
#4058 = CARTESIAN_POINT('',(65.567990281548,-45.04079639375,1.09));
#4059 = CARTESIAN_POINT('',(64.811290911167,-44.38074319229,2.09));
#4060 = CARTESIAN_POINT('',(65.048440117254,-44.58760353713,2.09));
#4061 = CARTESIAN_POINT('',(65.28627518835,-44.79506214783,
    1.967352455562));
#4062 = CARTESIAN_POINT('',(65.474399520068,-44.9591591093,
    1.719234721865));
#4063 = CARTESIAN_POINT('',(65.567984792416,-45.04079160569,
    1.404159265359));
#4064 = CARTESIAN_POINT('',(65.567990281548,-45.04079639375,1.09));
#4065 = CARTESIAN_POINT('',(64.829951987788,-44.36499460369,2.09));
#4066 = CARTESIAN_POINT('',(65.061580569923,-44.57705493688,2.09));
#4067 = CARTESIAN_POINT('',(65.292264643872,-44.79057515217,
    1.967311626717));
#4068 = CARTESIAN_POINT('',(65.478659428882,-44.95588235785,
    1.71916549092));
#4069 = CARTESIAN_POINT('',(65.567955714463,-45.04082617251,
    1.404159265359));
#4070 = CARTESIAN_POINT('',(65.567990281548,-45.04079639375,1.09));
#4071 = CARTESIAN_POINT('',(64.846257292819,-44.34820697935,2.09));
#4072 = CARTESIAN_POINT('',(65.072836405319,-44.56567510801,2.09));
#4073 = CARTESIAN_POINT('',(65.299587542396,-44.78330656324,
    1.967189140181));
#4074 = CARTESIAN_POINT('',(65.479140597099,-44.95564258978,
    1.718957798086));
#4075 = CARTESIAN_POINT('',(65.56795012221,-45.04083627723,
    1.404159265359));
#4076 = CARTESIAN_POINT('',(65.567990281548,-45.04079639375,1.09));
#4077 = CARTESIAN_POINT('',(64.86332469114,-44.33125682072,2.09));
#4078 = CARTESIAN_POINT('',(65.084701915346,-44.55416525173,2.09));
#4079 = CARTESIAN_POINT('',(65.306285685948,-44.77728165775,
    1.966984995954));
#4080 = CARTESIAN_POINT('',(65.481305841093,-44.9535123803,
    1.718611643363));
#4081 = CARTESIAN_POINT('',(65.567990281548,-45.04079639375,
    1.404159265359));
#4082 = CARTESIAN_POINT('',(65.567990281548,-45.04079639375,1.09));
#4083 = ADVANCED_FACE('',(#4084),#4101,.T.);
#4084 = FACE_BOUND('',#4085,.T.);
#4085 = EDGE_LOOP('',(#4086,#4098,#4099,#4100));
#4086 = ORIENTED_EDGE('',*,*,#4087,.F.);
#4087 = EDGE_CURVE('',#2429,#2331,#4088,.T.);
#4088 = B_SPLINE_CURVE_WITH_KNOTS('',8,(#4089,#4090,#4091,#4092,#4093,
    #4094,#4095,#4096,#4097),.UNSPECIFIED.,.F.,.F.,(9,9),(0.,1.),
  .PIECEWISE_BEZIER_KNOTS.);
#4089 = CARTESIAN_POINT('',(68.148240929338,-44.15223612911,2.09));
#4090 = CARTESIAN_POINT('',(68.025839652451,-44.30576485479,2.09));
#4091 = CARTESIAN_POINT('',(67.903438337037,-44.45929362879,
    2.045939211039));
#4092 = CARTESIAN_POINT('',(67.788228081863,-44.6038026087,
    1.957818065871));
#4093 = CARTESIAN_POINT('',(67.687398417227,-44.73027391942,
    1.82925875578));
#4094 = CARTESIAN_POINT('',(67.607256525155,-44.83079642111,
    1.667513234335));
#4095 = CARTESIAN_POINT('',(67.552323161714,-44.89969969975,
    1.482699143504));
#4096 = CARTESIAN_POINT('',(67.524856345106,-44.93415150825,
    1.286349540849));
#4097 = CARTESIAN_POINT('',(67.524856345106,-44.93415150825,1.09));
#4098 = ORIENTED_EDGE('',*,*,#2428,.T.);
#4099 = ORIENTED_EDGE('',*,*,#4032,.T.);
#4100 = ORIENTED_EDGE('',*,*,#2964,.F.);
#4101 = TOROIDAL_SURFACE('',#4102,2.473488051073,1.);
#4102 = AXIS2_PLACEMENT_3D('',#4103,#4104,#4105);
#4103 = CARTESIAN_POINT('',(66.606306609017,-46.08629447637,1.09));
#4104 = DIRECTION('',(0.,0.,1.));
#4105 = DIRECTION('',(0.623384584232,0.781915379144,-0.));
#4106 = ADVANCED_FACE('',(#4107),#4112,.T.);
#4107 = FACE_BOUND('',#4108,.T.);
#4108 = EDGE_LOOP('',(#4109,#4110,#4111));
#4109 = ORIENTED_EDGE('',*,*,#2942,.F.);
#4110 = ORIENTED_EDGE('',*,*,#2437,.T.);
#4111 = ORIENTED_EDGE('',*,*,#4087,.T.);
#4112 = B_SPLINE_SURFACE_WITH_KNOTS('',8,8,(
    (#4113,#4114,#4115,#4116,#4117,#4118,#4119,#4120,#4121)
    ,(#4122,#4123,#4124,#4125,#4126,#4127,#4128,#4129,#4130)
    ,(#4131,#4132,#4133,#4134,#4135,#4136,#4137,#4138,#4139)
    ,(#4140,#4141,#4142,#4143,#4144,#4145,#4146,#4147,#4148)
    ,(#4149,#4150,#4151,#4152,#4153,#4154,#4155,#4156,#4157)
    ,(#4158,#4159,#4160,#4161,#4162,#4163,#4164,#4165,#4166)
    ,(#4167,#4168,#4169,#4170,#4171,#4172,#4173,#4174,#4175)
    ,(#4176,#4177,#4178,#4179,#4180,#4181,#4182,#4183,#4184)
    ,(#4185,#4186,#4187,#4188,#4189,#4190,#4191,#4192,#4193
  )),.UNSPECIFIED.,.F.,.F.,.F.,(9,9),(9,9),(0.,1.),(0.,1.),
  .PIECEWISE_BEZIER_KNOTS.);
#4113 = CARTESIAN_POINT('',(68.314645114894,-44.32077258857,2.09));
#4114 = CARTESIAN_POINT('',(68.159570452578,-44.44120925781,2.09));
#4115 = CARTESIAN_POINT('',(68.004495741449,-44.56164596497,
    2.045939211039));
#4116 = CARTESIAN_POINT('',(67.858531648012,-44.67500703235,
    1.957818065871));
#4117 = CARTESIAN_POINT('',(67.730786851611,-44.77421832556,
    1.82925875578));
#4118 = CARTESIAN_POINT('',(67.62925215225,-44.85307389629,
    1.667513234335));
#4119 = CARTESIAN_POINT('',(67.559655061415,-44.90712554912,
    1.482699143504));
#4120 = CARTESIAN_POINT('',(67.524856345106,-44.93415150825,
    1.286349540849));
#4121 = CARTESIAN_POINT('',(67.524856345106,-44.93415150825,1.09));
#4122 = CARTESIAN_POINT('',(68.296262349305,-44.29710287747,2.09));
#4123 = CARTESIAN_POINT('',(68.144969640467,-44.42200138548,2.09));
#4124 = CARTESIAN_POINT('',(67.993676333459,-44.54690036035,
    2.046052287128));
#4125 = CARTESIAN_POINT('',(67.851187650413,-44.66453197226,
    1.958150612996));
#4126 = CARTESIAN_POINT('',(67.726288207593,-44.76764448833,
    1.829820001253));
#4127 = CARTESIAN_POINT('',(67.626855141818,-44.84974364136,
    1.667984158928));
#4128 = CARTESIAN_POINT('',(67.558773529905,-44.90598893626,
    1.482895311954));
#4129 = CARTESIAN_POINT('',(67.524812446721,-44.93409498454,
    1.286349540849));
#4130 = CARTESIAN_POINT('',(67.524856345106,-44.93415150825,1.09));
#4131 = CARTESIAN_POINT('',(68.278651192278,-44.27392064069,2.09));
#4132 = CARTESIAN_POINT('',(68.131043985847,-44.40322005317,2.09));
#4133 = CARTESIAN_POINT('',(67.979909883352,-44.529259381,2.046133055762
    ));
#4134 = CARTESIAN_POINT('',(67.842245099461,-44.65253000767,
    1.958388146657));
#4135 = CARTESIAN_POINT('',(67.722426712199,-44.76167195058,
    1.830220890877));
#4136 = CARTESIAN_POINT('',(67.627252379097,-44.84900494006,
    1.668320533637));
#4137 = CARTESIAN_POINT('',(67.561793847124,-44.90850154925,
    1.483035432274));
#4138 = CARTESIAN_POINT('',(67.524809621763,-44.93408350709,
    1.286349540849));
#4139 = CARTESIAN_POINT('',(67.524856345106,-44.93415150825,1.09));
#4140 = CARTESIAN_POINT('',(68.258272567791,-44.25151739431,2.09));
#4141 = CARTESIAN_POINT('',(68.114696797201,-44.38512033747,2.09));
#4142 = CARTESIAN_POINT('',(67.968948550086,-44.51676371658,
    2.046181516943));
#4143 = CARTESIAN_POINT('',(67.834519516402,-44.6435830683,
    1.958530666853));
#4144 = CARTESIAN_POINT('',(67.71708653156,-44.75554203125,
    1.830461424651));
#4145 = CARTESIAN_POINT('',(67.623622405608,-44.84505633674,
    1.668522358463));
#4146 = CARTESIAN_POINT('',(67.559479685374,-44.90613926653,
    1.483119504467));
#4147 = CARTESIAN_POINT('',(67.524833604716,-44.93410262758,
    1.286349540849));
#4148 = CARTESIAN_POINT('',(67.524856345106,-44.93415150825,1.09));
#4149 = CARTESIAN_POINT('',(68.244123895965,-44.22398391968,2.09));
#4150 = CARTESIAN_POINT('',(68.103800817132,-44.36253167204,2.09));
#4151 = CARTESIAN_POINT('',(67.962242939617,-44.50229860077,
    2.04619767067));
#4152 = CARTESIAN_POINT('',(67.829934465005,-44.63293314733,
    1.958578173585));
#4153 = CARTESIAN_POINT('',(67.71386547509,-44.7475336664,1.830541602576
    ));
#4154 = CARTESIAN_POINT('',(67.621259523928,-44.8389679942,
    1.668589633405));
#4155 = CARTESIAN_POINT('',(67.557748055837,-44.90167593381,
    1.483147528531));
#4156 = CARTESIAN_POINT('',(67.524870130066,-44.9341378977,
    1.286349540849));
#4157 = CARTESIAN_POINT('',(67.524856345106,-44.93415150825,1.09));
#4158 = CARTESIAN_POINT('',(68.216772790095,-44.20948584578,2.09));
#4159 = CARTESIAN_POINT('',(68.081352707276,-44.35134898225,2.09));
#4160 = CARTESIAN_POINT('',(67.947864370283,-44.49540936781,
    2.046181516943));
#4161 = CARTESIAN_POINT('',(67.819343782882,-44.62821287561,
    1.958530666853));
#4162 = CARTESIAN_POINT('',(67.705898768962,-44.74421091064,
    1.830461424651));
#4163 = CARTESIAN_POINT('',(67.615201758436,-44.83652778888,
    1.668522358463));
#4164 = CARTESIAN_POINT('',(67.55330713152,-44.89988761866,
    1.483119504467));
#4165 = CARTESIAN_POINT('',(67.524904932296,-44.93417486914,
    1.286349540849));
#4166 = CARTESIAN_POINT('',(67.524856345106,-44.93415150825,1.09));
#4167 = CARTESIAN_POINT('',(68.194630814755,-44.18882364086,2.09));
#4168 = CARTESIAN_POINT('',(68.063462586632,-44.33477267782,2.09));
#4169 = CARTESIAN_POINT('',(67.935509275425,-44.48428983151,
    2.046133055762));
#4170 = CARTESIAN_POINT('',(67.810495928743,-44.62037400868,
    1.958388146657));
#4171 = CARTESIAN_POINT('',(67.699837336227,-44.73879311833,
    1.830220890877));
#4172 = CARTESIAN_POINT('',(67.611299691012,-44.83284783704,
    1.668320533637));
#4173 = CARTESIAN_POINT('',(67.550974503562,-44.89754356852,
    1.483035432274));
#4174 = CARTESIAN_POINT('',(67.52492374589,-44.93419909358,
    1.286349540849));
#4175 = CARTESIAN_POINT('',(67.524856345106,-44.93415150825,1.09));
#4176 = CARTESIAN_POINT('',(68.171674677488,-44.17091876119,2.09));
#4177 = CARTESIAN_POINT('',(68.044860074304,-44.32060903298,2.09));
#4178 = CARTESIAN_POINT('',(67.91804499668,-44.47029989695,
    2.046052287128));
#4179 = CARTESIAN_POINT('',(67.798608791104,-44.61127937672,
    1.958150612996));
#4180 = CARTESIAN_POINT('',(67.693914446099,-44.73485589516,
    1.829820001253));
#4181 = CARTESIAN_POINT('',(67.610555992072,-44.83323563718,
    1.667984158928));
#4182 = CARTESIAN_POINT('',(67.553448459023,-44.90059563086,
    1.482895311954));
#4183 = CARTESIAN_POINT('',(67.524912305332,-44.93419612273,
    1.286349540849));
#4184 = CARTESIAN_POINT('',(67.524856345106,-44.93415150825,1.09));
#4185 = CARTESIAN_POINT('',(68.148240929338,-44.15223612911,2.09));
#4186 = CARTESIAN_POINT('',(68.025839652451,-44.30576485479,2.09));
#4187 = CARTESIAN_POINT('',(67.903438337037,-44.45929362879,
    2.045939211039));
#4188 = CARTESIAN_POINT('',(67.788228081863,-44.6038026087,
    1.957818065871));
#4189 = CARTESIAN_POINT('',(67.687398417227,-44.73027391942,
    1.82925875578));
#4190 = CARTESIAN_POINT('',(67.607256525155,-44.83079642111,
    1.667513234335));
#4191 = CARTESIAN_POINT('',(67.552323161714,-44.89969969975,
    1.482699143504));
#4192 = CARTESIAN_POINT('',(67.524856345106,-44.93415150825,
    1.286349540849));
#4193 = CARTESIAN_POINT('',(67.524856345106,-44.93415150825,1.09));
#4194 = ( GEOMETRIC_REPRESENTATION_CONTEXT(3) 
GLOBAL_UNCERTAINTY_ASSIGNED_CONTEXT((#4198)) 
GLOBAL_UNIT_ASSIGNED_CONTEXT((#4195,#4196,#4197)) REPRESENTATION_CONTEXT
('Context #1','3D Context with UNIT and UNCERTAINTY') );
#4195 = ( LENGTH_UNIT() NAMED_UNIT(*) SI_UNIT(.MILLI.,.METRE.) );
#4196 = ( NAMED_UNIT(*) PLANE_ANGLE_UNIT() SI_UNIT($,.RADIAN.) );
#4197 = ( NAMED_UNIT(*) SI_UNIT($,.STERADIAN.) SOLID_ANGLE_UNIT() );
#4198 = UNCERTAINTY_MEASURE_WITH_UNIT(LENGTH_MEASURE(2.E-03),#4195,
  'distance_accuracy_value','confusion accuracy');
#4199 = CONTEXT_DEPENDENT_SHAPE_REPRESENTATION(#4200,#4202);
#4200 = ( REPRESENTATION_RELATIONSHIP('','',#1708,#10) 
REPRESENTATION_RELATIONSHIP_WITH_TRANSFORMATION(#4201) 
SHAPE_REPRESENTATION_RELATIONSHIP() );
#4201 = ITEM_DEFINED_TRANSFORMATION('','',#11,#19);
#4202 = PRODUCT_DEFINITION_SHAPE('Placement','Placement of an item',
  #4203);
#4203 = NEXT_ASSEMBLY_USAGE_OCCURRENCE('2','Fillet002','',#5,#1703,$);
#4204 = PRODUCT_RELATED_PRODUCT_CATEGORY('part',$,(#1705));
#4205 = SHAPE_DEFINITION_REPRESENTATION(#4206,#4212);
#4206 = PRODUCT_DEFINITION_SHAPE('','',#4207);
#4207 = PRODUCT_DEFINITION('design','',#4208,#4211);
#4208 = PRODUCT_DEFINITION_FORMATION('','',#4209);
#4209 = PRODUCT('Fillet001','Fillet001','',(#4210));
#4210 = PRODUCT_CONTEXT('',#2,'mechanical');
#4211 = PRODUCT_DEFINITION_CONTEXT('part definition',#2,'design');
#4212 = ADVANCED_BREP_SHAPE_REPRESENTATION('',(#11,#4213),#12362);
#4213 = MANIFOLD_SOLID_BREP('',#4214);
#4214 = CLOSED_SHELL('',(#4215,#4257,#4288,#4322,#5238,#5262,#5287,#5312
    ,#5620,#5638,#5678,#5831,#5867,#5901,#5935,#5971,#6018,#6044,#6074,
    #6097,#6120,#6143,#6166,#6189,#6212,#6235,#6258,#6281,#6304,#6327,
    #6350,#6373,#6396,#6419,#6442,#6465,#6488,#6511,#6534,#6557,#6580,
    #6603,#6626,#6649,#6672,#6695,#6718,#6741,#6764,#6787,#6810,#6833,
    #6856,#6879,#6902,#6925,#6948,#6971,#6994,#7010,#7035,#7052,#7082,
    #7105,#7128,#7151,#7174,#7197,#7220,#7243,#7266,#7289,#7312,#7335,
    #7358,#7381,#7404,#7427,#7450,#7473,#7496,#7519,#7542,#7565,#7588,
    #7611,#7634,#7657,#7680,#7703,#7726,#7749,#7772,#7795,#7818,#7841,
    #7864,#7887,#7910,#7933,#7956,#7979,#8002,#8025,#8048,#8071,#8094,
    #8117,#8140,#8163,#8186,#8209,#8232,#8255,#8278,#8301,#8324,#8347,
    #8370,#8386,#8404,#8422,#8434,#8465,#8489,#8513,#8537,#8561,#8585,
    #8609,#8633,#8657,#8681,#8705,#8729,#8753,#8777,#8801,#8825,#8849,
    #8873,#8897,#8921,#8945,#8969,#8993,#9017,#9041,#9065,#9089,#9113,
    #9137,#9161,#9185,#9209,#9226,#9298,#9843,#9920,#9989,#10058,#10135,
    #10256,#10314,#10726,#11033,#11176,#11211,#11233,#11268,#11300,
    #11342,#11364,#11396,#11428,#11444,#11466,#11483,#11500,#11517,
    #11534,#11551,#11568,#11585,#11602,#11619,#11636,#11653,#11670,
    #11687,#11704,#11721,#11738,#11755,#11772,#11789,#11806,#11823,
    #11840,#11857,#11874,#11891,#11908,#11925,#11942,#11959,#11976,
    #11993,#12005,#12050,#12069,#12121,#12164,#12243,#12262,#12305,
    #12348));
#4215 = ADVANCED_FACE('',(#4216),#4252,.T.);
#4216 = FACE_BOUND('',#4217,.F.);
#4217 = EDGE_LOOP('',(#4218,#4228,#4237,#4245));
#4218 = ORIENTED_EDGE('',*,*,#4219,.T.);
#4219 = EDGE_CURVE('',#4220,#4222,#4224,.T.);
#4220 = VERTEX_POINT('',#4221);
#4221 = CARTESIAN_POINT('',(11.742209814264,-21.38522207725,0.89));
#4222 = VERTEX_POINT('',#4223);
#4223 = CARTESIAN_POINT('',(11.742209814264,-21.38522207725,1.09));
#4224 = LINE('',#4225,#4226);
#4225 = CARTESIAN_POINT('',(11.742209814264,-21.38522207725,0.89));
#4226 = VECTOR('',#4227,1.);
#4227 = DIRECTION('',(0.,0.,1.));
#4228 = ORIENTED_EDGE('',*,*,#4229,.T.);
#4229 = EDGE_CURVE('',#4222,#4230,#4232,.T.);
#4230 = VERTEX_POINT('',#4231);
#4231 = CARTESIAN_POINT('',(6.732989824083,-24.30761604755,1.09));
#4232 = CIRCLE('',#4233,3.357076699922);
#4233 = AXIS2_PLACEMENT_3D('',#4234,#4235,#4236);
#4234 = CARTESIAN_POINT('',(10.090066524006,-24.30761604755,1.09));
#4235 = DIRECTION('',(0.,0.,1.));
#4236 = DIRECTION('',(0.492137486849,0.870517486348,-0.));
#4237 = ORIENTED_EDGE('',*,*,#4238,.F.);
#4238 = EDGE_CURVE('',#4239,#4230,#4241,.T.);
#4239 = VERTEX_POINT('',#4240);
#4240 = CARTESIAN_POINT('',(6.732989824083,-24.30761604755,0.89));
#4241 = LINE('',#4242,#4243);
#4242 = CARTESIAN_POINT('',(6.732989824083,-24.30761604755,0.89));
#4243 = VECTOR('',#4244,1.);
#4244 = DIRECTION('',(0.,0.,1.));
#4245 = ORIENTED_EDGE('',*,*,#4246,.F.);
#4246 = EDGE_CURVE('',#4220,#4239,#4247,.T.);
#4247 = CIRCLE('',#4248,3.357076699922);
#4248 = AXIS2_PLACEMENT_3D('',#4249,#4250,#4251);
#4249 = CARTESIAN_POINT('',(10.090066524006,-24.30761604755,0.89));
#4250 = DIRECTION('',(0.,0.,1.));
#4251 = DIRECTION('',(1.,0.,0.));
#4252 = CYLINDRICAL_SURFACE('',#4253,3.357076699922);
#4253 = AXIS2_PLACEMENT_3D('',#4254,#4255,#4256);
#4254 = CARTESIAN_POINT('',(10.090066524006,-24.30761604755,0.89));
#4255 = DIRECTION('',(-0.,-0.,-1.));
#4256 = DIRECTION('',(1.,0.,0.));
#4257 = ADVANCED_FACE('',(#4258),#4283,.T.);
#4258 = FACE_BOUND('',#4259,.T.);
#4259 = EDGE_LOOP('',(#4260,#4261,#4269,#4277));
#4260 = ORIENTED_EDGE('',*,*,#4219,.T.);
#4261 = ORIENTED_EDGE('',*,*,#4262,.F.);
#4262 = EDGE_CURVE('',#4263,#4222,#4265,.T.);
#4263 = VERTEX_POINT('',#4264);
#4264 = CARTESIAN_POINT('',(40.34560809125,-37.55583870947,1.09));
#4265 = LINE('',#4266,#4267);
#4266 = CARTESIAN_POINT('',(40.34560809125,-37.55583870947,1.09));
#4267 = VECTOR('',#4268,1.);
#4268 = DIRECTION('',(-0.870517486348,0.492137486849,-0.));
#4269 = ORIENTED_EDGE('',*,*,#4270,.F.);
#4270 = EDGE_CURVE('',#4271,#4263,#4273,.T.);
#4271 = VERTEX_POINT('',#4272);
#4272 = CARTESIAN_POINT('',(40.34560809125,-37.55583870947,0.89));
#4273 = LINE('',#4274,#4275);
#4274 = CARTESIAN_POINT('',(40.34560809125,-37.55583870947,0.89));
#4275 = VECTOR('',#4276,1.);
#4276 = DIRECTION('',(0.,0.,1.));
#4277 = ORIENTED_EDGE('',*,*,#4278,.F.);
#4278 = EDGE_CURVE('',#4220,#4271,#4279,.T.);
#4279 = LINE('',#4280,#4281);
#4280 = CARTESIAN_POINT('',(11.742209814264,-21.38522207725,0.89));
#4281 = VECTOR('',#4282,1.);
#4282 = DIRECTION('',(0.870517486348,-0.492137486849,0.));
#4283 = PLANE('',#4284);
#4284 = AXIS2_PLACEMENT_3D('',#4285,#4286,#4287);
#4285 = CARTESIAN_POINT('',(11.742209814264,-21.38522207725,0.89));
#4286 = DIRECTION('',(0.492137486849,0.870517486348,0.));
#4287 = DIRECTION('',(0.870517486348,-0.492137486849,0.));
#4288 = ADVANCED_FACE('',(#4289),#4317,.T.);
#4289 = FACE_BOUND('',#4290,.T.);
#4290 = EDGE_LOOP('',(#4291,#4300,#4301,#4310));
#4291 = ORIENTED_EDGE('',*,*,#4292,.F.);
#4292 = EDGE_CURVE('',#4222,#4293,#4295,.T.);
#4293 = VERTEX_POINT('',#4294);
#4294 = CARTESIAN_POINT('',(11.250072327415,-22.2557395636,2.09));
#4295 = CIRCLE('',#4296,1.);
#4296 = AXIS2_PLACEMENT_3D('',#4297,#4298,#4299);
#4297 = CARTESIAN_POINT('',(11.250072327415,-22.2557395636,1.09));
#4298 = DIRECTION('',(0.870517486348,-0.492137486849,0.));
#4299 = DIRECTION('',(0.492137486849,0.870517486348,0.));
#4300 = ORIENTED_EDGE('',*,*,#4229,.T.);
#4301 = ORIENTED_EDGE('',*,*,#4302,.T.);
#4302 = EDGE_CURVE('',#4230,#4303,#4305,.T.);
#4303 = VERTEX_POINT('',#4304);
#4304 = CARTESIAN_POINT('',(7.732989824083,-24.30761604755,2.09));
#4305 = CIRCLE('',#4306,1.);
#4306 = AXIS2_PLACEMENT_3D('',#4307,#4308,#4309);
#4307 = CARTESIAN_POINT('',(7.732989824083,-24.30761604755,1.09));
#4308 = DIRECTION('',(7.2E-16,1.,-0.));
#4309 = DIRECTION('',(-1.,7.2E-16,0.));
#4310 = ORIENTED_EDGE('',*,*,#4311,.F.);
#4311 = EDGE_CURVE('',#4293,#4303,#4312,.T.);
#4312 = CIRCLE('',#4313,2.357076699922);
#4313 = AXIS2_PLACEMENT_3D('',#4314,#4315,#4316);
#4314 = CARTESIAN_POINT('',(10.090066524006,-24.30761604755,2.09));
#4315 = DIRECTION('',(0.,0.,1.));
#4316 = DIRECTION('',(0.492137486849,0.870517486348,-0.));
#4317 = TOROIDAL_SURFACE('',#4318,2.357076699922,1.);
#4318 = AXIS2_PLACEMENT_3D('',#4319,#4320,#4321);
#4319 = CARTESIAN_POINT('',(10.090066524006,-24.30761604755,1.09));
#4320 = DIRECTION('',(0.,0.,1.));
#4321 = DIRECTION('',(0.492137486849,0.870517486348,-0.));
#4322 = ADVANCED_FACE('',(#4323,#4393,#4731,#4767),#5233,.T.);
#4323 = FACE_BOUND('',#4324,.T.);
#4324 = EDGE_LOOP('',(#4325,#4335,#4344,#4352,#4361,#4369,#4378,#4386));
#4325 = ORIENTED_EDGE('',*,*,#4326,.F.);
#4326 = EDGE_CURVE('',#4327,#4329,#4331,.T.);
#4327 = VERTEX_POINT('',#4328);
#4328 = CARTESIAN_POINT('',(-3.687841483733,-100.5482870863,0.89));
#4329 = VERTEX_POINT('',#4330);
#4330 = CARTESIAN_POINT('',(-3.687841483733,-13.07723506376,0.89));
#4331 = LINE('',#4332,#4333);
#4332 = CARTESIAN_POINT('',(-3.687841483733,-100.5482870863,0.89));
#4333 = VECTOR('',#4334,1.);
#4334 = DIRECTION('',(0.,1.,0.));
#4335 = ORIENTED_EDGE('',*,*,#4336,.T.);
#4336 = EDGE_CURVE('',#4327,#4337,#4339,.T.);
#4337 = VERTEX_POINT('',#4338);
#4338 = CARTESIAN_POINT('',(0.362558914343,-104.5986874844,0.89));
#4339 = CIRCLE('',#4340,4.050400398076);
#4340 = AXIS2_PLACEMENT_3D('',#4341,#4342,#4343);
#4341 = CARTESIAN_POINT('',(0.362558914343,-100.5482870863,0.89));
#4342 = DIRECTION('',(0.,0.,1.));
#4343 = DIRECTION('',(1.,0.,0.));
#4344 = ORIENTED_EDGE('',*,*,#4345,.F.);
#4345 = EDGE_CURVE('',#4346,#4337,#4348,.T.);
#4346 = VERTEX_POINT('',#4347);
#4347 = CARTESIAN_POINT('',(88.3259,-104.5986874844,0.89));
#4348 = LINE('',#4349,#4350);
#4349 = CARTESIAN_POINT('',(88.3259,-104.5986874844,0.89));
#4350 = VECTOR('',#4351,1.);
#4351 = DIRECTION('',(-1.,0.,0.));
#4352 = ORIENTED_EDGE('',*,*,#4353,.T.);
#4353 = EDGE_CURVE('',#4346,#4354,#4356,.T.);
#4354 = VERTEX_POINT('',#4355);
#4355 = CARTESIAN_POINT('',(92.075587484448,-100.849,0.89));
#4356 = CIRCLE('',#4357,3.749687484448);
#4357 = AXIS2_PLACEMENT_3D('',#4358,#4359,#4360);
#4358 = CARTESIAN_POINT('',(88.3259,-100.849,0.89));
#4359 = DIRECTION('',(0.,0.,1.));
#4360 = DIRECTION('',(1.,0.,0.));
#4361 = ORIENTED_EDGE('',*,*,#4362,.F.);
#4362 = EDGE_CURVE('',#4363,#4354,#4365,.T.);
#4363 = VERTEX_POINT('',#4364);
#4364 = CARTESIAN_POINT('',(92.075587484448,-12.79022895245,0.89));
#4365 = LINE('',#4366,#4367);
#4366 = CARTESIAN_POINT('',(92.075587484448,-12.79022895245,0.89));
#4367 = VECTOR('',#4368,1.);
#4368 = DIRECTION('',(0.,-1.,0.));
#4369 = ORIENTED_EDGE('',*,*,#4370,.T.);
#4370 = EDGE_CURVE('',#4363,#4371,#4373,.T.);
#4371 = VERTEX_POINT('',#4372);
#4372 = CARTESIAN_POINT('',(88.390754315784,-9.105395783792,0.89));
#4373 = CIRCLE('',#4374,3.684833168663);
#4374 = AXIS2_PLACEMENT_3D('',#4375,#4376,#4377);
#4375 = CARTESIAN_POINT('',(88.390754315784,-12.79022895245,0.89));
#4376 = DIRECTION('',(0.,0.,1.));
#4377 = DIRECTION('',(1.,0.,0.));
#4378 = ORIENTED_EDGE('',*,*,#4379,.F.);
#4379 = EDGE_CURVE('',#4380,#4371,#4382,.T.);
#4380 = VERTEX_POINT('',#4381);
#4381 = CARTESIAN_POINT('',(0.283997796243,-9.105395783792,0.89));
#4382 = LINE('',#4383,#4384);
#4383 = CARTESIAN_POINT('',(0.283997796243,-9.105395783792,0.89));
#4384 = VECTOR('',#4385,1.);
#4385 = DIRECTION('',(1.,0.,0.));
#4386 = ORIENTED_EDGE('',*,*,#4387,.T.);
#4387 = EDGE_CURVE('',#4380,#4329,#4388,.T.);
#4388 = CIRCLE('',#4389,3.971839279976);
#4389 = AXIS2_PLACEMENT_3D('',#4390,#4391,#4392);
#4390 = CARTESIAN_POINT('',(0.283997796243,-13.07723506376,0.89));
#4391 = DIRECTION('',(0.,0.,1.));
#4392 = DIRECTION('',(1.,0.,0.));
#4393 = FACE_BOUND('',#4394,.T.);
#4394 = EDGE_LOOP('',(#4395,#4405,#4413,#4421,#4429,#4437,#4445,#4453,
    #4461,#4469,#4477,#4485,#4493,#4501,#4509,#4517,#4525,#4533,#4541,
    #4549,#4557,#4565,#4573,#4581,#4589,#4597,#4605,#4613,#4621,#4629,
    #4637,#4645,#4653,#4661,#4669,#4677,#4685,#4693,#4701,#4709,#4717,
    #4725));
#4395 = ORIENTED_EDGE('',*,*,#4396,.T.);
#4396 = EDGE_CURVE('',#4397,#4399,#4401,.T.);
#4397 = VERTEX_POINT('',#4398);
#4398 = CARTESIAN_POINT('',(28.235159683228,-79.60060405731,0.89));
#4399 = VERTEX_POINT('',#4400);
#4400 = CARTESIAN_POINT('',(27.475440216064,-77.76104011535,0.89));
#4401 = LINE('',#4402,#4403);
#4402 = CARTESIAN_POINT('',(25.195923001335,-72.24147946892,0.89));
#4403 = VECTOR('',#4404,1.);
#4404 = DIRECTION('',(-0.381717051112,0.924279228854,0.));
#4405 = ORIENTED_EDGE('',*,*,#4406,.T.);
#4406 = EDGE_CURVE('',#4399,#4407,#4409,.T.);
#4407 = VERTEX_POINT('',#4408);
#4408 = CARTESIAN_POINT('',(26.916840362549,-75.85074796676,0.89));
#4409 = LINE('',#4410,#4411);
#4410 = CARTESIAN_POINT('',(25.178234295879,-69.90508668929,0.89));
#4411 = VECTOR('',#4412,1.);
#4412 = DIRECTION('',(-0.280662699096,0.959806464521,0.));
#4413 = ORIENTED_EDGE('',*,*,#4414,.T.);
#4414 = EDGE_CURVE('',#4407,#4415,#4417,.T.);
#4415 = VERTEX_POINT('',#4416);
#4416 = CARTESIAN_POINT('',(26.56595993042,-73.8916639328,0.89));
#4417 = LINE('',#4418,#4419);
#4418 = CARTESIAN_POINT('',(25.448929807556,-67.65490725223,0.89));
#4419 = VECTOR('',#4420,1.);
#4420 = DIRECTION('',(-0.176298958921,0.984336668566,0.));
#4421 = ORIENTED_EDGE('',*,*,#4422,.T.);
#4422 = EDGE_CURVE('',#4415,#4423,#4425,.T.);
#4423 = VERTEX_POINT('',#4424);
#4424 = CARTESIAN_POINT('',(26.564640426636,-73.39905200004,0.89));
#4425 = LINE('',#4426,#4427);
#4426 = CARTESIAN_POINT('',(26.542861265976,-65.26821178941,0.89));
#4427 = VECTOR('',#4428,1.);
#4428 = DIRECTION('',(-2.678577116923E-03,0.999996412606,0.));
#4429 = ORIENTED_EDGE('',*,*,#4430,.T.);
#4430 = EDGE_CURVE('',#4423,#4431,#4433,.T.);
#4431 = VERTEX_POINT('',#4432);
#4432 = CARTESIAN_POINT('',(26.681399917603,-72.9204919815,0.89));
#4433 = LINE('',#4434,#4435);
#4434 = CARTESIAN_POINT('',(28.996163203325,-63.43301347541,0.89));
#4435 = VECTOR('',#4436,1.);
#4436 = DIRECTION('',(0.237028099672,0.971502794626,0.));
#4437 = ORIENTED_EDGE('',*,*,#4438,.T.);
#4438 = EDGE_CURVE('',#4431,#4439,#4441,.T.);
#4439 = VERTEX_POINT('',#4440);
#4440 = CARTESIAN_POINT('',(26.909519577026,-72.48388521671,0.89));
#4441 = LINE('',#4442,#4443);
#4442 = CARTESIAN_POINT('',(31.919161250186,-62.89574428569,0.89));
#4443 = VECTOR('',#4444,1.);
#4444 = DIRECTION('',(0.46308423595,0.886314272938,0.));
#4445 = ORIENTED_EDGE('',*,*,#4446,.T.);
#4446 = EDGE_CURVE('',#4439,#4447,#4449,.T.);
#4447 = VERTEX_POINT('',#4448);
#4448 = CARTESIAN_POINT('',(27.235679626465,-72.11469198465,0.89));
#4449 = LINE('',#4450,#4451);
#4450 = CARTESIAN_POINT('',(34.667150579323,-63.70272128264,0.89));
#4451 = VECTOR('',#4452,1.);
#4452 = DIRECTION('',(0.662079549864,0.749433565869,0.));
#4453 = ORIENTED_EDGE('',*,*,#4454,.T.);
#4454 = EDGE_CURVE('',#4447,#4455,#4457,.T.);
#4455 = VERTEX_POINT('',#4456);
#4456 = CARTESIAN_POINT('',(27.640800476074,-71.83444280624,0.89));
#4457 = LINE('',#4458,#4459);
#4458 = CARTESIAN_POINT('',(36.655858440547,-65.59812445754,0.89));
#4459 = VECTOR('',#4460,1.);
#4460 = DIRECTION('',(0.822400293673,0.568909269538,0.));
#4461 = ORIENTED_EDGE('',*,*,#4462,.T.);
#4462 = EDGE_CURVE('',#4455,#4463,#4465,.T.);
#4463 = VERTEX_POINT('',#4464);
#4464 = CARTESIAN_POINT('',(28.101359939575,-71.65947739929,0.89));
#4465 = LINE('',#4466,#4467);
#4466 = CARTESIAN_POINT('',(37.492094274583,-68.09196053179,0.89));
#4467 = VECTOR('',#4468,1.);
#4468 = DIRECTION('',(0.93481538132,0.355134063203,0.));
#4469 = ORIENTED_EDGE('',*,*,#4470,.T.);
#4470 = EDGE_CURVE('',#4463,#4471,#4473,.T.);
#4471 = VERTEX_POINT('',#4472);
#4472 = CARTESIAN_POINT('',(28.59036026001,-71.59999962478,0.89));
#4473 = LINE('',#4474,#4475);
#4474 = CARTESIAN_POINT('',(37.057486571207,-70.57013152774,0.89));
#4475 = VECTOR('',#4476,1.);
#4476 = DIRECTION('',(0.992683982569,0.120741503849,0.));
#4477 = ORIENTED_EDGE('',*,*,#4478,.T.);
#4478 = EDGE_CURVE('',#4471,#4479,#4481,.T.);
#4479 = VERTEX_POINT('',#4480);
#4480 = CARTESIAN_POINT('',(61.40963973999,-71.5999939403,0.89));
#4481 = LINE('',#4482,#4483);
#4482 = CARTESIAN_POINT('',(44.614212182352,-71.59999684936,0.89));
#4483 = VECTOR('',#4484,1.);
#4484 = DIRECTION('',(1.,1.7320559897E-07,0.));
#4485 = ORIENTED_EDGE('',*,*,#4486,.T.);
#4486 = EDGE_CURVE('',#4479,#4487,#4489,.T.);
#4487 = VERTEX_POINT('',#4488);
#4488 = CARTESIAN_POINT('',(61.898640060425,-71.65947164148,0.89));
#4489 = LINE('',#4490,#4491);
#4490 = CARTESIAN_POINT('',(52.182184793385,-70.47764742018,0.89));
#4491 = VECTOR('',#4492,1.);
#4492 = DIRECTION('',(0.99268400041,-0.120741357166,0.));
#4493 = ORIENTED_EDGE('',*,*,#4494,.T.);
#4494 = EDGE_CURVE('',#4487,#4495,#4497,.T.);
#4495 = VERTEX_POINT('',#4496);
#4496 = CARTESIAN_POINT('',(62.359199523926,-71.83443679809,0.89));
#4497 = LINE('',#4498,#4499);
#4498 = CARTESIAN_POINT('',(51.833639932696,-67.83580832928,0.89));
#4499 = VECTOR('',#4500,1.);
#4500 = DIRECTION('',(0.934815550009,-0.355133619164,0.));
#4501 = ORIENTED_EDGE('',*,*,#4502,.T.);
#4502 = EDGE_CURVE('',#4495,#4503,#4505,.T.);
#4503 = VERTEX_POINT('',#4504);
#4504 = CARTESIAN_POINT('',(62.764320373535,-72.11468601226,0.89));
#4505 = LINE('',#4506,#4507);
#4506 = CARTESIAN_POINT('',(52.822292389114,-65.23711964509,0.89));
#4507 = VECTOR('',#4508,1.);
#4508 = DIRECTION('',(0.822400259706,-0.568909318639,0.));
#4509 = ORIENTED_EDGE('',*,*,#4510,.T.);
#4510 = EDGE_CURVE('',#4503,#4511,#4513,.T.);
#4511 = VERTEX_POINT('',#4512);
#4512 = CARTESIAN_POINT('',(63.090480422974,-72.48387920856,0.89));
#4513 = LINE('',#4514,#4515);
#4514 = CARTESIAN_POINT('',(54.994629631657,-63.31987204234,0.89));
#4515 = VECTOR('',#4516,1.);
#4516 = DIRECTION('',(0.662079585885,-0.749433534047,0.));
#4517 = ORIENTED_EDGE('',*,*,#4518,.T.);
#4518 = EDGE_CURVE('',#4511,#4519,#4521,.T.);
#4519 = VERTEX_POINT('',#4520);
#4520 = CARTESIAN_POINT('',(63.318600082397,-72.9204919815,0.89));
#4521 = LINE('',#4522,#4523);
#4522 = CARTESIAN_POINT('',(57.915446296652,-62.57905116495,0.89));
#4523 = VECTOR('',#4524,1.);
#4524 = DIRECTION('',(0.463079230057,-0.886316888415,0.));
#4525 = ORIENTED_EDGE('',*,*,#4526,.T.);
#4526 = EDGE_CURVE('',#4519,#4527,#4529,.T.);
#4527 = VERTEX_POINT('',#4528);
#4528 = CARTESIAN_POINT('',(63.435359573364,-73.39905200004,0.89));
#4529 = LINE('',#4530,#4531);
#4530 = CARTESIAN_POINT('',(60.960487743806,-63.25533949471,0.89));
#4531 = VECTOR('',#4532,1.);
#4532 = DIRECTION('',(0.237028099672,-0.971502794626,0.));
#4533 = ORIENTED_EDGE('',*,*,#4534,.T.);
#4534 = EDGE_CURVE('',#4527,#4535,#4537,.T.);
#4535 = VERTEX_POINT('',#4536);
#4536 = CARTESIAN_POINT('',(63.434160232544,-73.8916639328,0.89));
#4537 = LINE('',#4538,#4539);
#4538 = CARTESIAN_POINT('',(63.455156072572,-65.26792565841,0.89));
#4539 = VECTOR('',#4540,1.);
#4540 = DIRECTION('',(-2.434649236052E-03,-0.999997036237,0.));
#4541 = ORIENTED_EDGE('',*,*,#4542,.T.);
#4542 = EDGE_CURVE('',#4535,#4543,#4545,.T.);
#4543 = VERTEX_POINT('',#4544);
#4544 = CARTESIAN_POINT('',(63.083159637451,-75.85074796676,0.89));
#4545 = LINE('',#4546,#4547);
#4546 = CARTESIAN_POINT('',(64.527453747119,-67.78952650401,0.89));
#4547 = VECTOR('',#4548,1.);
#4548 = DIRECTION('',(-0.176357457002,-0.984326189512,0.));
#4549 = ORIENTED_EDGE('',*,*,#4550,.T.);
#4550 = EDGE_CURVE('',#4543,#4551,#4553,.T.);
#4551 = VERTEX_POINT('',#4552);
#4552 = CARTESIAN_POINT('',(62.524559783936,-77.76102809906,0.89));
#4553 = LINE('',#4554,#4555);
#4554 = CARTESIAN_POINT('',(64.76099225367,-70.1129549976,0.89));
#4555 = VECTOR('',#4556,1.);
#4556 = DIRECTION('',(-0.280664325488,-0.959805988936,0.));
#4557 = ORIENTED_EDGE('',*,*,#4558,.T.);
#4558 = EDGE_CURVE('',#4551,#4559,#4561,.T.);
#4559 = VERTEX_POINT('',#4560);
#4560 = CARTESIAN_POINT('',(61.764840316772,-79.60059204101,0.89));
#4561 = LINE('',#4562,#4563);
#4562 = CARTESIAN_POINT('',(64.691649835503,-72.51369551099,0.89));
#4563 = VECTOR('',#4564,1.);
#4564 = DIRECTION('',(-0.381717051112,-0.924279228854,0.));
#4565 = ORIENTED_EDGE('',*,*,#4566,.T.);
#4566 = EDGE_CURVE('',#4559,#4567,#4569,.T.);
#4567 = VERTEX_POINT('',#4568);
#4568 = CARTESIAN_POINT('',(60.812640380859,-81.34830856323,0.89));
#4569 = LINE('',#4570,#4571);
#4570 = CARTESIAN_POINT('',(64.30013988458,-74.94717338773,0.89));
#4571 = VECTOR('',#4572,1.);
#4572 = DIRECTION('',(-0.478426123617,-0.878127806325,0.));
#4573 = ORIENTED_EDGE('',*,*,#4574,.T.);
#4574 = EDGE_CURVE('',#4567,#4575,#4577,.T.);
#4575 = VERTEX_POINT('',#4576);
#4576 = CARTESIAN_POINT('',(59.678879928589,-82.98412361145,0.89));
#4577 = LINE('',#4578,#4579);
#4578 = CARTESIAN_POINT('',(63.574833227893,-77.36295467634,0.89));
#4579 = VECTOR('',#4580,1.);
#4580 = DIRECTION('',(-0.569642308357,-0.821892718383,0.));
#4581 = ORIENTED_EDGE('',*,*,#4582,.T.);
#4582 = EDGE_CURVE('',#4575,#4583,#4585,.T.);
#4583 = VERTEX_POINT('',#4584);
#4584 = CARTESIAN_POINT('',(58.376639556885,-84.48920021057,0.89));
#4585 = LINE('',#4586,#4587);
#4586 = CARTESIAN_POINT('',(62.513219557751,-79.70830883677,0.89));
#4587 = VECTOR('',#4588,1.);
#4588 = DIRECTION('',(-0.654310732095,-0.756225803491,0.));
#4589 = ORIENTED_EDGE('',*,*,#4590,.T.);
#4590 = EDGE_CURVE('',#4583,#4591,#4593,.T.);
#4591 = VERTEX_POINT('',#4592);
#4592 = CARTESIAN_POINT('',(56.920872116089,-85.84639968872,0.89));
#4593 = LINE('',#4594,#4595);
#4594 = CARTESIAN_POINT('',(61.122506820448,-81.92925175126,0.89));
#4595 = VECTOR('',#4596,1.);
#4596 = DIRECTION('',(-0.731435299896,-0.681910846128,0.));
#4597 = ORIENTED_EDGE('',*,*,#4598,.T.);
#4598 = EDGE_CURVE('',#4591,#4599,#4601,.T.);
#4599 = VERTEX_POINT('',#4600);
#4600 = CARTESIAN_POINT('',(55.328256225586,-87.0400402069,0.89));
#4601 = LINE('',#4602,#4603);
#4602 = CARTESIAN_POINT('',(59.418444592091,-83.97450846733,0.89));
#4603 = VECTOR('',#4604,1.);
#4604 = DIRECTION('',(-0.800198055367,-0.599735835337,0.));
#4605 = ORIENTED_EDGE('',*,*,#4606,.T.);
#4606 = EDGE_CURVE('',#4599,#4607,#4609,.T.);
#4607 = VERTEX_POINT('',#4608);
#4608 = CARTESIAN_POINT('',(53.617056083679,-88.05644035339,0.89));
#4609 = LINE('',#4610,#4611);
#4610 = CARTESIAN_POINT('',(57.42703211048,-85.79343201386,0.89));
#4611 = VECTOR('',#4612,1.);
#4612 = DIRECTION('',(-0.85977200701,-0.510678074684,0.));
#4613 = ORIENTED_EDGE('',*,*,#4614,.T.);
#4614 = EDGE_CURVE('',#4607,#4615,#4617,.T.);
#4615 = VERTEX_POINT('',#4616);
#4616 = CARTESIAN_POINT('',(51.806952095032,-88.88384017944,0.89));
#4617 = LINE('',#4618,#4619);
#4618 = CARTESIAN_POINT('',(55.182313383681,-87.3409601236,0.89));
#4619 = VECTOR('',#4620,1.);
#4620 = DIRECTION('',(-0.90948896792,-0.415728056825,0.));
#4621 = ORIENTED_EDGE('',*,*,#4622,.T.);
#4622 = EDGE_CURVE('',#4615,#4623,#4625,.T.);
#4623 = VERTEX_POINT('',#4624);
#4624 = CARTESIAN_POINT('',(49.918703842163,-89.51299972534,0.89));
#4625 = LINE('',#4626,#4627);
#4626 = CARTESIAN_POINT('',(52.728737198399,-88.57670371252,0.89));
#4627 = VECTOR('',#4628,1.);
#4628 = DIRECTION('',(-0.948721959116,-0.316111759179,0.));
#4629 = ORIENTED_EDGE('',*,*,#4630,.T.);
#4630 = EDGE_CURVE('',#4623,#4631,#4633,.T.);
#4631 = VERTEX_POINT('',#4632);
#4632 = CARTESIAN_POINT('',(47.973995876312,-89.93636016845,0.89));
#4633 = LINE('',#4634,#4635);
#4634 = CARTESIAN_POINT('',(50.11125858756,-89.47108080292,0.89));
#4635 = VECTOR('',#4636,1.);
#4636 = DIRECTION('',(-0.977113967698,-0.21271646417,0.));
#4637 = ORIENTED_EDGE('',*,*,#4638,.T.);
#4638 = EDGE_CURVE('',#4631,#4639,#4641,.T.);
#4639 = VERTEX_POINT('',#4640);
#4640 = CARTESIAN_POINT('',(45.995140814781,-90.14935989379,0.89));
#4641 = LINE('',#4642,#4643);
#4642 = CARTESIAN_POINT('',(47.38856132676,-89.99937509091,0.89));
#4643 = VECTOR('',#4644,1.);
#4644 = DIRECTION('',(-0.994256901833,-0.107019685841,0.));
#4645 = ORIENTED_EDGE('',*,*,#4646,.T.);
#4646 = EDGE_CURVE('',#4639,#4647,#4649,.T.);
#4647 = VERTEX_POINT('',#4648);
#4648 = CARTESIAN_POINT('',(44.004865193367,-90.14935989379,0.89));
#4649 = LINE('',#4650,#4651);
#4650 = CARTESIAN_POINT('',(44.614212406447,-90.14935989379,0.89));
#4651 = VECTOR('',#4652,1.);
#4652 = DIRECTION('',(-1.,0.,0.));
#4653 = ORIENTED_EDGE('',*,*,#4654,.T.);
#4654 = EDGE_CURVE('',#4647,#4655,#4657,.T.);
#4655 = VERTEX_POINT('',#4656);
#4656 = CARTESIAN_POINT('',(42.026016139984,-89.93636016845,0.89));
#4657 = LINE('',#4658,#4659);
#4658 = CARTESIAN_POINT('',(41.848696807657,-89.91727383692,0.89));
#4659 = VECTOR('',#4660,1.);
#4660 = DIRECTION('',(-0.994256867259,0.107020007051,0.));
#4661 = ORIENTED_EDGE('',*,*,#4662,.T.);
#4662 = EDGE_CURVE('',#4655,#4663,#4665,.T.);
#4663 = VERTEX_POINT('',#4664);
#4664 = CARTESIAN_POINT('',(40.081296157837,-89.51299972534,0.89));
#4665 = LINE('',#4666,#4667);
#4666 = CARTESIAN_POINT('',(39.152099009148,-89.31071594144,0.89));
#4667 = VECTOR('',#4668,1.);
#4668 = DIRECTION('',(-0.977114240885,0.212715209281,0.));
#4669 = ORIENTED_EDGE('',*,*,#4670,.T.);
#4670 = EDGE_CURVE('',#4663,#4671,#4673,.T.);
#4671 = VERTEX_POINT('',#4672);
#4672 = CARTESIAN_POINT('',(38.193047904968,-88.8839603424,0.89));
#4673 = LINE('',#4674,#4675);
#4674 = CARTESIAN_POINT('',(36.577605745378,-88.34580189968,0.89));
#4675 = VECTOR('',#4676,1.);
#4676 = DIRECTION('',(-0.948740064221,0.316057416527,0.));
#4677 = ORIENTED_EDGE('',*,*,#4678,.T.);
#4678 = EDGE_CURVE('',#4671,#4679,#4681,.T.);
#4679 = VERTEX_POINT('',#4680);
#4680 = CARTESIAN_POINT('',(36.382943916321,-88.05644035339,0.89));
#4681 = LINE('',#4682,#4683);
#4682 = CARTESIAN_POINT('',(34.178736552241,-87.0487492676,0.89));
#4683 = VECTOR('',#4684,1.);
#4684 = DIRECTION('',(-0.909466138941,0.415777996195,0.));
#4685 = ORIENTED_EDGE('',*,*,#4686,.T.);
#4686 = EDGE_CURVE('',#4679,#4687,#4689,.T.);
#4687 = VERTEX_POINT('',#4688);
#4688 = CARTESIAN_POINT('',(34.671756362915,-87.0400402069,0.89));
#4689 = LINE('',#4690,#4691);
#4690 = CARTESIAN_POINT('',(32.002579096322,-85.45461950924,0.89));
#4691 = VECTOR('',#4692,1.);
#4692 = DIRECTION('',(-0.859770357501,0.510680851768,0.));
#4693 = ORIENTED_EDGE('',*,*,#4694,.T.);
#4694 = EDGE_CURVE('',#4687,#4695,#4697,.T.);
#4695 = VERTEX_POINT('',#4696);
#4696 = CARTESIAN_POINT('',(33.079127883911,-85.84639968872,0.89));
#4697 = LINE('',#4698,#4699);
#4698 = CARTESIAN_POINT('',(30.087539712033,-83.60426920897,0.89));
#4699 = VECTOR('',#4700,1.);
#4700 = DIRECTION('',(-0.800200330345,0.599732799934,0.));
#4701 = ORIENTED_EDGE('',*,*,#4702,.T.);
#4702 = EDGE_CURVE('',#4695,#4703,#4705,.T.);
#4703 = VERTEX_POINT('',#4704);
#4704 = CARTESIAN_POINT('',(31.623360443115,-84.48920021057,0.89));
#4705 = LINE('',#4706,#4707);
#4706 = CARTESIAN_POINT('',(28.464700700652,-81.5444088696,0.89));
#4707 = VECTOR('',#4708,1.);
#4708 = DIRECTION('',(-0.731435299896,0.681910846128,0.));
#4709 = ORIENTED_EDGE('',*,*,#4710,.T.);
#4710 = EDGE_CURVE('',#4703,#4711,#4713,.T.);
#4711 = VERTEX_POINT('',#4712);
#4712 = CARTESIAN_POINT('',(30.321120071411,-82.98412361145,0.89));
#4713 = LINE('',#4714,#4715);
#4714 = CARTESIAN_POINT('',(27.156450431757,-79.32652680974,0.89));
#4715 = VECTOR('',#4716,1.);
#4716 = DIRECTION('',(-0.654310732095,0.756225803491,0.));
#4717 = ORIENTED_EDGE('',*,*,#4718,.T.);
#4718 = EDGE_CURVE('',#4711,#4719,#4721,.T.);
#4719 = VERTEX_POINT('',#4720);
#4720 = CARTESIAN_POINT('',(29.187359619141,-81.34832000732,0.89));
#4721 = LINE('',#4722,#4723);
#4722 = CARTESIAN_POINT('',(26.174801844208,-77.00176438703,0.89));
#4723 = VECTOR('',#4724,1.);
#4724 = DIRECTION('',(-0.569645000395,0.821890852562,0.));
#4725 = ORIENTED_EDGE('',*,*,#4726,.T.);
#4726 = EDGE_CURVE('',#4719,#4397,#4727,.T.);
#4727 = LINE('',#4728,#4729);
#4728 = CARTESIAN_POINT('',(25.52324993429,-74.62302766347,0.89));
#4729 = VECTOR('',#4730,1.);
#4730 = DIRECTION('',(-0.478426244402,0.878127740518,0.));
#4731 = FACE_BOUND('',#4732,.T.);
#4732 = EDGE_LOOP('',(#4733,#4734,#4735,#4744,#4752,#4761));
#4733 = ORIENTED_EDGE('',*,*,#4246,.F.);
#4734 = ORIENTED_EDGE('',*,*,#4278,.T.);
#4735 = ORIENTED_EDGE('',*,*,#4736,.F.);
#4736 = EDGE_CURVE('',#4737,#4271,#4739,.T.);
#4737 = VERTEX_POINT('',#4738);
#4738 = CARTESIAN_POINT('',(40.375345619361,-43.73744871428,0.89));
#4739 = CIRCLE('',#4740,3.56030245231);
#4740 = AXIS2_PLACEMENT_3D('',#4741,#4742,#4743);
#4741 = CARTESIAN_POINT('',(38.593449789949,-40.65514425089,0.89));
#4742 = DIRECTION('',(0.,0.,1.));
#4743 = DIRECTION('',(1.,0.,0.));
#4744 = ORIENTED_EDGE('',*,*,#4745,.T.);
#4745 = EDGE_CURVE('',#4737,#4746,#4748,.T.);
#4746 = VERTEX_POINT('',#4747);
#4747 = CARTESIAN_POINT('',(11.988621421108,-60.14795781885,0.89));
#4748 = LINE('',#4749,#4750);
#4749 = CARTESIAN_POINT('',(40.375345619361,-43.73744871428,0.89));
#4750 = VECTOR('',#4751,1.);
#4751 = DIRECTION('',(-0.865742308323,-0.500490015464,0.));
#4752 = ORIENTED_EDGE('',*,*,#4753,.F.);
#4753 = EDGE_CURVE('',#4754,#4746,#4756,.T.);
#4754 = VERTEX_POINT('',#4755);
#4755 = CARTESIAN_POINT('',(6.732989824083,-57.1156,0.89));
#4756 = CIRCLE('',#4757,3.502610175917);
#4757 = AXIS2_PLACEMENT_3D('',#4758,#4759,#4760);
#4758 = CARTESIAN_POINT('',(10.2356,-57.1156,0.89));
#4759 = DIRECTION('',(0.,0.,1.));
#4760 = DIRECTION('',(1.,0.,0.));
#4761 = ORIENTED_EDGE('',*,*,#4762,.F.);
#4762 = EDGE_CURVE('',#4239,#4754,#4763,.T.);
#4763 = LINE('',#4764,#4765);
#4764 = CARTESIAN_POINT('',(6.732989824083,-24.30761604755,0.89));
#4765 = VECTOR('',#4766,1.);
#4766 = DIRECTION('',(0.,-1.,0.));
#4767 = FACE_BOUND('',#4768,.T.);
#4768 = EDGE_LOOP('',(#4769,#4779,#4787,#4795,#4803,#4811,#4819,#4827,
    #4835,#4843,#4851,#4859,#4867,#4875,#4883,#4891,#4899,#4907,#4915,
    #4923,#4931,#4939,#4947,#4955,#4963,#4971,#4979,#4987,#4995,#5003,
    #5011,#5019,#5027,#5035,#5043,#5051,#5059,#5067,#5075,#5083,#5091,
    #5099,#5107,#5115,#5123,#5131,#5139,#5147,#5155,#5163,#5171,#5179,
    #5187,#5195,#5203,#5211,#5219,#5227));
#4769 = ORIENTED_EDGE('',*,*,#4770,.T.);
#4770 = EDGE_CURVE('',#4771,#4773,#4775,.T.);
#4771 = VERTEX_POINT('',#4772);
#4772 = CARTESIAN_POINT('',(70.71129989624,-45.62738502025,0.89));
#4773 = VERTEX_POINT('',#4774);
#4774 = CARTESIAN_POINT('',(69.632299423218,-44.70611798763,0.89));
#4775 = LINE('',#4776,#4777);
#4776 = CARTESIAN_POINT('',(65.552518455906,-41.22273887939,0.89));
#4777 = VECTOR('',#4778,1.);
#4778 = DIRECTION('',(-0.760505655628,0.649331308161,0.));
#4779 = ORIENTED_EDGE('',*,*,#4780,.T.);
#4780 = EDGE_CURVE('',#4773,#4781,#4783,.T.);
#4781 = VERTEX_POINT('',#4782);
#4782 = CARTESIAN_POINT('',(68.725200653076,-43.61520004272,0.89));
#4783 = LINE('',#4784,#4785);
#4784 = CARTESIAN_POINT('',(67.196779061443,-41.77705121419,0.89));
#4785 = VECTOR('',#4786,1.);
#4786 = DIRECTION('',(-0.639352292333,0.768913939455,0.));
#4787 = ORIENTED_EDGE('',*,*,#4788,.T.);
#4788 = EDGE_CURVE('',#4781,#4789,#4791,.T.);
#4789 = VERTEX_POINT('',#4790);
#4790 = CARTESIAN_POINT('',(68.371500015259,-43.15404999256,0.89));
#4791 = LINE('',#4792,#4793);
#4792 = CARTESIAN_POINT('',(67.294162890327,-41.74943259557,0.89));
#4793 = VECTOR('',#4794,1.);
#4794 = DIRECTION('',(-0.608596539238,0.793479837443,0.));
#4795 = ORIENTED_EDGE('',*,*,#4796,.T.);
#4796 = EDGE_CURVE('',#4789,#4797,#4799,.T.);
#4797 = VERTEX_POINT('',#4798);
#4798 = CARTESIAN_POINT('',(67.921600341797,-42.78597998619,0.89));
#4799 = LINE('',#4800,#4801);
#4800 = CARTESIAN_POINT('',(64.38215725812,-39.89030587215,0.89));
#4801 = VECTOR('',#4802,1.);
#4802 = DIRECTION('',(-0.773982362138,0.633207156544,0.));
#4803 = ORIENTED_EDGE('',*,*,#4804,.T.);
#4804 = EDGE_CURVE('',#4797,#4805,#4807,.T.);
#4805 = VERTEX_POINT('',#4806);
#4806 = CARTESIAN_POINT('',(67.399599075317,-42.53050994873,0.89));
#4807 = LINE('',#4808,#4809);
#4808 = CARTESIAN_POINT('',(61.008906269018,-39.40287284234,0.89));
#4809 = VECTOR('',#4810,1.);
#4810 = DIRECTION('',(-0.898201361922,0.439584250676,0.));
#4811 = ORIENTED_EDGE('',*,*,#4812,.T.);
#4812 = EDGE_CURVE('',#4805,#4813,#4815,.T.);
#4813 = VERTEX_POINT('',#4814);
#4814 = CARTESIAN_POINT('',(66.832901000977,-42.40116000175,0.89));
#4815 = LINE('',#4816,#4817);
#4816 = CARTESIAN_POINT('',(57.798653324664,-40.33907525008,0.89));
#4817 = VECTOR('',#4818,1.);
#4818 = DIRECTION('',(-0.974926117133,0.222528798431,0.));
#4819 = ORIENTED_EDGE('',*,*,#4820,.T.);
#4820 = EDGE_CURVE('',#4813,#4821,#4823,.T.);
#4821 = VERTEX_POINT('',#4822);
#4822 = CARTESIAN_POINT('',(66.25170135498,-42.40477991104,0.89));
#4823 = LINE('',#4824,#4825);
#4824 = CARTESIAN_POINT('',(55.340825339799,-42.47273656188,0.89));
#4825 = VECTOR('',#4826,1.);
#4826 = DIRECTION('',(-0.999980604452,-6.228219685457E-03,0.));
#4827 = ORIENTED_EDGE('',*,*,#4828,.T.);
#4828 = EDGE_CURVE('',#4821,#4829,#4831,.T.);
#4829 = VERTEX_POINT('',#4830);
#4830 = CARTESIAN_POINT('',(65.686698913574,-42.5411798954,0.89));
#4831 = LINE('',#4832,#4833);
#4832 = CARTESIAN_POINT('',(54.058344526259,-45.34843742266,0.89));
#4833 = VECTOR('',#4834,1.);
#4834 = DIRECTION('',(-0.97207432631,-0.234673185792,0.));
#4835 = ORIENTED_EDGE('',*,*,#4836,.T.);
#4836 = EDGE_CURVE('',#4829,#4837,#4839,.T.);
#4837 = VERTEX_POINT('',#4838);
#4838 = CARTESIAN_POINT('',(65.167900085449,-42.803139925,0.89));
#4839 = LINE('',#4840,#4841);
#4840 = CARTESIAN_POINT('',(54.130302214473,-48.37641671027,0.89));
#4841 = VECTOR('',#4842,1.);
#4842 = DIRECTION('',(-0.892657903082,-0.450734809022,0.));
#4843 = ORIENTED_EDGE('',*,*,#4844,.T.);
#4844 = EDGE_CURVE('',#4837,#4845,#4847,.T.);
#4845 = VERTEX_POINT('',#4846);
#4846 = CARTESIAN_POINT('',(64.722599029541,-43.17677998542,0.89));
#4847 = LINE('',#4848,#4849);
#4848 = CARTESIAN_POINT('',(55.455740562035,-50.95235004484,0.89));
#4849 = VECTOR('',#4850,1.);
#4850 = DIRECTION('',(-0.766054516019,-0.64277560508,0.));
#4851 = ORIENTED_EDGE('',*,*,#4852,.T.);
#4852 = EDGE_CURVE('',#4845,#4853,#4855,.T.);
#4853 = VERTEX_POINT('',#4854);
#4854 = CARTESIAN_POINT('',(64.374599456787,-43.6423100233,0.89));
#4855 = LINE('',#4856,#4857);
#4856 = CARTESIAN_POINT('',(57.685178151207,-52.59096053209,0.89));
#4857 = VECTOR('',#4858,1.);
#4858 = DIRECTION('',(-0.598735209993,-0.800947032153,0.));
#4859 = ORIENTED_EDGE('',*,*,#4860,.T.);
#4860 = EDGE_CURVE('',#4853,#4861,#4863,.T.);
#4861 = VERTEX_POINT('',#4862);
#4862 = CARTESIAN_POINT('',(63.496898651123,-44.74035900831,0.89));
#4863 = LINE('',#4864,#4865);
#4864 = CARTESIAN_POINT('',(57.009003704151,-52.85705027185,0.89));
#4865 = VECTOR('',#4866,1.);
#4866 = DIRECTION('',(-0.624374710257,-0.781124971558,0.));
#4867 = ORIENTED_EDGE('',*,*,#4868,.T.);
#4868 = EDGE_CURVE('',#4861,#4869,#4871,.T.);
#4869 = VERTEX_POINT('',#4870);
#4870 = CARTESIAN_POINT('',(62.451999664307,-45.68063098192,0.89));
#4871 = LINE('',#4872,#4873);
#4872 = CARTESIAN_POINT('',(54.903140366343,-52.47361376796,0.89));
#4873 = VECTOR('',#4874,1.);
#4874 = DIRECTION('',(-0.743342646572,-0.668910838444,0.));
#4875 = ORIENTED_EDGE('',*,*,#4876,.T.);
#4876 = EDGE_CURVE('',#4869,#4877,#4879,.T.);
#4877 = VERTEX_POINT('',#4878);
#4878 = CARTESIAN_POINT('',(61.267700195312,-46.43797004222,0.89));
#4879 = LINE('',#4880,#4881);
#4880 = CARTESIAN_POINT('',(53.155485442734,-51.62559129729,0.89));
#4881 = VECTOR('',#4882,1.);
#4882 = DIRECTION('',(-0.842469201858,-0.538744507092,0.));
#4883 = ORIENTED_EDGE('',*,*,#4884,.T.);
#4884 = EDGE_CURVE('',#4877,#4885,#4887,.T.);
#4885 = VERTEX_POINT('',#4886);
#4886 = CARTESIAN_POINT('',(59.975799560547,-46.99210000038,0.89));
#4887 = LINE('',#4888,#4889);
#4888 = CARTESIAN_POINT('',(51.864089268395,-50.47142462007,0.89));
#4889 = VECTOR('',#4890,1.);
#4890 = DIRECTION('',(-0.919026956678,-0.394194689081,0.));
#4891 = ORIENTED_EDGE('',*,*,#4892,.T.);
#4892 = EDGE_CURVE('',#4885,#4893,#4895,.T.);
#4893 = VERTEX_POINT('',#4894);
#4894 = CARTESIAN_POINT('',(58.610801696777,-47.32820010185,0.89));
#4895 = LINE('',#4896,#4897);
#4896 = CARTESIAN_POINT('',(51.067410367745,-49.18559098752,0.89));
#4897 = VECTOR('',#4898,1.);
#4898 = DIRECTION('',(-0.970998263104,-0.239086538829,0.));
#4899 = ORIENTED_EDGE('',*,*,#4900,.T.);
#4900 = EDGE_CURVE('',#4893,#4901,#4903,.T.);
#4901 = VERTEX_POINT('',#4902);
#4902 = CARTESIAN_POINT('',(57.209400177002,-47.43728995323,0.89));
#4903 = LINE('',#4904,#4905);
#4904 = CARTESIAN_POINT('',(50.744448492666,-47.94054373772,0.89));
#4905 = VECTOR('',#4906,1.);
#4906 = DIRECTION('',(-0.996983903306,-7.760861131125E-02,0.));
#4907 = ORIENTED_EDGE('',*,*,#4908,.T.);
#4908 = EDGE_CURVE('',#4901,#4909,#4911,.T.);
#4909 = VERTEX_POINT('',#4910);
#4910 = CARTESIAN_POINT('',(55.808799743652,-47.31643009185,0.89));
#4911 = LINE('',#4912,#4913);
#4912 = CARTESIAN_POINT('',(50.819577160983,-46.88590277275,0.89));
#4913 = VECTOR('',#4914,1.);
#4914 = DIRECTION('',(-0.99629755577,8.597197431213E-02,0.));
#4915 = ORIENTED_EDGE('',*,*,#4916,.T.);
#4916 = EDGE_CURVE('',#4909,#4917,#4919,.T.);
#4917 = VERTEX_POINT('',#4918);
#4918 = CARTESIAN_POINT('',(54.446800231934,-46.96887004375,0.89));
#4919 = LINE('',#4920,#4921);
#4920 = CARTESIAN_POINT('',(51.173383679634,-46.13354756045,0.89));
#4921 = VECTOR('',#4922,1.);
#4922 = DIRECTION('',(-0.968949165533,0.247260014181,0.));
#4923 = ORIENTED_EDGE('',*,*,#4924,.T.);
#4924 = EDGE_CURVE('',#4917,#4925,#4927,.T.);
#4925 = VERTEX_POINT('',#4926);
#4926 = CARTESIAN_POINT('',(53.159599304199,-46.40389001369,0.89));
#4927 = LINE('',#4928,#4929);
#4928 = CARTESIAN_POINT('',(51.658172454236,-45.74488164247,0.89));
#4929 = VECTOR('',#4930,1.);
#4930 = DIRECTION('',(-0.915678739746,0.401910992107,0.));
#4931 = ORIENTED_EDGE('',*,*,#4932,.T.);
#4932 = EDGE_CURVE('',#4925,#4933,#4935,.T.);
#4933 = VERTEX_POINT('',#4934);
#4934 = CARTESIAN_POINT('',(51.981700897217,-45.63663202524,0.89));
#4935 = LINE('',#4936,#4937);
#4936 = CARTESIAN_POINT('',(52.11705223554,-45.7247970104,0.89));
#4937 = VECTOR('',#4938,1.);
#4938 = DIRECTION('',(-0.837915330088,0.545800237819,0.));
#4939 = ORIENTED_EDGE('',*,*,#4940,.T.);
#4940 = EDGE_CURVE('',#4933,#4941,#4943,.T.);
#4941 = VERTEX_POINT('',#4942);
#4942 = CARTESIAN_POINT('',(50.94469833374,-44.68761000037,0.89));
#4943 = LINE('',#4944,#4945);
#4944 = CARTESIAN_POINT('',(52.403507507287,-46.02265205768,0.89));
#4945 = VECTOR('',#4946,1.);
#4946 = DIRECTION('',(-0.737707975047,0.675119947529,0.));
#4947 = ORIENTED_EDGE('',*,*,#4948,.T.);
#4948 = EDGE_CURVE('',#4941,#4949,#4951,.T.);
#4949 = VERTEX_POINT('',#4950);
#4950 = CARTESIAN_POINT('',(50.076198577881,-43.5822199583,0.89));
#4951 = LINE('',#4952,#4953);
#4952 = CARTESIAN_POINT('',(52.398506670303,-46.53795624107,0.89));
#4953 = VECTOR('',#4954,1.);
#4954 = DIRECTION('',(-0.617812319232,0.786325592999,0.));
#4955 = ORIENTED_EDGE('',*,*,#4956,.T.);
#4956 = EDGE_CURVE('',#4949,#4957,#4959,.T.);
#4957 = VERTEX_POINT('',#4958);
#4958 = CARTESIAN_POINT('',(49.399600982666,-42.35003995895,0.89));
#4959 = LINE('',#4960,#4961);
#4960 = CARTESIAN_POINT('',(52.027157381802,-47.13519211598,0.89));
#4961 = VECTOR('',#4962,1.);
#4962 = DIRECTION('',(-0.481317088715,0.876546553305,0.));
#4963 = ORIENTED_EDGE('',*,*,#4964,.T.);
#4964 = EDGE_CURVE('',#4957,#4965,#4967,.T.);
#4965 = VERTEX_POINT('',#4966);
#4966 = CARTESIAN_POINT('',(48.932899475098,-41.02403998374,0.89));
#4967 = LINE('',#4968,#4969);
#4968 = CARTESIAN_POINT('',(51.267395899309,-47.65684949993,0.89));
#4969 = VECTOR('',#4970,1.);
#4970 = DIRECTION('',(-0.331998604086,0.943279877282,0.));
#4971 = ORIENTED_EDGE('',*,*,#4972,.T.);
#4972 = EDGE_CURVE('',#4965,#4973,#4975,.T.);
#4973 = VERTEX_POINT('',#4974);
#4974 = CARTESIAN_POINT('',(48.688701629639,-39.63969993591,0.89));
#4975 = LINE('',#4976,#4977);
#4976 = CARTESIAN_POINT('',(50.154046797352,-47.9466364519,0.89));
#4977 = VECTOR('',#4978,1.);
#4978 = DIRECTION('',(-0.173718098056,0.984795421602,0.));
#4979 = ORIENTED_EDGE('',*,*,#4980,.T.);
#4980 = EDGE_CURVE('',#4973,#4981,#4983,.T.);
#4981 = VERTEX_POINT('',#4982);
#4982 = CARTESIAN_POINT('',(48.673400878906,-38.23405981063,0.89));
#4983 = LINE('',#4984,#4985);
#4984 = CARTESIAN_POINT('',(48.778235730815,-47.8649646562,0.89));
#4985 = VECTOR('',#4986,1.);
#4986 = DIRECTION('',(-1.088460983313E-02,0.99994076088,0.));
#4987 = ORIENTED_EDGE('',*,*,#4988,.T.);
#4988 = EDGE_CURVE('',#4981,#4989,#4991,.T.);
#4989 = VERTEX_POINT('',#4990);
#4990 = CARTESIAN_POINT('',(48.887401580811,-36.84471988678,0.89));
#4991 = LINE('',#4992,#4993);
#4992 = CARTESIAN_POINT('',(47.275388519452,-47.31026548544,0.89));
#4993 = VECTOR('',#4994,1.);
#4994 = DIRECTION('',(0.152235151843,0.988344301619,0.));
#4995 = ORIENTED_EDGE('',*,*,#4996,.T.);
#4996 = EDGE_CURVE('',#4989,#4997,#4999,.T.);
#4997 = VERTEX_POINT('',#4998);
#4998 = CARTESIAN_POINT('',(49.325099945068,-35.50887966156,0.89));
#4999 = LINE('',#5000,#5001);
#5000 = CARTESIAN_POINT('',(45.812230761195,-46.23003455943,0.89));
#5001 = VECTOR('',#5002,1.);
#5002 = DIRECTION('',(0.311369502393,0.950288920792,0.));
#5003 = ORIENTED_EDGE('',*,*,#5004,.T.);
#5004 = EDGE_CURVE('',#4997,#5005,#5007,.T.);
#5005 = VERTEX_POINT('',#5006);
#5006 = CARTESIAN_POINT('',(49.974800109863,-34.26229953765,0.89));
#5007 = LINE('',#5008,#5009);
#5008 = CARTESIAN_POINT('',(44.571093584589,-44.63039472188,0.89));
#5009 = VECTOR('',#5010,1.);
#5010 = DIRECTION('',(0.462180438928,0.886785905319,0.));
#5011 = ORIENTED_EDGE('',*,*,#5012,.T.);
#5012 = EDGE_CURVE('',#5005,#5013,#5015,.T.);
#5013 = VERTEX_POINT('',#5014);
#5014 = CARTESIAN_POINT('',(50.818901062012,-33.13819980621,0.89));
#5015 = LINE('',#5016,#5017);
#5016 = CARTESIAN_POINT('',(43.728503647685,-42.58057018738,0.89));
#5017 = VECTOR('',#5018,1.);
#5018 = DIRECTION('',(0.600467080813,0.799649476246,0.));
#5019 = ORIENTED_EDGE('',*,*,#5020,.T.);
#5020 = EDGE_CURVE('',#5013,#5021,#5023,.T.);
#5021 = VERTEX_POINT('',#5022);
#5022 = CARTESIAN_POINT('',(64.982299804688,-17.18460083007,0.89));
#5023 = LINE('',#5024,#5025);
#5024 = CARTESIAN_POINT('',(47.022688697339,-37.41423910967,0.89));
#5025 = VECTOR('',#5026,1.);
#5026 = DIRECTION('',(0.663903427665,0.747818319337,0.));
#5027 = ORIENTED_EDGE('',*,*,#5028,.T.);
#5028 = EDGE_CURVE('',#5021,#5029,#5031,.T.);
#5029 = VERTEX_POINT('',#5030);
#5030 = CARTESIAN_POINT('',(65.29280090332,-16.85460090637,0.89));
#5031 = LINE('',#5032,#5033);
#5032 = CARTESIAN_POINT('',(50.290671594104,-32.79883282461,0.89));
#5033 = VECTOR('',#5034,1.);
#5034 = DIRECTION('',(0.68526280073,0.728295883509,0.));
#5035 = ORIENTED_EDGE('',*,*,#5036,.T.);
#5036 = EDGE_CURVE('',#5029,#5037,#5039,.T.);
#5037 = VERTEX_POINT('',#5038);
#5038 = CARTESIAN_POINT('',(65.671798706055,-16.606300354,0.89));
#5039 = LINE('',#5040,#5041);
#5040 = CARTESIAN_POINT('',(48.852957358258,-27.62517056042,0.89));
#5041 = VECTOR('',#5042,1.);
#5042 = DIRECTION('',(0.836469580253,0.548013358699,0.));
#5043 = ORIENTED_EDGE('',*,*,#5044,.T.);
#5044 = EDGE_CURVE('',#5037,#5045,#5047,.T.);
#5045 = VERTEX_POINT('',#5046);
#5046 = CARTESIAN_POINT('',(66.098300933838,-16.4533996582,0.89));
#5047 = LINE('',#5048,#5049);
#5048 = CARTESIAN_POINT('',(49.886647965811,-22.2652638348,0.89));
#5049 = VECTOR('',#5050,1.);
#5050 = DIRECTION('',(0.941336830486,0.33746847493,0.));
#5051 = ORIENTED_EDGE('',*,*,#5052,.T.);
#5052 = EDGE_CURVE('',#5045,#5053,#5055,.T.);
#5053 = VERTEX_POINT('',#5054);
#5054 = CARTESIAN_POINT('',(66.548698425293,-16.40449905395,0.89));
#5055 = LINE('',#5056,#5057);
#5056 = CARTESIAN_POINT('',(53.236277962292,-17.84985658146,0.89));
#5057 = VECTOR('',#5058,1.);
#5058 = DIRECTION('',(0.994157650228,0.107937789922,0.));
#5059 = ORIENTED_EDGE('',*,*,#5060,.T.);
#5060 = EDGE_CURVE('',#5053,#5061,#5063,.T.);
#5061 = VERTEX_POINT('',#5062);
#5062 = CARTESIAN_POINT('',(66.998100280762,-16.46209907531,0.89));
#5063 = LINE('',#5064,#5065);
#5064 = CARTESIAN_POINT('',(58.230947633658,-15.33840950079,0.89));
#5065 = VECTOR('',#5066,1.);
#5066 = DIRECTION('',(0.991886007291,-0.12713043908,0.));
#5067 = ORIENTED_EDGE('',*,*,#5068,.T.);
#5068 = EDGE_CURVE('',#5061,#5069,#5071,.T.);
#5069 = VERTEX_POINT('',#5070);
#5070 = CARTESIAN_POINT('',(67.421600341797,-16.62319946289,0.89));
#5071 = LINE('',#5072,#5073);
#5072 = CARTESIAN_POINT('',(63.86801268469,-15.27140662622,0.89));
#5073 = VECTOR('',#5074,1.);
#5074 = DIRECTION('',(0.934658674127,-0.355546287957,0.));
#5075 = ORIENTED_EDGE('',*,*,#5076,.T.);
#5076 = EDGE_CURVE('',#5069,#5077,#5079,.T.);
#5077 = VERTEX_POINT('',#5078);
#5078 = CARTESIAN_POINT('',(67.795700073242,-16.87879943847,0.89));
#5079 = LINE('',#5080,#5081);
#5080 = CARTESIAN_POINT('',(68.976465776845,-17.68554603475,0.89));
#5081 = VECTOR('',#5082,1.);
#5082 = DIRECTION('',(0.825680460443,-0.564138083488,0.));
#5083 = ORIENTED_EDGE('',*,*,#5084,.T.);
#5084 = EDGE_CURVE('',#5077,#5085,#5087,.T.);
#5085 = VERTEX_POINT('',#5086);
#5086 = CARTESIAN_POINT('',(68.099700927734,-17.21470069885,0.89));
#5087 = LINE('',#5088,#5089);
#5088 = CARTESIAN_POINT('',(72.507533302365,-22.08507006882,0.89));
#5089 = VECTOR('',#5090,1.);
#5090 = DIRECTION('',(0.671022784542,-0.741436728673,0.));
#5091 = ORIENTED_EDGE('',*,*,#5092,.T.);
#5092 = EDGE_CURVE('',#5085,#5093,#5095,.T.);
#5093 = VERTEX_POINT('',#5094);
#5094 = CARTESIAN_POINT('',(81.912599563599,-33.45020008087,0.89));
#5095 = LINE('',#5096,#5097);
#5096 = CARTESIAN_POINT('',(76.320450346464,-26.87726144196,0.89));
#5097 = VECTOR('',#5098,1.);
#5098 = DIRECTION('',(0.647994895758,-0.761644677702,0.));
#5099 = ORIENTED_EDGE('',*,*,#5100,.T.);
#5100 = EDGE_CURVE('',#5093,#5101,#5103,.T.);
#5101 = VERTEX_POINT('',#5102);
#5102 = CARTESIAN_POINT('',(82.736600875854,-34.60509967804,0.89));
#5103 = LINE('',#5104,#5105);
#5104 = CARTESIAN_POINT('',(81.292714797569,-32.58138512156,0.89));
#5105 = VECTOR('',#5106,1.);
#5106 = DIRECTION('',(0.580805464759,-0.814042389625,0.));
#5107 = ORIENTED_EDGE('',*,*,#5108,.T.);
#5108 = EDGE_CURVE('',#5101,#5109,#5111,.T.);
#5109 = VERTEX_POINT('',#5110);
#5110 = CARTESIAN_POINT('',(83.352800369263,-35.883020401,0.89));
#5111 = LINE('',#5112,#5113);
#5112 = CARTESIAN_POINT('',(83.608611568629,-36.41354085149,0.89));
#5113 = VECTOR('',#5114,1.);
#5114 = DIRECTION('',(0.434333010906,-0.900752371985,0.));
#5115 = ORIENTED_EDGE('',*,*,#5116,.T.);
#5116 = EDGE_CURVE('',#5109,#5117,#5119,.T.);
#5117 = VERTEX_POINT('',#5118);
#5118 = CARTESIAN_POINT('',(83.743399620056,-37.24697017669,0.89));
#5119 = LINE('',#5120,#5121);
#5120 = CARTESIAN_POINT('',(84.74155769986,-40.7324799064,0.89));
#5121 = VECTOR('',#5122,1.);
#5122 = DIRECTION('',(0.275307104382,-0.961356332624,0.));
#5123 = ORIENTED_EDGE('',*,*,#5124,.T.);
#5124 = EDGE_CURVE('',#5117,#5125,#5127,.T.);
#5125 = VERTEX_POINT('',#5126);
#5126 = CARTESIAN_POINT('',(83.897000312805,-38.65740013122,0.89));
#5127 = LINE('',#5128,#5129);
#5128 = CARTESIAN_POINT('',(84.604788249338,-45.15662412087,0.89));
#5129 = VECTOR('',#5130,1.);
#5130 = DIRECTION('',(0.108263346069,-0.994122249976,0.));
#5131 = ORIENTED_EDGE('',*,*,#5132,.T.);
#5132 = EDGE_CURVE('',#5125,#5133,#5135,.T.);
#5133 = VERTEX_POINT('',#5134);
#5134 = CARTESIAN_POINT('',(83.809100151062,-40.0734500885,0.89));
#5135 = LINE('',#5136,#5137);
#5136 = CARTESIAN_POINT('',(83.236611721491,-49.29609769412,0.89));
#5137 = VECTOR('',#5138,1.);
#5138 = DIRECTION('',(-6.195494758086E-02,-0.998078947013,0.));
#5139 = ORIENTED_EDGE('',*,*,#5140,.T.);
#5140 = EDGE_CURVE('',#5133,#5141,#5143,.T.);
#5141 = VERTEX_POINT('',#5142);
#5142 = CARTESIAN_POINT('',(83.482399940491,-41.45407009124,0.89));
#5143 = LINE('',#5144,#5145);
#5144 = CARTESIAN_POINT('',(80.799047703543,-52.79379272646,0.89));
#5145 = VECTOR('',#5146,1.);
#5146 = DIRECTION('',(-0.230273673315,-0.973125909314,0.));
#5147 = ORIENTED_EDGE('',*,*,#5148,.T.);
#5148 = EDGE_CURVE('',#5141,#5149,#5151,.T.);
#5149 = VERTEX_POINT('',#5150);
#5150 = CARTESIAN_POINT('',(82.926200866699,-42.75927996635,0.89));
#5151 = LINE('',#5152,#5153);
#5152 = CARTESIAN_POINT('',(77.551877023108,-55.37098840531,0.89));
#5153 = VECTOR('',#5154,1.);
#5154 = DIRECTION('',(-0.392026929031,-0.919953741725,0.));
#5155 = ORIENTED_EDGE('',*,*,#5156,.T.);
#5156 = EDGE_CURVE('',#5149,#5157,#5159,.T.);
#5157 = VERTEX_POINT('',#5158);
#5158 = CARTESIAN_POINT('',(82.156700134277,-43.9512399435,0.89));
#5159 = LINE('',#5160,#5161);
#5160 = CARTESIAN_POINT('',(73.83310113878,-56.84453094434,0.89));
#5161 = VECTOR('',#5162,1.);
#5162 = DIRECTION('',(-0.542372849853,-0.840137900432,0.));
#5163 = ORIENTED_EDGE('',*,*,#5164,.T.);
#5164 = EDGE_CURVE('',#5157,#5165,#5167,.T.);
#5165 = VERTEX_POINT('',#5166);
#5166 = CARTESIAN_POINT('',(81.196199417114,-44.99543457012,0.89));
#5167 = LINE('',#5168,#5169);
#5168 = CARTESIAN_POINT('',(70.012978240027,-57.15311363561,0.89));
#5169 = VECTOR('',#5170,1.);
#5170 = DIRECTION('',(-0.676996084777,-0.735986617539,0.));
#5171 = ORIENTED_EDGE('',*,*,#5172,.T.);
#5172 = EDGE_CURVE('',#5165,#5173,#5175,.T.);
#5173 = VERTEX_POINT('',#5174);
#5174 = CARTESIAN_POINT('',(80.072500228882,-45.86159300804,0.89));
#5175 = LINE('',#5176,#5177);
#5176 = CARTESIAN_POINT('',(66.455986694186,-56.35733618964,0.89));
#5177 = VECTOR('',#5178,1.);
#5178 = DIRECTION('',(-0.792019178385,-0.61049620889,0.));
#5179 = ORIENTED_EDGE('',*,*,#5180,.T.);
#5180 = EDGE_CURVE('',#5173,#5181,#5183,.T.);
#5181 = VERTEX_POINT('',#5182);
#5182 = CARTESIAN_POINT('',(78.818199157715,-46.52462005615,0.89));
#5183 = LINE('',#5184,#5185);
#5184 = CARTESIAN_POINT('',(63.482336409024,-54.63119992141,0.89));
#5185 = VECTOR('',#5186,1.);
#5186 = DIRECTION('',(-0.884083484451,-0.46732899816,0.));
#5187 = ORIENTED_EDGE('',*,*,#5188,.T.);
#5188 = EDGE_CURVE('',#5181,#5189,#5191,.T.);
#5189 = VERTEX_POINT('',#5190);
#5190 = CARTESIAN_POINT('',(77.46960067749,-46.96530997753,0.89));
#5191 = LINE('',#5192,#5193);
#5192 = CARTESIAN_POINT('',(61.331438571081,-52.23887768071,0.89));
#5193 = VECTOR('',#5194,1.);
#5194 = DIRECTION('',(-0.950536544773,-0.310612744509,0.));
#5195 = ORIENTED_EDGE('',*,*,#5196,.T.);
#5196 = EDGE_CURVE('',#5189,#5197,#5199,.T.);
#5197 = VERTEX_POINT('',#5198);
#5198 = CARTESIAN_POINT('',(76.065799713135,-47.17089009285,0.89));
#5199 = LINE('',#5200,#5201);
#5200 = CARTESIAN_POINT('',(60.138895656261,-49.50331103842,0.89));
#5201 = VECTOR('',#5202,1.);
#5202 = DIRECTION('',(-0.989446332773,-0.144899808703,0.));
#5203 = ORIENTED_EDGE('',*,*,#5204,.T.);
#5204 = EDGE_CURVE('',#5197,#5205,#5207,.T.);
#5205 = VERTEX_POINT('',#5206);
#5206 = CARTESIAN_POINT('',(74.647499084473,-47.13541007041,0.89));
#5207 = LINE('',#5208,#5209);
#5208 = CARTESIAN_POINT('',(59.923401560044,-46.7670739787,0.89));
#5209 = VECTOR('',#5210,1.);
#5210 = DIRECTION('',(-0.999687249934,2.500804507472E-02,0.));
#5211 = ORIENTED_EDGE('',*,*,#5212,.T.);
#5212 = EDGE_CURVE('',#5205,#5213,#5215,.T.);
#5213 = VERTEX_POINT('',#5214);
#5214 = CARTESIAN_POINT('',(73.255699157715,-46.85988998413,0.89));
#5215 = LINE('',#5216,#5217);
#5216 = CARTESIAN_POINT('',(60.588246498656,-44.35224676431,0.89));
#5217 = VECTOR('',#5218,1.);
#5218 = DIRECTION('',(-0.980963711547,0.194191134268,0.));
#5219 = ORIENTED_EDGE('',*,*,#5220,.T.);
#5220 = EDGE_CURVE('',#5213,#5221,#5223,.T.);
#5221 = VERTEX_POINT('',#5222);
#5222 = CARTESIAN_POINT('',(71.93090057373,-46.35230994224,0.89));
#5223 = LINE('',#5224,#5225);
#5224 = CARTESIAN_POINT('',(61.936421931777,-42.52305019738,0.89));
#5225 = VECTOR('',#5226,1.);
#5226 = DIRECTION('',(-0.933807217195,0.357776579887,0.));
#5227 = ORIENTED_EDGE('',*,*,#5228,.T.);
#5228 = EDGE_CURVE('',#5221,#4771,#5229,.T.);
#5229 = LINE('',#5230,#5231);
#5230 = CARTESIAN_POINT('',(63.694871427943,-41.45685285025,0.89));
#5231 = VECTOR('',#5232,1.);
#5232 = DIRECTION('',(-0.859611132106,0.510948824795,0.));
#5233 = PLANE('',#5234);
#5234 = AXIS2_PLACEMENT_3D('',#5235,#5236,#5237);
#5235 = CARTESIAN_POINT('',(44.228421808819,-56.84363320012,0.89));
#5236 = DIRECTION('',(0.,0.,1.));
#5237 = DIRECTION('',(1.,0.,0.));
#5238 = ADVANCED_FACE('',(#5239),#5257,.F.);
#5239 = FACE_BOUND('',#5240,.F.);
#5240 = EDGE_LOOP('',(#5241,#5242,#5250,#5256));
#5241 = ORIENTED_EDGE('',*,*,#4238,.T.);
#5242 = ORIENTED_EDGE('',*,*,#5243,.T.);
#5243 = EDGE_CURVE('',#4230,#5244,#5246,.T.);
#5244 = VERTEX_POINT('',#5245);
#5245 = CARTESIAN_POINT('',(6.732989824083,-57.1156,1.09));
#5246 = LINE('',#5247,#5248);
#5247 = CARTESIAN_POINT('',(6.732989824083,-24.30761604755,1.09));
#5248 = VECTOR('',#5249,1.);
#5249 = DIRECTION('',(0.,-1.,0.));
#5250 = ORIENTED_EDGE('',*,*,#5251,.F.);
#5251 = EDGE_CURVE('',#4754,#5244,#5252,.T.);
#5252 = LINE('',#5253,#5254);
#5253 = CARTESIAN_POINT('',(6.732989824083,-57.1156,0.89));
#5254 = VECTOR('',#5255,1.);
#5255 = DIRECTION('',(0.,0.,1.));
#5256 = ORIENTED_EDGE('',*,*,#4762,.F.);
#5257 = PLANE('',#5258);
#5258 = AXIS2_PLACEMENT_3D('',#5259,#5260,#5261);
#5259 = CARTESIAN_POINT('',(6.732989824083,-24.30761604755,0.89));
#5260 = DIRECTION('',(1.,0.,0.));
#5261 = DIRECTION('',(0.,-1.,0.));
#5262 = ADVANCED_FACE('',(#5263),#5282,.T.);
#5263 = FACE_BOUND('',#5264,.F.);
#5264 = EDGE_LOOP('',(#5265,#5274,#5280,#5281));
#5265 = ORIENTED_EDGE('',*,*,#5266,.T.);
#5266 = EDGE_CURVE('',#4263,#5267,#5269,.T.);
#5267 = VERTEX_POINT('',#5268);
#5268 = CARTESIAN_POINT('',(39.853470604401,-38.42635619581,2.09));
#5269 = CIRCLE('',#5270,1.);
#5270 = AXIS2_PLACEMENT_3D('',#5271,#5272,#5273);
#5271 = CARTESIAN_POINT('',(39.853470604401,-38.42635619581,1.09));
#5272 = DIRECTION('',(0.870517486348,-0.492137486849,0.));
#5273 = DIRECTION('',(0.492137486849,0.870517486348,0.));
#5274 = ORIENTED_EDGE('',*,*,#5275,.T.);
#5275 = EDGE_CURVE('',#5267,#4293,#5276,.T.);
#5276 = LINE('',#5277,#5278);
#5277 = CARTESIAN_POINT('',(39.853470604401,-38.42635619581,2.09));
#5278 = VECTOR('',#5279,1.);
#5279 = DIRECTION('',(-0.870517486348,0.492137486849,-0.));
#5280 = ORIENTED_EDGE('',*,*,#4292,.F.);
#5281 = ORIENTED_EDGE('',*,*,#4262,.F.);
#5282 = CYLINDRICAL_SURFACE('',#5283,1.);
#5283 = AXIS2_PLACEMENT_3D('',#5284,#5285,#5286);
#5284 = CARTESIAN_POINT('',(39.853470604401,-38.42635619581,1.09));
#5285 = DIRECTION('',(-0.870517486348,0.492137486849,-0.));
#5286 = DIRECTION('',(0.492137486849,0.870517486348,0.));
#5287 = ADVANCED_FACE('',(#5288),#5307,.T.);
#5288 = FACE_BOUND('',#5289,.F.);
#5289 = EDGE_LOOP('',(#5290,#5298,#5305,#5306));
#5290 = ORIENTED_EDGE('',*,*,#5291,.T.);
#5291 = EDGE_CURVE('',#4737,#5292,#5294,.T.);
#5292 = VERTEX_POINT('',#5293);
#5293 = CARTESIAN_POINT('',(40.375345619361,-43.73744871428,1.09));
#5294 = LINE('',#5295,#5296);
#5295 = CARTESIAN_POINT('',(40.375345619361,-43.73744871428,0.89));
#5296 = VECTOR('',#5297,1.);
#5297 = DIRECTION('',(0.,0.,1.));
#5298 = ORIENTED_EDGE('',*,*,#5299,.T.);
#5299 = EDGE_CURVE('',#5292,#4263,#5300,.T.);
#5300 = CIRCLE('',#5301,3.56030245231);
#5301 = AXIS2_PLACEMENT_3D('',#5302,#5303,#5304);
#5302 = CARTESIAN_POINT('',(38.593449789949,-40.65514425089,1.09));
#5303 = DIRECTION('',(0.,0.,1.));
#5304 = DIRECTION('',(0.500490015464,-0.865742308323,0.));
#5305 = ORIENTED_EDGE('',*,*,#4270,.F.);
#5306 = ORIENTED_EDGE('',*,*,#4736,.F.);
#5307 = CYLINDRICAL_SURFACE('',#5308,3.56030245231);
#5308 = AXIS2_PLACEMENT_3D('',#5309,#5310,#5311);
#5309 = CARTESIAN_POINT('',(38.593449789949,-40.65514425089,0.89));
#5310 = DIRECTION('',(-0.,-0.,-1.));
#5311 = DIRECTION('',(1.,0.,0.));
#5312 = ADVANCED_FACE('',(#5313,#5349),#5615,.T.);
#5313 = FACE_BOUND('',#5314,.T.);
#5314 = EDGE_LOOP('',(#5315,#5316,#5324,#5333,#5341,#5348));
#5315 = ORIENTED_EDGE('',*,*,#4311,.T.);
#5316 = ORIENTED_EDGE('',*,*,#5317,.T.);
#5317 = EDGE_CURVE('',#4303,#5318,#5320,.T.);
#5318 = VERTEX_POINT('',#5319);
#5319 = CARTESIAN_POINT('',(7.732989824083,-57.1156,2.09));
#5320 = LINE('',#5321,#5322);
#5321 = CARTESIAN_POINT('',(7.732989824083,-24.30761604755,2.09));
#5322 = VECTOR('',#5323,1.);
#5323 = DIRECTION('',(0.,-1.,0.));
#5324 = ORIENTED_EDGE('',*,*,#5325,.T.);
#5325 = EDGE_CURVE('',#5318,#5326,#5328,.T.);
#5326 = VERTEX_POINT('',#5327);
#5327 = CARTESIAN_POINT('',(11.488131405645,-59.28221551053,2.09));
#5328 = CIRCLE('',#5329,2.502610175917);
#5329 = AXIS2_PLACEMENT_3D('',#5330,#5331,#5332);
#5330 = CARTESIAN_POINT('',(10.2356,-57.1156,2.09));
#5331 = DIRECTION('',(0.,0.,1.));
#5332 = DIRECTION('',(-1.,0.,0.));
#5333 = ORIENTED_EDGE('',*,*,#5334,.T.);
#5334 = EDGE_CURVE('',#5326,#5335,#5337,.T.);
#5335 = VERTEX_POINT('',#5336);
#5336 = CARTESIAN_POINT('',(39.874855603897,-42.87170640596,2.09));
#5337 = LINE('',#5338,#5339);
#5338 = CARTESIAN_POINT('',(11.488131405644,-59.28221551053,2.09));
#5339 = VECTOR('',#5340,1.);
#5340 = DIRECTION('',(0.865742308323,0.500490015464,-0.));
#5341 = ORIENTED_EDGE('',*,*,#5342,.T.);
#5342 = EDGE_CURVE('',#5335,#5267,#5343,.T.);
#5343 = CIRCLE('',#5344,2.56030245231);
#5344 = AXIS2_PLACEMENT_3D('',#5345,#5346,#5347);
#5345 = CARTESIAN_POINT('',(38.593449789949,-40.65514425089,2.09));
#5346 = DIRECTION('',(0.,0.,1.));
#5347 = DIRECTION('',(0.500490015464,-0.865742308323,0.));
#5348 = ORIENTED_EDGE('',*,*,#5275,.T.);
#5349 = FACE_BOUND('',#5350,.T.);
#5350 = EDGE_LOOP('',(#5351,#5361,#5369,#5377,#5385,#5393,#5401,#5409,
    #5417,#5425,#5433,#5441,#5449,#5457,#5465,#5473,#5481,#5489,#5497,
    #5505,#5513,#5521,#5529,#5537,#5545,#5553,#5561,#5569,#5577,#5585,
    #5593,#5601,#5609));
#5351 = ORIENTED_EDGE('',*,*,#5352,.F.);
#5352 = EDGE_CURVE('',#5353,#5355,#5357,.T.);
#5353 = VERTEX_POINT('',#5354);
#5354 = CARTESIAN_POINT('',(8.85493183136,-25.72813224792,2.09));
#5355 = VERTEX_POINT('',#5356);
#5356 = CARTESIAN_POINT('',(8.85493183136,-55.36353302002,2.09));
#5357 = LINE('',#5358,#5359);
#5358 = CARTESIAN_POINT('',(8.85493183136,-40.65070059287,2.09));
#5359 = VECTOR('',#5360,1.);
#5360 = DIRECTION('',(0.,-1.,0.));
#5361 = ORIENTED_EDGE('',*,*,#5362,.F.);
#5362 = EDGE_CURVE('',#5363,#5353,#5365,.T.);
#5363 = VERTEX_POINT('',#5364);
#5364 = CARTESIAN_POINT('',(8.915532112122,-25.20923233032,2.09));
#5365 = LINE('',#5366,#5367);
#5366 = CARTESIAN_POINT('',(8.077445649005,-32.38548615602,2.09));
#5367 = VECTOR('',#5368,1.);
#5368 = DIRECTION('',(-0.115997700963,-0.993249481939,0.));
#5369 = ORIENTED_EDGE('',*,*,#5370,.F.);
#5370 = EDGE_CURVE('',#5371,#5363,#5373,.T.);
#5371 = VERTEX_POINT('',#5372);
#5372 = CARTESIAN_POINT('',(9.094232559204,-24.71833229064,2.09));
#5373 = LINE('',#5374,#5375);
#5374 = CARTESIAN_POINT('',(7.09340335151,-30.21472109924,2.09));
#5375 = VECTOR('',#5376,1.);
#5376 = DIRECTION('',(-0.342066531816,-0.93967573546,0.));
#5377 = ORIENTED_EDGE('',*,*,#5378,.F.);
#5378 = EDGE_CURVE('',#5379,#5371,#5381,.T.);
#5379 = VERTEX_POINT('',#5380);
#5380 = CARTESIAN_POINT('',(9.381332397461,-24.281832695,2.09));
#5381 = LINE('',#5382,#5383);
#5382 = CARTESIAN_POINT('',(7.087933525055,-27.76866043594,2.09));
#5383 = VECTOR('',#5384,1.);
#5384 = DIRECTION('',(-0.549521721385,-0.835479429864,0.));
#5385 = ORIENTED_EDGE('',*,*,#5386,.F.);
#5386 = EDGE_CURVE('',#5387,#5379,#5389,.T.);
#5387 = VERTEX_POINT('',#5388);
#5388 = CARTESIAN_POINT('',(9.761322021484,-23.92333316803,2.09));
#5389 = LINE('',#5390,#5391);
#5390 = CARTESIAN_POINT('',(8.098138847343,-25.49245596378,2.09));
#5391 = VECTOR('',#5392,1.);
#5392 = DIRECTION('',(-0.727375737454,-0.686239416358,0.));
#5393 = ORIENTED_EDGE('',*,*,#5394,.F.);
#5394 = EDGE_CURVE('',#5395,#5387,#5397,.T.);
#5395 = VERTEX_POINT('',#5396);
#5396 = CARTESIAN_POINT('',(10.213751792908,-23.66213321685,2.09));
#5397 = LINE('',#5398,#5399);
#5398 = CARTESIAN_POINT('',(9.962394918001,-23.80724834322,2.09));
#5399 = VECTOR('',#5400,1.);
#5400 = DIRECTION('',(-0.866034106043,-0.499984926942,0.));
#5401 = ORIENTED_EDGE('',*,*,#5402,.F.);
#5402 = EDGE_CURVE('',#5403,#5395,#5405,.T.);
#5403 = VERTEX_POINT('',#5404);
#5404 = CARTESIAN_POINT('',(10.714221954346,-23.51233196258,2.09));
#5405 = LINE('',#5406,#5407);
#5406 = CARTESIAN_POINT('',(12.35036339361,-23.02260038885,2.09));
#5407 = VECTOR('',#5408,1.);
#5408 = DIRECTION('',(-0.958005118823,-0.286751098181,0.));
#5409 = ORIENTED_EDGE('',*,*,#5410,.F.);
#5410 = EDGE_CURVE('',#5411,#5403,#5413,.T.);
#5411 = VERTEX_POINT('',#5412);
#5412 = CARTESIAN_POINT('',(11.23576259613,-23.48193264007,2.09));
#5413 = LINE('',#5414,#5415);
#5414 = CARTESIAN_POINT('',(14.828227524331,-23.27253668661,2.09));
#5415 = VECTOR('',#5416,1.);
#5416 = DIRECTION('',(-0.998305597424,-5.818878029437E-02,0.));
#5417 = ORIENTED_EDGE('',*,*,#5418,.F.);
#5418 = EDGE_CURVE('',#5419,#5411,#5421,.T.);
#5419 = VERTEX_POINT('',#5420);
#5420 = CARTESIAN_POINT('',(11.750242233276,-23.57263278961,2.09));
#5421 = LINE('',#5422,#5423);
#5422 = CARTESIAN_POINT('',(16.952256261225,-24.48972146748,2.09));
#5423 = VECTOR('',#5424,1.);
#5424 = DIRECTION('',(-0.984813150972,0.17361756153,0.));
#5425 = ORIENTED_EDGE('',*,*,#5426,.F.);
#5426 = EDGE_CURVE('',#5427,#5419,#5429,.T.);
#5427 = VERTEX_POINT('',#5428);
#5428 = CARTESIAN_POINT('',(12.229932308197,-23.77953243255,2.09));
#5429 = LINE('',#5430,#5431);
#5430 = CARTESIAN_POINT('',(18.351706108103,-26.41997233241,2.09));
#5431 = VECTOR('',#5432,1.);
#5432 = DIRECTION('',(-0.918228956039,0.396049977013,0.));
#5433 = ORIENTED_EDGE('',*,*,#5434,.F.);
#5434 = EDGE_CURVE('',#5435,#5427,#5437,.T.);
#5435 = VERTEX_POINT('',#5436);
#5436 = CARTESIAN_POINT('',(37.894933700562,-38.59727287292,2.09));
#5437 = LINE('',#5438,#5439);
#5438 = CARTESIAN_POINT('',(25.127977819248,-31.22624508411,2.09));
#5439 = VECTOR('',#5440,1.);
#5440 = DIRECTION('',(-0.866024746599,0.500001138276,0.));
#5441 = ORIENTED_EDGE('',*,*,#5442,.F.);
#5442 = EDGE_CURVE('',#5443,#5435,#5445,.T.);
#5443 = VERTEX_POINT('',#5444);
#5444 = CARTESIAN_POINT('',(38.313932418823,-38.90924263,2.09));
#5445 = LINE('',#5446,#5447);
#5446 = CARTESIAN_POINT('',(32.668147947683,-34.70561638194,2.09));
#5447 = VECTOR('',#5448,1.);
#5448 = DIRECTION('',(-0.802089476739,0.597203877503,0.));
#5449 = ORIENTED_EDGE('',*,*,#5450,.F.);
#5450 = EDGE_CURVE('',#5451,#5443,#5453,.T.);
#5451 = VERTEX_POINT('',#5452);
#5452 = CARTESIAN_POINT('',(38.649732589722,-39.30943250656,2.09));
#5453 = LINE('',#5454,#5455);
#5454 = CARTESIAN_POINT('',(35.009833083896,-34.97158202239,2.09));
#5455 = VECTOR('',#5456,1.);
#5456 = DIRECTION('',(-0.64278872521,0.766043507082,0.));
#5457 = ORIENTED_EDGE('',*,*,#5458,.F.);
#5458 = EDGE_CURVE('',#5459,#5451,#5461,.T.);
#5459 = VERTEX_POINT('',#5460);
#5460 = CARTESIAN_POINT('',(38.884233474731,-39.77628755569,2.09));
#5461 = LINE('',#5462,#5463);
#5462 = CARTESIAN_POINT('',(37.090828664322,-36.20589552564,2.09));
#5463 = VECTOR('',#5464,1.);
#5464 = DIRECTION('',(-0.448856449596,0.893603876254,0.));
#5465 = ORIENTED_EDGE('',*,*,#5466,.F.);
#5466 = EDGE_CURVE('',#5467,#5459,#5469,.T.);
#5467 = VERTEX_POINT('',#5468);
#5468 = CARTESIAN_POINT('',(39.004734039307,-40.28462362289,2.09));
#5469 = LINE('',#5470,#5471);
#5470 = CARTESIAN_POINT('',(38.51428781835,-38.21565818681,2.09));
#5471 = VECTOR('',#5472,1.);
#5472 = DIRECTION('',(-0.230657017288,0.97303511775,0.));
#5473 = ORIENTED_EDGE('',*,*,#5474,.F.);
#5474 = EDGE_CURVE('',#5475,#5467,#5477,.T.);
#5475 = VERTEX_POINT('',#5476);
#5476 = CARTESIAN_POINT('',(39.004734039307,-40.80704164505,2.09));
#5477 = LINE('',#5478,#5479);
#5478 = CARTESIAN_POINT('',(39.004734039307,-40.65070059287,2.09));
#5479 = VECTOR('',#5480,1.);
#5480 = DIRECTION('',(0.,1.,0.));
#5481 = ORIENTED_EDGE('',*,*,#5482,.F.);
#5482 = EDGE_CURVE('',#5483,#5475,#5485,.T.);
#5483 = VERTEX_POINT('',#5484);
#5484 = CARTESIAN_POINT('',(38.884233474731,-41.31537771225,2.09));
#5485 = LINE('',#5486,#5487);
#5486 = CARTESIAN_POINT('',(38.46721523889,-43.07458449028,2.09));
#5487 = VECTOR('',#5488,1.);
#5488 = DIRECTION('',(0.230657017288,0.97303511775,0.));
#5489 = ORIENTED_EDGE('',*,*,#5490,.F.);
#5490 = EDGE_CURVE('',#5491,#5483,#5493,.T.);
#5491 = VERTEX_POINT('',#5492);
#5492 = CARTESIAN_POINT('',(38.649732589722,-41.78223276138,2.09));
#5493 = LINE('',#5494,#5495);
#5494 = CARTESIAN_POINT('',(37.006703616374,-45.05324972171,2.09));
#5495 = VECTOR('',#5496,1.);
#5496 = DIRECTION('',(0.448856449596,0.893603876254,0.));
#5497 = ORIENTED_EDGE('',*,*,#5498,.F.);
#5498 = EDGE_CURVE('',#5499,#5491,#5501,.T.);
#5499 = VERTEX_POINT('',#5500);
#5500 = CARTESIAN_POINT('',(38.313932418823,-42.18242263793,2.09));
#5501 = LINE('',#5502,#5503);
#5502 = CARTESIAN_POINT('',(34.906558251891,-46.24316103362,2.09));
#5503 = VECTOR('',#5504,1.);
#5504 = DIRECTION('',(0.64278872521,0.766043507082,0.));
#5505 = ORIENTED_EDGE('',*,*,#5506,.F.);
#5506 = EDGE_CURVE('',#5507,#5499,#5509,.T.);
#5507 = VERTEX_POINT('',#5508);
#5508 = CARTESIAN_POINT('',(37.894933700562,-42.49439239502,2.09));
#5509 = LINE('',#5510,#5511);
#5510 = CARTESIAN_POINT('',(32.567682147367,-46.4608517194,2.09));
#5511 = VECTOR('',#5512,1.);
#5512 = DIRECTION('',(0.802089476739,0.597203877503,0.));
#5513 = ORIENTED_EDGE('',*,*,#5514,.F.);
#5514 = EDGE_CURVE('',#5515,#5507,#5517,.T.);
#5515 = VERTEX_POINT('',#5516);
#5516 = CARTESIAN_POINT('',(12.229932308197,-57.31213378906,2.09));
#5517 = LINE('',#5518,#5519);
#5518 = CARTESIAN_POINT('',(25.037159596481,-49.91785474612,2.09));
#5519 = VECTOR('',#5520,1.);
#5520 = DIRECTION('',(0.866024732665,0.500001162411,0.));
#5521 = ORIENTED_EDGE('',*,*,#5522,.F.);
#5522 = EDGE_CURVE('',#5523,#5515,#5525,.T.);
#5523 = VERTEX_POINT('',#5524);
#5524 = CARTESIAN_POINT('',(11.874482154846,-57.47783279418,2.09));
#5525 = LINE('',#5526,#5527);
#5526 = CARTESIAN_POINT('',(18.385069359307,-54.44281420606,2.09));
#5527 = VECTOR('',#5528,1.);
#5528 = DIRECTION('',(0.906356734664,0.422513277342,0.));
#5529 = ORIENTED_EDGE('',*,*,#5530,.F.);
#5530 = EDGE_CURVE('',#5531,#5523,#5533,.T.);
#5531 = VERTEX_POINT('',#5532);
#5532 = CARTESIAN_POINT('',(11.495641708374,-57.57933425903,2.09));
#5533 = LINE('',#5534,#5535);
#5534 = CARTESIAN_POINT('',(17.526940964759,-55.96338824499,2.09));
#5535 = VECTOR('',#5536,1.);
#5536 = DIRECTION('',(0.965931261313,0.258798760467,0.));
#5537 = ORIENTED_EDGE('',*,*,#5538,.F.);
#5538 = EDGE_CURVE('',#5539,#5531,#5541,.T.);
#5539 = VERTEX_POINT('',#5540);
#5540 = CARTESIAN_POINT('',(11.10493183136,-57.61353302002,2.09));
#5541 = LINE('',#5542,#5543);
#5542 = CARTESIAN_POINT('',(16.206392702238,-57.16700312336,2.09));
#5543 = VECTOR('',#5544,1.);
#5544 = DIRECTION('',(0.996191138433,8.71964202705E-02,0.));
#5545 = ORIENTED_EDGE('',*,*,#5546,.F.);
#5546 = EDGE_CURVE('',#5547,#5539,#5549,.T.);
#5547 = VERTEX_POINT('',#5548);
#5548 = CARTESIAN_POINT('',(10.714221954346,-57.57933425903,2.09));
#5549 = LINE('',#5550,#5551);
#5550 = CARTESIAN_POINT('',(14.546682460938,-57.91478879592,2.09));
#5551 = VECTOR('',#5552,1.);
#5552 = DIRECTION('',(0.996191138433,-8.71964202705E-02,0.));
#5553 = ORIENTED_EDGE('',*,*,#5554,.F.);
#5554 = EDGE_CURVE('',#5555,#5547,#5557,.T.);
#5555 = VERTEX_POINT('',#5556);
#5556 = CARTESIAN_POINT('',(10.335391998291,-57.47783279418,2.09));
#5557 = LINE('',#5558,#5559);
#5558 = CARTESIAN_POINT('',(12.714943532054,-58.1153958023,2.09));
#5559 = VECTOR('',#5560,1.);
#5560 = DIRECTION('',(0.965929469783,-0.258805447013,0.));
#5561 = ORIENTED_EDGE('',*,*,#5562,.F.);
#5562 = EDGE_CURVE('',#5563,#5555,#5565,.T.);
#5563 = VERTEX_POINT('',#5564);
#5564 = CARTESIAN_POINT('',(9.97993183136,-57.31213378906,2.09));
#5565 = LINE('',#5566,#5567);
#5566 = CARTESIAN_POINT('',(10.896762659942,-57.73951769955,2.09));
#5567 = VECTOR('',#5568,1.);
#5568 = DIRECTION('',(0.906361292676,-0.422503499558,0.));
#5569 = ORIENTED_EDGE('',*,*,#5570,.F.);
#5570 = EDGE_CURVE('',#5571,#5563,#5573,.T.);
#5571 = VERTEX_POINT('',#5572);
#5572 = CARTESIAN_POINT('',(9.658632278442,-57.08713340759,2.09));
#5573 = LINE('',#5574,#5575);
#5574 = CARTESIAN_POINT('',(9.275408732649,-56.81876875159,2.09));
#5575 = VECTOR('',#5576,1.);
#5576 = DIRECTION('',(0.819123280388,-0.573617513266,0.));
#5577 = ORIENTED_EDGE('',*,*,#5578,.F.);
#5578 = EDGE_CURVE('',#5579,#5571,#5581,.T.);
#5579 = VERTEX_POINT('',#5580);
#5580 = CARTESIAN_POINT('',(9.381332397461,-56.80983352661,2.09));
#5581 = LINE('',#5582,#5583);
#5582 = CARTESIAN_POINT('',(8.020157241896,-55.44865837104,2.09));
#5583 = VECTOR('',#5584,1.);
#5584 = DIRECTION('',(0.707106781187,-0.707106781187,0.));
#5585 = ORIENTED_EDGE('',*,*,#5586,.F.);
#5586 = EDGE_CURVE('',#5587,#5579,#5589,.T.);
#5587 = VERTEX_POINT('',#5588);
#5588 = CARTESIAN_POINT('',(9.156332015991,-56.48853302002,2.09));
#5589 = LINE('',#5590,#5591);
#5590 = CARTESIAN_POINT('',(7.253272040361,-53.77096369746,2.09));
#5591 = VECTOR('',#5592,1.);
#5592 = DIRECTION('',(0.573616370887,-0.819124080375,0.));
#5593 = ORIENTED_EDGE('',*,*,#5594,.F.);
#5594 = EDGE_CURVE('',#5595,#5587,#5597,.T.);
#5595 = VERTEX_POINT('',#5596);
#5596 = CARTESIAN_POINT('',(8.99063205719,-56.13303375244,2.09));
#5597 = LINE('',#5598,#5599);
#5598 = CARTESIAN_POINT('',(7.044834911281,-51.95844333473,2.09));
#5599 = VECTOR('',#5600,1.);
#5600 = DIRECTION('',(0.422467321021,-0.906378156549,0.));
#5601 = ORIENTED_EDGE('',*,*,#5602,.F.);
#5602 = EDGE_CURVE('',#5603,#5595,#5605,.T.);
#5603 = VERTEX_POINT('',#5604);
#5604 = CARTESIAN_POINT('',(8.889132499695,-55.75423240661,2.09));
#5605 = LINE('',#5606,#5607);
#5606 = CARTESIAN_POINT('',(7.402224818716,-50.20501973443,2.09));
#5607 = VECTOR('',#5608,1.);
#5608 = DIRECTION('',(0.258819146905,-0.965925799011,0.));
#5609 = ORIENTED_EDGE('',*,*,#5610,.F.);
#5610 = EDGE_CURVE('',#5355,#5603,#5611,.T.);
#5611 = LINE('',#5612,#5613);
#5612 = CARTESIAN_POINT('',(8.270262217907,-48.68442204182,2.09));
#5613 = VECTOR('',#5614,1.);
#5614 = DIRECTION('',(8.720357002939E-02,-0.99619051259,0.));
#5615 = PLANE('',#5616);
#5616 = AXIS2_PLACEMENT_3D('',#5617,#5618,#5619);
#5617 = CARTESIAN_POINT('',(19.713596869055,-40.75556855177,2.09));
#5618 = DIRECTION('',(0.,0.,1.));
#5619 = DIRECTION('',(1.,0.,0.));
#5620 = ADVANCED_FACE('',(#5621),#5633,.T.);
#5621 = FACE_BOUND('',#5622,.F.);
#5622 = EDGE_LOOP('',(#5623,#5624,#5625,#5632));
#5623 = ORIENTED_EDGE('',*,*,#4302,.T.);
#5624 = ORIENTED_EDGE('',*,*,#5317,.T.);
#5625 = ORIENTED_EDGE('',*,*,#5626,.F.);
#5626 = EDGE_CURVE('',#5244,#5318,#5627,.T.);
#5627 = CIRCLE('',#5628,1.);
#5628 = AXIS2_PLACEMENT_3D('',#5629,#5630,#5631);
#5629 = CARTESIAN_POINT('',(7.732989824083,-57.1156,1.09));
#5630 = DIRECTION('',(-0.,1.,0.));
#5631 = DIRECTION('',(-1.,-0.,0.));
#5632 = ORIENTED_EDGE('',*,*,#5243,.F.);
#5633 = CYLINDRICAL_SURFACE('',#5634,1.);
#5634 = AXIS2_PLACEMENT_3D('',#5635,#5636,#5637);
#5635 = CARTESIAN_POINT('',(7.732989824083,-24.30761604755,1.09));
#5636 = DIRECTION('',(0.,-1.,0.));
#5637 = DIRECTION('',(-1.,0.,0.));
#5638 = ADVANCED_FACE('',(#5639),#5673,.F.);
#5639 = FACE_BOUND('',#5640,.F.);
#5640 = EDGE_LOOP('',(#5641,#5649,#5650,#5658));
#5641 = ORIENTED_EDGE('',*,*,#5642,.F.);
#5642 = EDGE_CURVE('',#4329,#5643,#5645,.T.);
#5643 = VERTEX_POINT('',#5644);
#5644 = CARTESIAN_POINT('',(-3.687841483733,-13.07723506376,1.59));
#5645 = LINE('',#5646,#5647);
#5646 = CARTESIAN_POINT('',(-3.687841483733,-13.07723506376,0.89));
#5647 = VECTOR('',#5648,1.);
#5648 = DIRECTION('',(0.,0.,1.));
#5649 = ORIENTED_EDGE('',*,*,#4326,.F.);
#5650 = ORIENTED_EDGE('',*,*,#5651,.T.);
#5651 = EDGE_CURVE('',#4327,#5652,#5654,.T.);
#5652 = VERTEX_POINT('',#5653);
#5653 = CARTESIAN_POINT('',(-3.687841483733,-100.5482870863,1.59));
#5654 = LINE('',#5655,#5656);
#5655 = CARTESIAN_POINT('',(-3.687841483733,-100.5482870863,0.89));
#5656 = VECTOR('',#5657,1.);
#5657 = DIRECTION('',(0.,0.,1.));
#5658 = ORIENTED_EDGE('',*,*,#5659,.T.);
#5659 = EDGE_CURVE('',#5652,#5643,#5660,.T.);
#5660 = ( BOUNDED_CURVE() B_SPLINE_CURVE(11,(#5661,#5662,#5663,#5664,
    #5665,#5666,#5667,#5668,#5669,#5670,#5671,#5672),.UNSPECIFIED.,.F.,
.F.) B_SPLINE_CURVE_WITH_KNOTS((12,12),(6.360407649854,93.825932240326),
.PIECEWISE_BEZIER_KNOTS.) CURVE() GEOMETRIC_REPRESENTATION_ITEM() 
RATIONAL_B_SPLINE_CURVE((1.,1.,1.,1.,1.,1.,1.,1.,1.,1.,1.,1.)) 
REPRESENTATION_ITEM('') );
#5661 = CARTESIAN_POINT('',(-3.687841483733,-100.5482870863,1.59));
#5662 = CARTESIAN_POINT('',(-3.687841483733,-92.57250732084,1.59));
#5663 = CARTESIAN_POINT('',(-3.687841483733,-84.69086413906,1.59));
#5664 = CARTESIAN_POINT('',(-3.687841483733,-76.6393652493,1.59));
#5665 = CARTESIAN_POINT('',(-3.687841483733,-68.79513167139,1.59));
#5666 = CARTESIAN_POINT('',(-3.687841483733,-60.73353653841,1.59));
#5667 = CARTESIAN_POINT('',(-3.687841483733,-52.89006064749,1.59));
#5668 = CARTESIAN_POINT('',(-3.687841483733,-44.83545641973,1.59));
#5669 = CARTESIAN_POINT('',(-3.687841483733,-36.97930379409,1.59));
#5670 = CARTESIAN_POINT('',(-3.687841483733,-28.94104598701,1.59));
#5671 = CARTESIAN_POINT('',(-3.687841483733,-21.04933477,1.59));
#5672 = CARTESIAN_POINT('',(-3.687841483733,-13.07723506376,1.59));
#5673 = PLANE('',#5674);
#5674 = AXIS2_PLACEMENT_3D('',#5675,#5676,#5677);
#5675 = CARTESIAN_POINT('',(-3.687841483733,-100.5482870863,0.89));
#5676 = DIRECTION('',(-1.,0.,0.));
#5677 = DIRECTION('',(0.,1.,0.));
#5678 = ADVANCED_FACE('',(#5679),#5826,.F.);
#5679 = FACE_BOUND('',#5680,.T.);
#5680 = EDGE_LOOP('',(#5681,#5689,#5690,#5691));
#5681 = ORIENTED_EDGE('',*,*,#5682,.F.);
#5682 = EDGE_CURVE('',#4337,#5683,#5685,.T.);
#5683 = VERTEX_POINT('',#5684);
#5684 = CARTESIAN_POINT('',(0.362558914343,-104.5986874844,1.59));
#5685 = LINE('',#5686,#5687);
#5686 = CARTESIAN_POINT('',(0.362558914343,-104.5986874844,0.89));
#5687 = VECTOR('',#5688,1.);
#5688 = DIRECTION('',(0.,0.,1.));
#5689 = ORIENTED_EDGE('',*,*,#4336,.F.);
#5690 = ORIENTED_EDGE('',*,*,#5651,.T.);
#5691 = ORIENTED_EDGE('',*,*,#5692,.F.);
#5692 = EDGE_CURVE('',#5683,#5652,#5693,.T.);
#5693 = ( BOUNDED_CURVE() B_SPLINE_CURVE(14,(#5694,#5695,#5696,#5697,
    #5698,#5699,#5700,#5701,#5702,#5703,#5704,#5705,#5706,#5707,#5708,
    #5709,#5710,#5711,#5712,#5713,#5714,#5715,#5716,#5717,#5718,#5719,
    #5720,#5721,#5722,#5723,#5724,#5725,#5726,#5727,#5728,#5729,#5730,
    #5731,#5732,#5733,#5734,#5735,#5736,#5737,#5738,#5739,#5740,#5741,
    #5742,#5743,#5744,#5745,#5746,#5747,#5748,#5749,#5750,#5751,#5752,
    #5753,#5754,#5755,#5756,#5757,#5758,#5759,#5760,#5761,#5762,#5763,
    #5764,#5765,#5766,#5767,#5768,#5769,#5770,#5771,#5772,#5773,#5774,
    #5775,#5776,#5777,#5778,#5779,#5780,#5781,#5782,#5783,#5784,#5785,
    #5786,#5787,#5788,#5789,#5790,#5791,#5792,#5793,#5794,#5795,#5796,
    #5797,#5798,#5799,#5800,#5801,#5802,#5803,#5804,#5805,#5806,#5807,
    #5808,#5809,#5810,#5811,#5812,#5813,#5814,#5815,#5816,#5817,#5818,
    #5819,#5820,#5821,#5822,#5823,#5824,#5825),.UNSPECIFIED.,.F.,.F.) 
B_SPLINE_CURVE_WITH_KNOTS((15,13,13,13,13,13,13,13,13,13,15),(-2.673E-14
    ,1.28395763141E-02,2.567915262822E-02,5.135830525647E-02,
    0.102716610513,0.205433221026,0.410866442052,0.821732884104,
1.643465768208,3.286931536416,6.360407649854),.UNSPECIFIED.) CURVE() 
GEOMETRIC_REPRESENTATION_ITEM() RATIONAL_B_SPLINE_CURVE((1.,
    1.000000000001,0.999999999996,1.00000000001,0.99999999998,
    1.000000000032,0.999999999959,1.000000000043,0.999999999963,
    1.000000000027,0.999999999985,1.000000000007,0.999999999998,1.,1.,
    1.000000000001,0.999999999999,1.000000000001,1.000000000001,
    0.999999999996,1.000000000007,0.999999999993,1.000000000006,
    0.999999999996,1.000000000002,0.999999999999,1.,1.,1.,1.,
    0.999999999999,1.000000000003,0.999999999995,1.000000000006,
    0.999999999993,1.000000000005,0.999999999996,1.000000000002,
    0.999999999999,1.,1.,1.000000000001,0.999999999998,1.000000000004,
    0.999999999995,1.000000000006,0.999999999995,1.000000000004,
    0.999999999998,1.000000000001,0.999999999999,1.,1.,1.,1.,
    1.000000000001,0.999999999997,1.000000000004,0.999999999995,
    1.000000000005,0.999999999997,1.000000000002,0.999999999999,1.,1.,1.
    ,1.,0.999999999998,1.000000000005,0.999999999989,1.000000000018,
    0.999999999976,1.000000000026,0.999999999976,1.000000000017,
    0.99999999999,1.000000000005,0.999999999998,1.,1.,1.000000000001,
    0.999999999998,1.000000000002,0.999999999998,0.999999999999,
    1.000000000003,0.999999999995,1.000000000005,0.999999999997,
    1.000000000002,0.999999999999,1.,1.,1.000000000001,0.999999999998,
    1.000000000003,0.999999999994,1.000000000007,0.999999999992,
    1.000000000007,0.999999999995,1.000000000003,0.999999999999,1.,1.,1.
    ,1.000000000001,0.999999999998,1.000000000004,0.999999999994,
    1.000000000007,0.999999999993,1.000000000006,0.999999999996,
    1.000000000002,0.999999999999,1.,1.,1.,0.999999999999,1.000000000004
    ,0.999999999992,1.000000000013,0.999999999984,1.000000000016,
    0.999999999987,1.000000000009,0.999999999995,1.000000000002,
0.999999999999,1.,1.)) REPRESENTATION_ITEM('') );
#5694 = CARTESIAN_POINT('',(0.362558914343,-104.5986874844,1.59));
#5695 = CARTESIAN_POINT('',(0.361641898884,-104.5986874844,1.59));
#5696 = CARTESIAN_POINT('',(0.360723547666,-104.5986872607,1.59));
#5697 = CARTESIAN_POINT('',(0.359810935573,-104.5986868134,1.59));
#5698 = CARTESIAN_POINT('',(0.358881811267,-104.5986861424,
    1.590000000001));
#5699 = CARTESIAN_POINT('',(0.357987414216,-104.5986852478,
    1.589999999999));
#5700 = CARTESIAN_POINT('',(0.357037376811,-104.5986841295,
    1.590000000001));
#5701 = CARTESIAN_POINT('',(0.356156614304,-104.5986827874,
    1.589999999999));
#5702 = CARTESIAN_POINT('',(0.355208286976,-104.5986812218,
    1.590000000001));
#5703 = CARTESIAN_POINT('',(0.35431148766,-104.5986794325,1.589999999999
    ));
#5704 = CARTESIAN_POINT('',(0.353384309756,-104.5986774195,1.59));
#5705 = CARTESIAN_POINT('',(0.352470631943,-104.5986751828,1.59));
#5706 = CARTESIAN_POINT('',(0.351552642727,-104.5986727225,1.59));
#5707 = CARTESIAN_POINT('',(0.350635547582,-104.5986700385,1.59));
#5708 = CARTESIAN_POINT('',(0.348801171627,-104.5986642231,1.59));
#5709 = CARTESIAN_POINT('',(0.347883983057,-104.5986610918,1.59));
#5710 = CARTESIAN_POINT('',(0.346966793954,-104.5986577368,1.59));
#5711 = CARTESIAN_POINT('',(0.346049604396,-104.5986541581,
    1.590000000001));
#5712 = CARTESIAN_POINT('',(0.345132414409,-104.5986503557,
    1.589999999999));
#5713 = CARTESIAN_POINT('',(0.344215224124,-104.5986463296,
    1.590000000001));
#5714 = CARTESIAN_POINT('',(0.343298033505,-104.5986420799,
    1.589999999999));
#5715 = CARTESIAN_POINT('',(0.342380842735,-104.5986376065,
    1.590000000001));
#5716 = CARTESIAN_POINT('',(0.341463651755,-104.5986329094,
    1.589999999999));
#5717 = CARTESIAN_POINT('',(0.340546460733,-104.5986279887,
    1.590000000001));
#5718 = CARTESIAN_POINT('',(0.339629269657,-104.5986228442,1.59));
#5719 = CARTESIAN_POINT('',(0.338712078634,-104.5986174761,1.59));
#5720 = CARTESIAN_POINT('',(0.337794887707,-104.5986118843,1.59));
#5721 = CARTESIAN_POINT('',(0.335043315423,-104.5985944378,1.59));
#5722 = CARTESIAN_POINT('',(0.333208934561,-104.5985819121,1.59));
#5723 = CARTESIAN_POINT('',(0.331374554853,-104.5985684917,1.59));
#5724 = CARTESIAN_POINT('',(0.329540176837,-104.5985541765,1.59));
#5725 = CARTESIAN_POINT('',(0.327705800941,-104.5985389666,
    1.590000000001));
#5726 = CARTESIAN_POINT('',(0.325871427801,-104.598522862,1.589999999999
    ));
#5727 = CARTESIAN_POINT('',(0.324037057733,-104.5985058625,
    1.590000000001));
#5728 = CARTESIAN_POINT('',(0.322202691463,-104.5984879684,
    1.589999999999));
#5729 = CARTESIAN_POINT('',(0.320368329275,-104.5984691795,
    1.590000000001));
#5730 = CARTESIAN_POINT('',(0.318533971854,-104.5984494959,
    1.589999999999));
#5731 = CARTESIAN_POINT('',(0.316699619581,-104.5984289175,1.59));
#5732 = CARTESIAN_POINT('',(0.314865273028,-104.5984074443,1.59));
#5733 = CARTESIAN_POINT('',(0.313030932668,-104.5983850764,1.59));
#5734 = CARTESIAN_POINT('',(0.307527931712,-104.5983152883,1.59));
#5735 = CARTESIAN_POINT('',(0.303859291243,-104.5982651838,1.59));
#5736 = CARTESIAN_POINT('',(0.300190681635,-104.5982115003,1.59));
#5737 = CARTESIAN_POINT('',(0.296522106877,-104.5981542377,
    1.590000000001));
#5738 = CARTESIAN_POINT('',(0.292853571035,-104.598093396,1.589999999999
    ));
#5739 = CARTESIAN_POINT('',(0.28918507804,-104.5980289753,1.590000000001
    ));
#5740 = CARTESIAN_POINT('',(0.28551663202,-104.5979609757,1.589999999999
    ));
#5741 = CARTESIAN_POINT('',(0.281848236864,-104.597889397,1.590000000001
    ));
#5742 = CARTESIAN_POINT('',(0.278179896704,-104.5978142395,
    1.589999999999));
#5743 = CARTESIAN_POINT('',(0.274511615463,-104.597735503,1.59));
#5744 = CARTESIAN_POINT('',(0.270843397216,-104.5976531876,1.59));
#5745 = CARTESIAN_POINT('',(0.267175245946,-104.5975672933,1.59));
#5746 = CARTESIAN_POINT('',(0.263507165681,-104.5974778201,1.59));
#5747 = CARTESIAN_POINT('',(0.252503149935,-104.5971986642,1.59));
#5748 = CARTESIAN_POINT('',(0.245167439751,-104.5969982441,1.59));
#5749 = CARTESIAN_POINT('',(0.237832061755,-104.596783509,1.59));
#5750 = CARTESIAN_POINT('',(0.230497047792,-104.5965544595,
    1.589999999999));
#5751 = CARTESIAN_POINT('',(0.223162429778,-104.5963110966,
    1.590000000001));
#5752 = CARTESIAN_POINT('',(0.21582823949,-104.5960534212,1.589999999998
    ));
#5753 = CARTESIAN_POINT('',(0.208494508928,-104.5957814341,
    1.590000000002));
#5754 = CARTESIAN_POINT('',(0.201161269792,-104.5954951362,
    1.589999999998));
#5755 = CARTESIAN_POINT('',(0.193828554124,-104.5951945284,
    1.590000000002));
#5756 = CARTESIAN_POINT('',(0.186496393637,-104.5948796116,
    1.589999999999));
#5757 = CARTESIAN_POINT('',(0.179164820309,-104.5945503866,1.59));
#5758 = CARTESIAN_POINT('',(0.171833865941,-104.5942068543,1.59));
#5759 = CARTESIAN_POINT('',(0.164503562431,-104.5938490157,1.59));
#5760 = CARTESIAN_POINT('',(0.14251470004,-104.592732583,1.59));
#5761 = CARTESIAN_POINT('',(0.127858193106,-104.5919310622,1.59));
#5762 = CARTESIAN_POINT('',(0.113204671865,-104.5910723265,1.59));
#5763 = CARTESIAN_POINT('',(9.855438735225E-02,-104.5901563938,1.59));
#5764 = CARTESIAN_POINT('',(8.390759060343E-02,-104.5891832818,1.59));
#5765 = CARTESIAN_POINT('',(6.926453264859E-02,-104.588153008,1.59));
#5766 = CARTESIAN_POINT('',(5.462546453098E-02,-104.5870655902,
    1.590000000001));
#5767 = CARTESIAN_POINT('',(3.999063727402E-02,-104.5859210461,1.59));
#5768 = CARTESIAN_POINT('',(2.536030192287E-02,-104.5847193933,1.59));
#5769 = CARTESIAN_POINT('',(1.073470950499E-02,-104.5834606496,1.59));
#5770 = CARTESIAN_POINT('',(-3.885888942128E-03,-104.5821448326,1.59));
#5771 = CARTESIAN_POINT('',(-1.850124238386E-02,-104.58077196,1.59));
#5772 = CARTESIAN_POINT('',(-3.311109978667E-02,-104.5793420494,1.59));
#5773 = CARTESIAN_POINT('',(-7.692343077197E-02,-104.5748812572,1.59));
#5774 = CARTESIAN_POINT('',(-0.106108606661,-104.5716791661,1.59));
#5775 = CARTESIAN_POINT('',(-0.135268788348,-104.5682491445,1.59));
#5776 = CARTESIAN_POINT('',(-0.164402026422,-104.5645914916,
    1.589999999999));
#5777 = CARTESIAN_POINT('',(-0.193506371422,-104.5607065068,
    1.590000000001));
#5778 = CARTESIAN_POINT('',(-0.222579873976,-104.5565944893,
    1.589999999998));
#5779 = CARTESIAN_POINT('',(-0.251620584578,-104.5522557382,
    1.590000000002));
#5780 = CARTESIAN_POINT('',(-0.280626553891,-104.5476905528,
    1.589999999998));
#5781 = CARTESIAN_POINT('',(-0.309595832398,-104.5428992324,
    1.590000000001));
#5782 = CARTESIAN_POINT('',(-0.338526470747,-104.5378820761,
    1.589999999999));
#5783 = CARTESIAN_POINT('',(-0.367416519456,-104.5326393833,1.59));
#5784 = CARTESIAN_POINT('',(-0.396264029129,-104.527171453,1.59));
#5785 = CARTESIAN_POINT('',(-0.425067050324,-104.5214785847,1.59));
#5786 = CARTESIAN_POINT('',(-0.511336800204,-104.5037260628,1.59));
#5787 = CARTESIAN_POINT('',(-0.568664518221,-104.4909932605,1.59));
#5788 = CARTESIAN_POINT('',(-0.625791493585,-104.4773658856,1.59));
#5789 = CARTESIAN_POINT('',(-0.682702538099,-104.4628474157,1.59));
#5790 = CARTESIAN_POINT('',(-0.739382569475,-104.4474415901,1.59));
#5791 = CARTESIAN_POINT('',(-0.795816611291,-104.4311524107,1.59));
#5792 = CARTESIAN_POINT('',(-0.851989793059,-104.4139841414,1.59));
#5793 = CARTESIAN_POINT('',(-0.90788735013,-104.3959413084,1.59));
#5794 = CARTESIAN_POINT('',(-0.963494623812,-104.3770286997,1.59));
#5795 = CARTESIAN_POINT('',(-1.018797061244,-104.357251366,1.59));
#5796 = CARTESIAN_POINT('',(-1.073780215507,-104.3366146197,1.59));
#5797 = CARTESIAN_POINT('',(-1.128429745545,-104.3151240358,1.59));
#5798 = CARTESIAN_POINT('',(-1.182731416212,-104.292785451,1.59));
#5799 = CARTESIAN_POINT('',(-1.344550462314,-104.2232439919,1.59));
#5800 = CARTESIAN_POINT('',(-1.450983710062,-104.1735147573,1.59));
#5801 = CARTESIAN_POINT('',(-1.555856172302,-104.1204663662,1.59));
#5802 = CARTESIAN_POINT('',(-1.659055583537,-104.0641518203,1.59));
#5803 = CARTESIAN_POINT('',(-1.760472081952,-104.0046280183,1.59));
#5804 = CARTESIAN_POINT('',(-1.859998209416,-103.9419557556,1.59));
#5805 = CARTESIAN_POINT('',(-1.957528911493,-103.876199724,
    1.590000000001));
#5806 = CARTESIAN_POINT('',(-2.052961537412,-103.8074285125,
    1.589999999999));
#5807 = CARTESIAN_POINT('',(-2.146195840117,-103.7357146062,1.59));
#5808 = CARTESIAN_POINT('',(-2.237133976205,-103.6611343874,1.59));
#5809 = CARTESIAN_POINT('',(-2.325680505987,-103.5837681349,1.59));
#5810 = CARTESIAN_POINT('',(-2.411742393438,-103.5037000241,1.59));
#5811 = CARTESIAN_POINT('',(-2.495229006231,-103.4210181273,1.59));
#5812 = CARTESIAN_POINT('',(-2.727200926505,-103.1764733521,1.59));
#5813 = CARTESIAN_POINT('',(-2.869047453753,-103.0083865346,1.59));
#5814 = CARTESIAN_POINT('',(-3.001010083443,-102.8317870548,1.59));
#5815 = CARTESIAN_POINT('',(-3.122588336248,-102.6478854972,
    1.589999999999));
#5816 = CARTESIAN_POINT('',(-3.233329364909,-102.4571445698,
    1.590000000002));
#5817 = CARTESIAN_POINT('',(-3.332786057277,-102.2599035277,
    1.589999999998));
#5818 = CARTESIAN_POINT('',(-3.420531596545,-102.0570055617,
    1.590000000003));
#5819 = CARTESIAN_POINT('',(-3.496217384969,-101.849668761,
    1.589999999997));
#5820 = CARTESIAN_POINT('',(-3.559621496618,-101.6388596601,
    1.590000000002));
#5821 = CARTESIAN_POINT('',(-3.610633287996,-101.4248777578,
    1.589999999999));
#5822 = CARTESIAN_POINT('',(-3.649156462311,-101.2077397369,
    1.590000000001));
#5823 = CARTESIAN_POINT('',(-3.674987755085,-100.9882634346,1.59));
#5824 = CARTESIAN_POINT('',(-3.687841483733,-100.7684938934,1.59));
#5825 = CARTESIAN_POINT('',(-3.687841483733,-100.5482870863,1.59));
#5826 = CYLINDRICAL_SURFACE('',#5827,4.050400398076);
#5827 = AXIS2_PLACEMENT_3D('',#5828,#5829,#5830);
#5828 = CARTESIAN_POINT('',(0.362558914343,-100.5482870863,0.89));
#5829 = DIRECTION('',(-0.,-0.,-1.));
#5830 = DIRECTION('',(1.,0.,0.));
#5831 = ADVANCED_FACE('',(#5832),#5862,.F.);
#5832 = FACE_BOUND('',#5833,.T.);
#5833 = EDGE_LOOP('',(#5834,#5835,#5836,#5844));
#5834 = ORIENTED_EDGE('',*,*,#5642,.F.);
#5835 = ORIENTED_EDGE('',*,*,#4387,.F.);
#5836 = ORIENTED_EDGE('',*,*,#5837,.T.);
#5837 = EDGE_CURVE('',#4380,#5838,#5840,.T.);
#5838 = VERTEX_POINT('',#5839);
#5839 = CARTESIAN_POINT('',(0.283997796243,-9.105395783792,1.59));
#5840 = LINE('',#5841,#5842);
#5841 = CARTESIAN_POINT('',(0.283997796243,-9.105395783792,0.89));
#5842 = VECTOR('',#5843,1.);
#5843 = DIRECTION('',(0.,0.,1.));
#5844 = ORIENTED_EDGE('',*,*,#5845,.F.);
#5845 = EDGE_CURVE('',#5643,#5838,#5846,.T.);
#5846 = ( BOUNDED_CURVE() B_SPLINE_CURVE(14,(#5847,#5848,#5849,#5850,
    #5851,#5852,#5853,#5854,#5855,#5856,#5857,#5858,#5859,#5860,#5861),
.UNSPECIFIED.,.F.,.F.) B_SPLINE_CURVE_WITH_KNOTS((15,15),(
93.825932240326,100.06276614098),.PIECEWISE_BEZIER_KNOTS.) CURVE() 
GEOMETRIC_REPRESENTATION_ITEM() RATIONAL_B_SPLINE_CURVE((1.,
    0.999999999999,1.000000000002,0.999999999993,1.000000000014,
    0.999999999977,1.000000000031,0.999999999967,1.000000000029,
    0.99999999998,1.000000000012,0.999999999995,1.000000000002,1.,1.)) 
REPRESENTATION_ITEM('') );
#5847 = CARTESIAN_POINT('',(-3.687841483733,-13.07723506376,1.59));
#5848 = CARTESIAN_POINT('',(-3.687841483733,-12.63058783468,1.59));
#5849 = CARTESIAN_POINT('',(-3.633913351123,-12.18600472565,1.59));
#5850 = CARTESIAN_POINT('',(-3.524866621683,-11.73786256544,1.59));
#5851 = CARTESIAN_POINT('',(-3.367746574314,-11.35396629362,1.59));
#5852 = CARTESIAN_POINT('',(-3.156277737032,-10.86480282219,1.59));
#5853 = CARTESIAN_POINT('',(-2.88589252332,-10.61363560653,
    1.589999999999));
#5854 = CARTESIAN_POINT('',(-2.611650538742,-10.13326143341,
    1.590000000001));
#5855 = CARTESIAN_POINT('',(-2.222962945714,-9.949582184016,
    1.589999999999));
#5856 = CARTESIAN_POINT('',(-1.903726497022,-9.610165043429,
    1.590000000001));
#5857 = CARTESIAN_POINT('',(-1.445956527462,-9.437480666983,1.59));
#5858 = CARTESIAN_POINT('',(-1.058056072719,-9.266176056851,1.59));
#5859 = CARTESIAN_POINT('',(-0.60779992573,-9.15976632913,1.59));
#5860 = CARTESIAN_POINT('',(-0.163318161255,-9.105395783792,1.59));
#5861 = CARTESIAN_POINT('',(0.283997796243,-9.105395783792,1.59));
#5862 = CYLINDRICAL_SURFACE('',#5863,3.971839279976);
#5863 = AXIS2_PLACEMENT_3D('',#5864,#5865,#5866);
#5864 = CARTESIAN_POINT('',(0.283997796243,-13.07723506376,0.89));
#5865 = DIRECTION('',(-0.,-0.,-1.));
#5866 = DIRECTION('',(1.,0.,0.));
#5867 = ADVANCED_FACE('',(#5868),#5896,.F.);
#5868 = FACE_BOUND('',#5869,.F.);
#5869 = EDGE_LOOP('',(#5870,#5871,#5872,#5880));
#5870 = ORIENTED_EDGE('',*,*,#5682,.F.);
#5871 = ORIENTED_EDGE('',*,*,#4345,.F.);
#5872 = ORIENTED_EDGE('',*,*,#5873,.T.);
#5873 = EDGE_CURVE('',#4346,#5874,#5876,.T.);
#5874 = VERTEX_POINT('',#5875);
#5875 = CARTESIAN_POINT('',(88.3259,-104.5986874844,1.59));
#5876 = LINE('',#5877,#5878);
#5877 = CARTESIAN_POINT('',(88.3259,-104.5986874844,0.89));
#5878 = VECTOR('',#5879,1.);
#5879 = DIRECTION('',(0.,0.,1.));
#5880 = ORIENTED_EDGE('',*,*,#5881,.T.);
#5881 = EDGE_CURVE('',#5874,#5683,#5882,.T.);
#5882 = ( BOUNDED_CURVE() B_SPLINE_CURVE(12,(#5883,#5884,#5885,#5886,
    #5887,#5888,#5889,#5890,#5891,#5892,#5893,#5894,#5895),
.UNSPECIFIED.,.F.,.F.) B_SPLINE_CURVE_WITH_KNOTS((13,13),(
287.90668440042,375.87934300912),.PIECEWISE_BEZIER_KNOTS.) CURVE() 
GEOMETRIC_REPRESENTATION_ITEM() RATIONAL_B_SPLINE_CURVE((1.,1.,1.,
    0.999999999999,1.000000000002,0.999999999998,1.000000000002,
0.999999999998,1.000000000001,1.,1.,1.,1.)) REPRESENTATION_ITEM('') );
#5883 = CARTESIAN_POINT('',(88.3259,-104.5986874844,1.59));
#5884 = CARTESIAN_POINT('',(80.973899545685,-104.5986874844,1.59));
#5885 = CARTESIAN_POINT('',(73.700056622758,-104.5986874844,1.59));
#5886 = CARTESIAN_POINT('',(66.306052431015,-104.5986874844,1.59));
#5887 = CARTESIAN_POINT('',(59.026226583894,-104.5986874844,1.59));
#5888 = CARTESIAN_POINT('',(51.658516826023,-104.5986874844,1.59));
#5889 = CARTESIAN_POINT('',(44.354729936155,-104.5986874844,1.59));
#5890 = CARTESIAN_POINT('',(37.0083117431,-104.5986874844,1.59));
#5891 = CARTESIAN_POINT('',(29.685947287438,-104.5986874844,1.59));
#5892 = CARTESIAN_POINT('',(22.352778316962,-104.5986874844,1.59));
#5893 = CARTESIAN_POINT('',(15.023202327456,-104.5986874844,1.59));
#5894 = CARTESIAN_POINT('',(7.692837338146,-104.5986874844,1.59));
#5895 = CARTESIAN_POINT('',(0.362558914343,-104.5986874844,1.59));
#5896 = PLANE('',#5897);
#5897 = AXIS2_PLACEMENT_3D('',#5898,#5899,#5900);
#5898 = CARTESIAN_POINT('',(88.3259,-104.5986874844,0.89));
#5899 = DIRECTION('',(0.,-1.,0.));
#5900 = DIRECTION('',(-1.,0.,0.));
#5901 = ADVANCED_FACE('',(#5902),#5930,.F.);
#5902 = FACE_BOUND('',#5903,.F.);
#5903 = EDGE_LOOP('',(#5904,#5912,#5913,#5914));
#5904 = ORIENTED_EDGE('',*,*,#5905,.F.);
#5905 = EDGE_CURVE('',#4371,#5906,#5908,.T.);
#5906 = VERTEX_POINT('',#5907);
#5907 = CARTESIAN_POINT('',(88.390754315784,-9.105395783792,1.59));
#5908 = LINE('',#5909,#5910);
#5909 = CARTESIAN_POINT('',(88.390754315784,-9.105395783792,0.89));
#5910 = VECTOR('',#5911,1.);
#5911 = DIRECTION('',(0.,0.,1.));
#5912 = ORIENTED_EDGE('',*,*,#4379,.F.);
#5913 = ORIENTED_EDGE('',*,*,#5837,.T.);
#5914 = ORIENTED_EDGE('',*,*,#5915,.T.);
#5915 = EDGE_CURVE('',#5838,#5906,#5916,.T.);
#5916 = ( BOUNDED_CURVE() B_SPLINE_CURVE(12,(#5917,#5918,#5919,#5920,
    #5921,#5922,#5923,#5924,#5925,#5926,#5927,#5928,#5929),
.UNSPECIFIED.,.F.,.F.) B_SPLINE_CURVE_WITH_KNOTS((13,13),(
100.06276614098,188.16227017969),.PIECEWISE_BEZIER_KNOTS.) CURVE() 
GEOMETRIC_REPRESENTATION_ITEM() RATIONAL_B_SPLINE_CURVE((1.,1.,1.,1.,1.,
    0.999999999999,1.000000000001,0.999999999999,1.000000000001,1.,1.,1.
,1.)) REPRESENTATION_ITEM('') );
#5917 = CARTESIAN_POINT('',(0.283997796243,-9.105395783792,1.59));
#5918 = CARTESIAN_POINT('',(7.655745556503,-9.105395783792,1.59));
#5919 = CARTESIAN_POINT('',(14.923227235863,-9.105395783792,1.59));
#5920 = CARTESIAN_POINT('',(22.349226954783,-9.105395783792,1.59));
#5921 = CARTESIAN_POINT('',(29.624790230337,-9.105395783792,1.59));
#5922 = CARTESIAN_POINT('',(37.016060351342,-9.105395783792,1.59));
#5923 = CARTESIAN_POINT('',(44.323980318292,-9.105395783792,1.59));
#5924 = CARTESIAN_POINT('',(51.686327412068,-9.105395783792,1.59));
#5925 = CARTESIAN_POINT('',(59.019764609641,-9.105395783792,1.59));
#5926 = CARTESIAN_POINT('',(66.363927206862,-9.105395783792,1.59));
#5927 = CARTESIAN_POINT('',(73.707886280858,-9.105395783792,1.59));
#5928 = CARTESIAN_POINT('',(81.048225808936,-9.105395783792,1.59));
#5929 = CARTESIAN_POINT('',(88.390754315784,-9.105395783792,1.59));
#5930 = PLANE('',#5931);
#5931 = AXIS2_PLACEMENT_3D('',#5932,#5933,#5934);
#5932 = CARTESIAN_POINT('',(0.283997796243,-9.105395783792,0.89));
#5933 = DIRECTION('',(0.,1.,0.));
#5934 = DIRECTION('',(1.,0.,0.));
#5935 = ADVANCED_FACE('',(#5936),#5966,.F.);
#5936 = FACE_BOUND('',#5937,.T.);
#5937 = EDGE_LOOP('',(#5938,#5946,#5947,#5948));
#5938 = ORIENTED_EDGE('',*,*,#5939,.F.);
#5939 = EDGE_CURVE('',#4354,#5940,#5942,.T.);
#5940 = VERTEX_POINT('',#5941);
#5941 = CARTESIAN_POINT('',(92.075587484448,-100.849,1.59));
#5942 = LINE('',#5943,#5944);
#5943 = CARTESIAN_POINT('',(92.075587484448,-100.849,0.89));
#5944 = VECTOR('',#5945,1.);
#5945 = DIRECTION('',(0.,0.,1.));
#5946 = ORIENTED_EDGE('',*,*,#4353,.F.);
#5947 = ORIENTED_EDGE('',*,*,#5873,.T.);
#5948 = ORIENTED_EDGE('',*,*,#5949,.F.);
#5949 = EDGE_CURVE('',#5940,#5874,#5950,.T.);
#5950 = ( BOUNDED_CURVE() B_SPLINE_CURVE(14,(#5951,#5952,#5953,#5954,
    #5955,#5956,#5957,#5958,#5959,#5960,#5961,#5962,#5963,#5964,#5965),
.UNSPECIFIED.,.F.,.F.) B_SPLINE_CURVE_WITH_KNOTS((15,15),(
282.01751254974,287.90668440042),.PIECEWISE_BEZIER_KNOTS.) CURVE() 
GEOMETRIC_REPRESENTATION_ITEM() RATIONAL_B_SPLINE_CURVE((1.,1.,1.,
    0.999999999999,1.000000000001,0.999999999998,1.000000000001,
0.999999999999,1.,1.,1.,1.,1.,1.,1.)) REPRESENTATION_ITEM('') );
#5951 = CARTESIAN_POINT('',(92.075587484448,-100.849,1.59));
#5952 = CARTESIAN_POINT('',(92.075587484448,-101.2710983591,1.59));
#5953 = CARTESIAN_POINT('',(92.024412297449,-101.6906505584,1.59));
#5954 = CARTESIAN_POINT('',(91.923024771371,-102.1158200145,1.59));
#5955 = CARTESIAN_POINT('',(91.765858600409,-102.4781696133,1.59));
#5956 = CARTESIAN_POINT('',(91.591413217853,-102.9247057672,
    1.589999999999));
#5957 = CARTESIAN_POINT('',(91.289694302193,-103.1995205086,
    1.590000000001));
#5958 = CARTESIAN_POINT('',(91.09421534542,-103.5993874889,
    1.589999999999));
#5959 = CARTESIAN_POINT('',(90.659967944813,-103.828243255,
    1.590000000001));
#5960 = CARTESIAN_POINT('',(90.411494089526,-104.1045840776,
    1.589999999999));
#5961 = CARTESIAN_POINT('',(89.952183990333,-104.2934474272,1.59));
#5962 = CARTESIAN_POINT('',(89.591854339211,-104.4452859259,1.59));
#5963 = CARTESIAN_POINT('',(89.167337298169,-104.5476779196,1.59));
#5964 = CARTESIAN_POINT('',(88.747756986736,-104.5986874844,1.59));
#5965 = CARTESIAN_POINT('',(88.3259,-104.5986874844,1.59));
#5966 = CYLINDRICAL_SURFACE('',#5967,3.749687484448);
#5967 = AXIS2_PLACEMENT_3D('',#5968,#5969,#5970);
#5968 = CARTESIAN_POINT('',(88.3259,-100.849,0.89));
#5969 = DIRECTION('',(-0.,-0.,-1.));
#5970 = DIRECTION('',(1.,0.,0.));
#5971 = ADVANCED_FACE('',(#5972),#6013,.F.);
#5972 = FACE_BOUND('',#5973,.T.);
#5973 = EDGE_LOOP('',(#5974,#5975,#5976,#5984));
#5974 = ORIENTED_EDGE('',*,*,#5905,.F.);
#5975 = ORIENTED_EDGE('',*,*,#4370,.F.);
#5976 = ORIENTED_EDGE('',*,*,#5977,.T.);
#5977 = EDGE_CURVE('',#4363,#5978,#5980,.T.);
#5978 = VERTEX_POINT('',#5979);
#5979 = CARTESIAN_POINT('',(92.075587484448,-12.79022895245,1.59));
#5980 = LINE('',#5981,#5982);
#5981 = CARTESIAN_POINT('',(92.075587484448,-12.79022895245,0.89));
#5982 = VECTOR('',#5983,1.);
#5983 = DIRECTION('',(0.,0.,1.));
#5984 = ORIENTED_EDGE('',*,*,#5985,.F.);
#5985 = EDGE_CURVE('',#5906,#5978,#5986,.T.);
#5986 = ( BOUNDED_CURVE() B_SPLINE_CURVE(9,(#5987,#5988,#5989,#5990,
    #5991,#5992,#5993,#5994,#5995,#5996,#5997,#5998,#5999,#6000,#6001,
    #6002,#6003,#6004,#6005,#6006,#6007,#6008,#6009,#6010,#6011,#6012),
.UNSPECIFIED.,.F.,.F.) B_SPLINE_CURVE_WITH_KNOTS((10,8,8,10),(
    188.16227017969,188.68901200257,191.12938589847,193.94996958269),
.UNSPECIFIED.) CURVE() GEOMETRIC_REPRESENTATION_ITEM() 
RATIONAL_B_SPLINE_CURVE((1.,1.,1.,1.,1.,1.,1.,1.,1.,1.,1.,1.,1.,1.,1.,1.
,1.,1.,1.,1.,1.,1.,1.,1.,1.,1.)) REPRESENTATION_ITEM('') );
#5987 = CARTESIAN_POINT('',(88.390754315784,-9.105395783792,1.59));
#5988 = CARTESIAN_POINT('',(88.449288384998,-9.105395783792,1.59));
#5989 = CARTESIAN_POINT('',(88.50782009493,-9.10644189609,1.59));
#5990 = CARTESIAN_POINT('',(88.566319967301,-9.108533700172,1.59));
#5991 = CARTESIAN_POINT('',(88.624775393901,-9.111670206947,1.59));
#5992 = CARTESIAN_POINT('',(88.683172625106,-9.115850894811,1.59));
#5993 = CARTESIAN_POINT('',(88.741490499982,-9.121074986959,1.59));
#5994 = CARTESIAN_POINT('',(88.799702255147,-9.127340344299,1.59));
#5995 = CARTESIAN_POINT('',(88.857781749493,-9.134643348294,1.59));
#5996 = CARTESIAN_POINT('',(89.184091767838,-9.181609842576,1.59));
#5997 = CARTESIAN_POINT('',(89.449152714342,-9.242428443766,1.59));
#5998 = CARTESIAN_POINT('',(89.709008750152,-9.325165171301,1.59));
#5999 = CARTESIAN_POINT('',(89.961590651744,-9.429307853731,1.59));
#6000 = CARTESIAN_POINT('',(90.204819633188,-9.554096889705,1.59));
#6001 = CARTESIAN_POINT('',(90.436727916453,-9.698534992183,1.59));
#6002 = CARTESIAN_POINT('',(90.655524742218,-9.861413715694,1.59));
#6003 = CARTESIAN_POINT('',(90.859607821156,-10.04135676659,1.59));
#6004 = CARTESIAN_POINT('',(91.26470934712,-10.46286592375,1.59));
#6005 = CARTESIAN_POINT('',(91.46029074913,-10.70945509294,1.59));
#6006 = CARTESIAN_POINT('',(91.631889453784,-10.97574405956,1.59));
#6007 = CARTESIAN_POINT('',(91.777716320243,-11.25344541729,1.59));
#6008 = CARTESIAN_POINT('',(91.896215737184,-11.5529959242,1.59));
#6009 = CARTESIAN_POINT('',(91.98486354658,-11.84974977252,1.59));
#6010 = CARTESIAN_POINT('',(92.045516803088,-12.16261773759,1.59));
#6011 = CARTESIAN_POINT('',(92.075587484448,-12.47589967974,1.59));
#6012 = CARTESIAN_POINT('',(92.075587484448,-12.79022895245,1.59));
#6013 = CYLINDRICAL_SURFACE('',#6014,3.684833168663);
#6014 = AXIS2_PLACEMENT_3D('',#6015,#6016,#6017);
#6015 = CARTESIAN_POINT('',(88.390754315784,-12.79022895245,0.89));
#6016 = DIRECTION('',(-0.,-0.,-1.));
#6017 = DIRECTION('',(1.,0.,0.));
#6018 = ADVANCED_FACE('',(#6019),#6039,.F.);
#6019 = FACE_BOUND('',#6020,.F.);
#6020 = EDGE_LOOP('',(#6021,#6022,#6023,#6024));
#6021 = ORIENTED_EDGE('',*,*,#5939,.F.);
#6022 = ORIENTED_EDGE('',*,*,#4362,.F.);
#6023 = ORIENTED_EDGE('',*,*,#5977,.T.);
#6024 = ORIENTED_EDGE('',*,*,#6025,.T.);
#6025 = EDGE_CURVE('',#5978,#5940,#6026,.T.);
#6026 = ( BOUNDED_CURVE() B_SPLINE_CURVE(11,(#6027,#6028,#6029,#6030,
    #6031,#6032,#6033,#6034,#6035,#6036,#6037,#6038),.UNSPECIFIED.,.F.,
.F.) B_SPLINE_CURVE_WITH_KNOTS((12,12),(193.94996958269,282.01751254974)
,.PIECEWISE_BEZIER_KNOTS.) CURVE() GEOMETRIC_REPRESENTATION_ITEM() 
RATIONAL_B_SPLINE_CURVE((1.,1.,1.,1.,1.,1.,1.,1.,1.,1.,1.,1.)) 
REPRESENTATION_ITEM('') );
#6027 = CARTESIAN_POINT('',(92.075587484448,-12.79022895245,1.59));
#6028 = CARTESIAN_POINT('',(92.075587484448,-20.82015494273,1.59));
#6029 = CARTESIAN_POINT('',(92.075587484448,-28.75295968285,1.59));
#6030 = CARTESIAN_POINT('',(92.075587484448,-36.86194030931,1.59));
#6031 = CARTESIAN_POINT('',(92.075587484448,-44.75250633818,1.59));
#6032 = CARTESIAN_POINT('',(92.075587484448,-52.88022141841,1.59));
#6033 = CARTESIAN_POINT('',(92.075587484448,-60.7571480773,1.59));
#6034 = CARTESIAN_POINT('',(92.075587484448,-68.8916132315,1.59));
#6035 = CARTESIAN_POINT('',(92.075587484448,-76.77063961041,1.59));
#6036 = CARTESIAN_POINT('',(92.075587484448,-84.89237280775,1.59));
#6037 = CARTESIAN_POINT('',(92.075587484448,-92.81539143993,1.59));
#6038 = CARTESIAN_POINT('',(92.075587484448,-100.849,1.59));
#6039 = PLANE('',#6040);
#6040 = AXIS2_PLACEMENT_3D('',#6041,#6042,#6043);
#6041 = CARTESIAN_POINT('',(92.075587484448,-12.79022895245,0.89));
#6042 = DIRECTION('',(1.,0.,0.));
#6043 = DIRECTION('',(0.,-1.,0.));
#6044 = ADVANCED_FACE('',(#6045),#6069,.F.);
#6045 = FACE_BOUND('',#6046,.F.);
#6046 = EDGE_LOOP('',(#6047,#6055,#6056,#6064));
#6047 = ORIENTED_EDGE('',*,*,#6048,.T.);
#6048 = EDGE_CURVE('',#6049,#4397,#6051,.T.);
#6049 = VERTEX_POINT('',#6050);
#6050 = CARTESIAN_POINT('',(28.235159683228,-79.60060405731,-2.09));
#6051 = LINE('',#6052,#6053);
#6052 = CARTESIAN_POINT('',(28.235159683228,-79.60060405731,-8.));
#6053 = VECTOR('',#6054,1.);
#6054 = DIRECTION('',(0.,0.,1.));
#6055 = ORIENTED_EDGE('',*,*,#4396,.T.);
#6056 = ORIENTED_EDGE('',*,*,#6057,.T.);
#6057 = EDGE_CURVE('',#4399,#6058,#6060,.T.);
#6058 = VERTEX_POINT('',#6059);
#6059 = CARTESIAN_POINT('',(27.475440216064,-77.76104011535,-2.09));
#6060 = LINE('',#6061,#6062);
#6061 = CARTESIAN_POINT('',(27.475440216064,-77.76104011535,
    20.824000549316));
#6062 = VECTOR('',#6063,1.);
#6063 = DIRECTION('',(0.,0.,-1.));
#6064 = ORIENTED_EDGE('',*,*,#6065,.F.);
#6065 = EDGE_CURVE('',#6049,#6058,#6066,.T.);
#6066 = B_SPLINE_CURVE_WITH_KNOTS('',1,(#6067,#6068),.UNSPECIFIED.,.F.,
  .F.,(2,2),(0.,1.),.PIECEWISE_BEZIER_KNOTS.);
#6067 = CARTESIAN_POINT('',(28.235159683228,-79.60060405731,-2.09));
#6068 = CARTESIAN_POINT('',(27.475440216064,-77.76104011535,-2.09));
#6069 = PLANE('',#6070);
#6070 = AXIS2_PLACEMENT_3D('',#6071,#6072,#6073);
#6071 = CARTESIAN_POINT('',(27.855299949646,-78.68082208633,
    6.412000274658));
#6072 = DIRECTION('',(-0.924279228854,-0.381717051112,-0.));
#6073 = DIRECTION('',(0.381717051112,-0.924279228854,0.));
#6074 = ADVANCED_FACE('',(#6075),#6092,.F.);
#6075 = FACE_BOUND('',#6076,.F.);
#6076 = EDGE_LOOP('',(#6077,#6084,#6090,#6091));
#6077 = ORIENTED_EDGE('',*,*,#6078,.F.);
#6078 = EDGE_CURVE('',#6079,#6049,#6081,.T.);
#6079 = VERTEX_POINT('',#6080);
#6080 = CARTESIAN_POINT('',(29.187359619141,-81.34832000732,-2.09));
#6081 = B_SPLINE_CURVE_WITH_KNOTS('',1,(#6082,#6083),.UNSPECIFIED.,.F.,
  .F.,(2,2),(0.,1.),.PIECEWISE_BEZIER_KNOTS.);
#6082 = CARTESIAN_POINT('',(29.187359619141,-81.34832000732,-2.09));
#6083 = CARTESIAN_POINT('',(28.235159683228,-79.60060405731,-2.09));
#6084 = ORIENTED_EDGE('',*,*,#6085,.T.);
#6085 = EDGE_CURVE('',#6079,#4719,#6086,.T.);
#6086 = LINE('',#6087,#6088);
#6087 = CARTESIAN_POINT('',(29.187359619141,-81.34832000732,-8.));
#6088 = VECTOR('',#6089,1.);
#6089 = DIRECTION('',(0.,0.,1.));
#6090 = ORIENTED_EDGE('',*,*,#4726,.T.);
#6091 = ORIENTED_EDGE('',*,*,#6048,.F.);
#6092 = PLANE('',#6093);
#6093 = AXIS2_PLACEMENT_3D('',#6094,#6095,#6096);
#6094 = CARTESIAN_POINT('',(28.711259651184,-80.47446203231,
    6.412000274658));
#6095 = DIRECTION('',(-0.878127740518,-0.478426244402,-0.));
#6096 = DIRECTION('',(0.478426244402,-0.878127740518,0.));
#6097 = ADVANCED_FACE('',(#6098),#6115,.F.);
#6098 = FACE_BOUND('',#6099,.F.);
#6099 = EDGE_LOOP('',(#6100,#6108,#6113,#6114));
#6100 = ORIENTED_EDGE('',*,*,#6101,.F.);
#6101 = EDGE_CURVE('',#6102,#4407,#6104,.T.);
#6102 = VERTEX_POINT('',#6103);
#6103 = CARTESIAN_POINT('',(26.916840362549,-75.85074796676,-2.09));
#6104 = LINE('',#6105,#6106);
#6105 = CARTESIAN_POINT('',(26.916840362549,-75.85074796676,-8.));
#6106 = VECTOR('',#6107,1.);
#6107 = DIRECTION('',(0.,0.,1.));
#6108 = ORIENTED_EDGE('',*,*,#6109,.F.);
#6109 = EDGE_CURVE('',#6058,#6102,#6110,.T.);
#6110 = B_SPLINE_CURVE_WITH_KNOTS('',1,(#6111,#6112),.UNSPECIFIED.,.F.,
  .F.,(2,2),(0.,1.),.PIECEWISE_BEZIER_KNOTS.);
#6111 = CARTESIAN_POINT('',(27.475440216064,-77.76104011535,-2.09));
#6112 = CARTESIAN_POINT('',(26.916840362549,-75.85074796676,-2.09));
#6113 = ORIENTED_EDGE('',*,*,#6057,.F.);
#6114 = ORIENTED_EDGE('',*,*,#4406,.T.);
#6115 = PLANE('',#6116);
#6116 = AXIS2_PLACEMENT_3D('',#6117,#6118,#6119);
#6117 = CARTESIAN_POINT('',(27.196140289307,-76.80589404106,
    6.412000274658));
#6118 = DIRECTION('',(-0.959806464521,-0.280662699096,-0.));
#6119 = DIRECTION('',(0.280662699096,-0.959806464521,0.));
#6120 = ADVANCED_FACE('',(#6121),#6138,.F.);
#6121 = FACE_BOUND('',#6122,.F.);
#6122 = EDGE_LOOP('',(#6123,#6124,#6131,#6137));
#6123 = ORIENTED_EDGE('',*,*,#6085,.F.);
#6124 = ORIENTED_EDGE('',*,*,#6125,.F.);
#6125 = EDGE_CURVE('',#6126,#6079,#6128,.T.);
#6126 = VERTEX_POINT('',#6127);
#6127 = CARTESIAN_POINT('',(30.321120071411,-82.98412361145,-2.09));
#6128 = B_SPLINE_CURVE_WITH_KNOTS('',1,(#6129,#6130),.UNSPECIFIED.,.F.,
  .F.,(2,2),(0.,1.),.PIECEWISE_BEZIER_KNOTS.);
#6129 = CARTESIAN_POINT('',(30.321120071411,-82.98412361145,-2.09));
#6130 = CARTESIAN_POINT('',(29.187359619141,-81.34832000732,-2.09));
#6131 = ORIENTED_EDGE('',*,*,#6132,.F.);
#6132 = EDGE_CURVE('',#4711,#6126,#6133,.T.);
#6133 = LINE('',#6134,#6135);
#6134 = CARTESIAN_POINT('',(30.321120071411,-82.98412361145,
    20.824000549316));
#6135 = VECTOR('',#6136,1.);
#6136 = DIRECTION('',(0.,0.,-1.));
#6137 = ORIENTED_EDGE('',*,*,#4718,.T.);
#6138 = PLANE('',#6139);
#6139 = AXIS2_PLACEMENT_3D('',#6140,#6141,#6142);
#6140 = CARTESIAN_POINT('',(29.754239845276,-82.16622180938,
    6.412000274658));
#6141 = DIRECTION('',(-0.821890852562,-0.569645000395,-0.));
#6142 = DIRECTION('',(0.569645000395,-0.821890852562,0.));
#6143 = ADVANCED_FACE('',(#6144),#6161,.F.);
#6144 = FACE_BOUND('',#6145,.F.);
#6145 = EDGE_LOOP('',(#6146,#6147,#6155,#6160));
#6146 = ORIENTED_EDGE('',*,*,#4414,.T.);
#6147 = ORIENTED_EDGE('',*,*,#6148,.T.);
#6148 = EDGE_CURVE('',#4415,#6149,#6151,.T.);
#6149 = VERTEX_POINT('',#6150);
#6150 = CARTESIAN_POINT('',(26.56595993042,-73.8916639328,-2.09));
#6151 = LINE('',#6152,#6153);
#6152 = CARTESIAN_POINT('',(26.56595993042,-73.8916639328,
    20.824000549316));
#6153 = VECTOR('',#6154,1.);
#6154 = DIRECTION('',(0.,0.,-1.));
#6155 = ORIENTED_EDGE('',*,*,#6156,.F.);
#6156 = EDGE_CURVE('',#6102,#6149,#6157,.T.);
#6157 = B_SPLINE_CURVE_WITH_KNOTS('',1,(#6158,#6159),.UNSPECIFIED.,.F.,
  .F.,(2,2),(0.,1.),.PIECEWISE_BEZIER_KNOTS.);
#6158 = CARTESIAN_POINT('',(26.916840362549,-75.85074796676,-2.09));
#6159 = CARTESIAN_POINT('',(26.56595993042,-73.8916639328,-2.09));
#6160 = ORIENTED_EDGE('',*,*,#6101,.T.);
#6161 = PLANE('',#6162);
#6162 = AXIS2_PLACEMENT_3D('',#6163,#6164,#6165);
#6163 = CARTESIAN_POINT('',(26.741400146484,-74.87120594978,
    6.412000274658));
#6164 = DIRECTION('',(-0.984336668566,-0.176298958921,-0.));
#6165 = DIRECTION('',(0.176298958921,-0.984336668566,0.));
#6166 = ADVANCED_FACE('',(#6167),#6184,.F.);
#6167 = FACE_BOUND('',#6168,.F.);
#6168 = EDGE_LOOP('',(#6169,#6177,#6178,#6179));
#6169 = ORIENTED_EDGE('',*,*,#6170,.T.);
#6170 = EDGE_CURVE('',#6171,#4703,#6173,.T.);
#6171 = VERTEX_POINT('',#6172);
#6172 = CARTESIAN_POINT('',(31.623360443115,-84.48920021057,-2.09));
#6173 = LINE('',#6174,#6175);
#6174 = CARTESIAN_POINT('',(31.623360443115,-84.48920021057,-8.));
#6175 = VECTOR('',#6176,1.);
#6176 = DIRECTION('',(0.,0.,1.));
#6177 = ORIENTED_EDGE('',*,*,#4710,.T.);
#6178 = ORIENTED_EDGE('',*,*,#6132,.T.);
#6179 = ORIENTED_EDGE('',*,*,#6180,.F.);
#6180 = EDGE_CURVE('',#6171,#6126,#6181,.T.);
#6181 = B_SPLINE_CURVE_WITH_KNOTS('',1,(#6182,#6183),.UNSPECIFIED.,.F.,
  .F.,(2,2),(0.,1.),.PIECEWISE_BEZIER_KNOTS.);
#6182 = CARTESIAN_POINT('',(31.623360443115,-84.48920021057,-2.09));
#6183 = CARTESIAN_POINT('',(30.321120071411,-82.98412361145,-2.09));
#6184 = PLANE('',#6185);
#6185 = AXIS2_PLACEMENT_3D('',#6186,#6187,#6188);
#6186 = CARTESIAN_POINT('',(30.972240257263,-83.73666191101,
    6.412000274658));
#6187 = DIRECTION('',(-0.756225803491,-0.654310732095,-0.));
#6188 = DIRECTION('',(0.654310732095,-0.756225803491,0.));
#6189 = ADVANCED_FACE('',(#6190),#6207,.F.);
#6190 = FACE_BOUND('',#6191,.F.);
#6191 = EDGE_LOOP('',(#6192,#6193,#6194,#6202));
#6192 = ORIENTED_EDGE('',*,*,#6148,.F.);
#6193 = ORIENTED_EDGE('',*,*,#4422,.T.);
#6194 = ORIENTED_EDGE('',*,*,#6195,.T.);
#6195 = EDGE_CURVE('',#4423,#6196,#6198,.T.);
#6196 = VERTEX_POINT('',#6197);
#6197 = CARTESIAN_POINT('',(26.564640426636,-73.39905200004,-2.09));
#6198 = LINE('',#6199,#6200);
#6199 = CARTESIAN_POINT('',(26.564640426636,-73.39905200004,
    20.824000549316));
#6200 = VECTOR('',#6201,1.);
#6201 = DIRECTION('',(0.,0.,-1.));
#6202 = ORIENTED_EDGE('',*,*,#6203,.F.);
#6203 = EDGE_CURVE('',#6149,#6196,#6204,.T.);
#6204 = B_SPLINE_CURVE_WITH_KNOTS('',1,(#6205,#6206),.UNSPECIFIED.,.F.,
  .F.,(2,2),(0.,1.),.PIECEWISE_BEZIER_KNOTS.);
#6205 = CARTESIAN_POINT('',(26.56595993042,-73.8916639328,-2.09));
#6206 = CARTESIAN_POINT('',(26.564640426636,-73.39905200004,-2.09));
#6207 = PLANE('',#6208);
#6208 = AXIS2_PLACEMENT_3D('',#6209,#6210,#6211);
#6209 = CARTESIAN_POINT('',(26.565300178528,-73.64535796642,
    6.412000274658));
#6210 = DIRECTION('',(-0.999996412606,-2.678577116923E-03,-0.));
#6211 = DIRECTION('',(2.678577116923E-03,-0.999996412606,0.));
#6212 = ADVANCED_FACE('',(#6213),#6230,.F.);
#6213 = FACE_BOUND('',#6214,.F.);
#6214 = EDGE_LOOP('',(#6215,#6222,#6228,#6229));
#6215 = ORIENTED_EDGE('',*,*,#6216,.F.);
#6216 = EDGE_CURVE('',#6217,#6171,#6219,.T.);
#6217 = VERTEX_POINT('',#6218);
#6218 = CARTESIAN_POINT('',(33.079127883911,-85.84639968872,-2.09));
#6219 = B_SPLINE_CURVE_WITH_KNOTS('',1,(#6220,#6221),.UNSPECIFIED.,.F.,
  .F.,(2,2),(0.,1.),.PIECEWISE_BEZIER_KNOTS.);
#6220 = CARTESIAN_POINT('',(33.079127883911,-85.84639968872,-2.09));
#6221 = CARTESIAN_POINT('',(31.623360443115,-84.48920021057,-2.09));
#6222 = ORIENTED_EDGE('',*,*,#6223,.T.);
#6223 = EDGE_CURVE('',#6217,#4695,#6224,.T.);
#6224 = LINE('',#6225,#6226);
#6225 = CARTESIAN_POINT('',(33.079127883911,-85.84639968872,-8.));
#6226 = VECTOR('',#6227,1.);
#6227 = DIRECTION('',(0.,0.,1.));
#6228 = ORIENTED_EDGE('',*,*,#4702,.T.);
#6229 = ORIENTED_EDGE('',*,*,#6170,.F.);
#6230 = PLANE('',#6231);
#6231 = AXIS2_PLACEMENT_3D('',#6232,#6233,#6234);
#6232 = CARTESIAN_POINT('',(32.351244163513,-85.16779994964,
    6.412000274658));
#6233 = DIRECTION('',(-0.681910846128,-0.731435299896,-0.));
#6234 = DIRECTION('',(-0.731435299896,0.681910846128,0.));
#6235 = ADVANCED_FACE('',(#6236),#6253,.F.);
#6236 = FACE_BOUND('',#6237,.F.);
#6237 = EDGE_LOOP('',(#6238,#6239,#6240,#6248));
#6238 = ORIENTED_EDGE('',*,*,#6195,.F.);
#6239 = ORIENTED_EDGE('',*,*,#4430,.T.);
#6240 = ORIENTED_EDGE('',*,*,#6241,.T.);
#6241 = EDGE_CURVE('',#4431,#6242,#6244,.T.);
#6242 = VERTEX_POINT('',#6243);
#6243 = CARTESIAN_POINT('',(26.681399917603,-72.9204919815,-2.09));
#6244 = LINE('',#6245,#6246);
#6245 = CARTESIAN_POINT('',(26.681399917603,-72.9204919815,
    20.824000549316));
#6246 = VECTOR('',#6247,1.);
#6247 = DIRECTION('',(0.,0.,-1.));
#6248 = ORIENTED_EDGE('',*,*,#6249,.F.);
#6249 = EDGE_CURVE('',#6196,#6242,#6250,.T.);
#6250 = B_SPLINE_CURVE_WITH_KNOTS('',1,(#6251,#6252),.UNSPECIFIED.,.F.,
  .F.,(2,2),(0.,1.),.PIECEWISE_BEZIER_KNOTS.);
#6251 = CARTESIAN_POINT('',(26.564640426636,-73.39905200004,-2.09));
#6252 = CARTESIAN_POINT('',(26.681399917603,-72.9204919815,-2.09));
#6253 = PLANE('',#6254);
#6254 = AXIS2_PLACEMENT_3D('',#6255,#6256,#6257);
#6255 = CARTESIAN_POINT('',(26.623020172119,-73.15977199077,
    6.412000274658));
#6256 = DIRECTION('',(-0.971502794626,0.237028099672,0.));
#6257 = DIRECTION('',(-0.237028099672,-0.971502794626,0.));
#6258 = ADVANCED_FACE('',(#6259),#6276,.F.);
#6259 = FACE_BOUND('',#6260,.F.);
#6260 = EDGE_LOOP('',(#6261,#6268,#6274,#6275));
#6261 = ORIENTED_EDGE('',*,*,#6262,.F.);
#6262 = EDGE_CURVE('',#6263,#6217,#6265,.T.);
#6263 = VERTEX_POINT('',#6264);
#6264 = CARTESIAN_POINT('',(34.671756362915,-87.0400402069,-2.09));
#6265 = B_SPLINE_CURVE_WITH_KNOTS('',1,(#6266,#6267),.UNSPECIFIED.,.F.,
  .F.,(2,2),(0.,1.),.PIECEWISE_BEZIER_KNOTS.);
#6266 = CARTESIAN_POINT('',(34.671756362915,-87.0400402069,-2.09));
#6267 = CARTESIAN_POINT('',(33.079127883911,-85.84639968872,-2.09));
#6268 = ORIENTED_EDGE('',*,*,#6269,.T.);
#6269 = EDGE_CURVE('',#6263,#4687,#6270,.T.);
#6270 = LINE('',#6271,#6272);
#6271 = CARTESIAN_POINT('',(34.671756362915,-87.0400402069,-8.));
#6272 = VECTOR('',#6273,1.);
#6273 = DIRECTION('',(0.,0.,1.));
#6274 = ORIENTED_EDGE('',*,*,#4694,.T.);
#6275 = ORIENTED_EDGE('',*,*,#6223,.F.);
#6276 = PLANE('',#6277);
#6277 = AXIS2_PLACEMENT_3D('',#6278,#6279,#6280);
#6278 = CARTESIAN_POINT('',(33.875442123413,-86.44321994781,
    6.412000274658));
#6279 = DIRECTION('',(-0.599732799934,-0.800200330345,-0.));
#6280 = DIRECTION('',(-0.800200330345,0.599732799934,0.));
#6281 = ADVANCED_FACE('',(#6282),#6299,.F.);
#6282 = FACE_BOUND('',#6283,.F.);
#6283 = EDGE_LOOP('',(#6284,#6285,#6286,#6294));
#6284 = ORIENTED_EDGE('',*,*,#6241,.F.);
#6285 = ORIENTED_EDGE('',*,*,#4438,.T.);
#6286 = ORIENTED_EDGE('',*,*,#6287,.T.);
#6287 = EDGE_CURVE('',#4439,#6288,#6290,.T.);
#6288 = VERTEX_POINT('',#6289);
#6289 = CARTESIAN_POINT('',(26.909519577026,-72.48388521671,-2.09));
#6290 = LINE('',#6291,#6292);
#6291 = CARTESIAN_POINT('',(26.909519577026,-72.48388521671,
    20.824000549316));
#6292 = VECTOR('',#6293,1.);
#6293 = DIRECTION('',(0.,0.,-1.));
#6294 = ORIENTED_EDGE('',*,*,#6295,.F.);
#6295 = EDGE_CURVE('',#6242,#6288,#6296,.T.);
#6296 = B_SPLINE_CURVE_WITH_KNOTS('',1,(#6297,#6298),.UNSPECIFIED.,.F.,
  .F.,(2,2),(0.,1.),.PIECEWISE_BEZIER_KNOTS.);
#6297 = CARTESIAN_POINT('',(26.681399917603,-72.9204919815,-2.09));
#6298 = CARTESIAN_POINT('',(26.909519577026,-72.48388521671,-2.09));
#6299 = PLANE('',#6300);
#6300 = AXIS2_PLACEMENT_3D('',#6301,#6302,#6303);
#6301 = CARTESIAN_POINT('',(26.795459747314,-72.70218859911,
    6.412000274658));
#6302 = DIRECTION('',(-0.886314272938,0.46308423595,0.));
#6303 = DIRECTION('',(-0.46308423595,-0.886314272938,0.));
#6304 = ADVANCED_FACE('',(#6305),#6322,.F.);
#6305 = FACE_BOUND('',#6306,.F.);
#6306 = EDGE_LOOP('',(#6307,#6314,#6320,#6321));
#6307 = ORIENTED_EDGE('',*,*,#6308,.F.);
#6308 = EDGE_CURVE('',#6309,#6263,#6311,.T.);
#6309 = VERTEX_POINT('',#6310);
#6310 = CARTESIAN_POINT('',(36.382943916321,-88.05644035339,-2.09));
#6311 = B_SPLINE_CURVE_WITH_KNOTS('',1,(#6312,#6313),.UNSPECIFIED.,.F.,
  .F.,(2,2),(0.,1.),.PIECEWISE_BEZIER_KNOTS.);
#6312 = CARTESIAN_POINT('',(36.382943916321,-88.05644035339,-2.09));
#6313 = CARTESIAN_POINT('',(34.671756362915,-87.0400402069,-2.09));
#6314 = ORIENTED_EDGE('',*,*,#6315,.T.);
#6315 = EDGE_CURVE('',#6309,#4679,#6316,.T.);
#6316 = LINE('',#6317,#6318);
#6317 = CARTESIAN_POINT('',(36.382943916321,-88.05644035339,-8.));
#6318 = VECTOR('',#6319,1.);
#6319 = DIRECTION('',(0.,0.,1.));
#6320 = ORIENTED_EDGE('',*,*,#4686,.T.);
#6321 = ORIENTED_EDGE('',*,*,#6269,.F.);
#6322 = PLANE('',#6323);
#6323 = AXIS2_PLACEMENT_3D('',#6324,#6325,#6326);
#6324 = CARTESIAN_POINT('',(35.527350139618,-87.54824028015,
    6.412000274658));
#6325 = DIRECTION('',(-0.510680851768,-0.859770357501,-0.));
#6326 = DIRECTION('',(-0.859770357501,0.510680851768,0.));
#6327 = ADVANCED_FACE('',(#6328),#6345,.F.);
#6328 = FACE_BOUND('',#6329,.F.);
#6329 = EDGE_LOOP('',(#6330,#6331,#6332,#6340));
#6330 = ORIENTED_EDGE('',*,*,#6287,.F.);
#6331 = ORIENTED_EDGE('',*,*,#4446,.T.);
#6332 = ORIENTED_EDGE('',*,*,#6333,.T.);
#6333 = EDGE_CURVE('',#4447,#6334,#6336,.T.);
#6334 = VERTEX_POINT('',#6335);
#6335 = CARTESIAN_POINT('',(27.235679626465,-72.11469198465,-2.09));
#6336 = LINE('',#6337,#6338);
#6337 = CARTESIAN_POINT('',(27.235679626465,-72.11469198465,
    20.824000549316));
#6338 = VECTOR('',#6339,1.);
#6339 = DIRECTION('',(0.,0.,-1.));
#6340 = ORIENTED_EDGE('',*,*,#6341,.F.);
#6341 = EDGE_CURVE('',#6288,#6334,#6342,.T.);
#6342 = B_SPLINE_CURVE_WITH_KNOTS('',1,(#6343,#6344),.UNSPECIFIED.,.F.,
  .F.,(2,2),(0.,1.),.PIECEWISE_BEZIER_KNOTS.);
#6343 = CARTESIAN_POINT('',(26.909519577026,-72.48388521671,-2.09));
#6344 = CARTESIAN_POINT('',(27.235679626465,-72.11469198465,-2.09));
#6345 = PLANE('',#6346);
#6346 = AXIS2_PLACEMENT_3D('',#6347,#6348,#6349);
#6347 = CARTESIAN_POINT('',(27.072599601746,-72.29928860068,
    6.412000274658));
#6348 = DIRECTION('',(-0.749433565869,0.662079549864,0.));
#6349 = DIRECTION('',(-0.662079549864,-0.749433565869,0.));
#6350 = ADVANCED_FACE('',(#6351),#6368,.F.);
#6351 = FACE_BOUND('',#6352,.F.);
#6352 = EDGE_LOOP('',(#6353,#6354,#6361,#6367));
#6353 = ORIENTED_EDGE('',*,*,#6315,.F.);
#6354 = ORIENTED_EDGE('',*,*,#6355,.F.);
#6355 = EDGE_CURVE('',#6356,#6309,#6358,.T.);
#6356 = VERTEX_POINT('',#6357);
#6357 = CARTESIAN_POINT('',(38.193047904968,-88.8839603424,-2.09));
#6358 = B_SPLINE_CURVE_WITH_KNOTS('',1,(#6359,#6360),.UNSPECIFIED.,.F.,
  .F.,(2,2),(0.,1.),.PIECEWISE_BEZIER_KNOTS.);
#6359 = CARTESIAN_POINT('',(38.193047904968,-88.8839603424,-2.09));
#6360 = CARTESIAN_POINT('',(36.382943916321,-88.05644035339,-2.09));
#6361 = ORIENTED_EDGE('',*,*,#6362,.T.);
#6362 = EDGE_CURVE('',#6356,#4671,#6363,.T.);
#6363 = LINE('',#6364,#6365);
#6364 = CARTESIAN_POINT('',(38.193047904968,-88.8839603424,-8.));
#6365 = VECTOR('',#6366,1.);
#6366 = DIRECTION('',(0.,0.,1.));
#6367 = ORIENTED_EDGE('',*,*,#4678,.T.);
#6368 = PLANE('',#6369);
#6369 = AXIS2_PLACEMENT_3D('',#6370,#6371,#6372);
#6370 = CARTESIAN_POINT('',(37.287995910645,-88.4702003479,
    6.412000274658));
#6371 = DIRECTION('',(-0.415777996195,-0.909466138941,-0.));
#6372 = DIRECTION('',(-0.909466138941,0.415777996195,0.));
#6373 = ADVANCED_FACE('',(#6374),#6391,.F.);
#6374 = FACE_BOUND('',#6375,.F.);
#6375 = EDGE_LOOP('',(#6376,#6377,#6385,#6390));
#6376 = ORIENTED_EDGE('',*,*,#4454,.T.);
#6377 = ORIENTED_EDGE('',*,*,#6378,.T.);
#6378 = EDGE_CURVE('',#4455,#6379,#6381,.T.);
#6379 = VERTEX_POINT('',#6380);
#6380 = CARTESIAN_POINT('',(27.640800476074,-71.83444280624,-2.09));
#6381 = LINE('',#6382,#6383);
#6382 = CARTESIAN_POINT('',(27.640800476074,-71.83444280624,
    20.824000549316));
#6383 = VECTOR('',#6384,1.);
#6384 = DIRECTION('',(0.,0.,-1.));
#6385 = ORIENTED_EDGE('',*,*,#6386,.T.);
#6386 = EDGE_CURVE('',#6379,#6334,#6387,.T.);
#6387 = B_SPLINE_CURVE_WITH_KNOTS('',1,(#6388,#6389),.UNSPECIFIED.,.F.,
  .F.,(2,2),(0.,1.),.PIECEWISE_BEZIER_KNOTS.);
#6388 = CARTESIAN_POINT('',(27.640800476074,-71.83444280624,-2.09));
#6389 = CARTESIAN_POINT('',(27.235679626465,-72.11469198465,-2.09));
#6390 = ORIENTED_EDGE('',*,*,#6333,.F.);
#6391 = PLANE('',#6392);
#6392 = AXIS2_PLACEMENT_3D('',#6393,#6394,#6395);
#6393 = CARTESIAN_POINT('',(27.43824005127,-71.97456739544,
    6.412000274658));
#6394 = DIRECTION('',(-0.568909269538,0.822400293673,0.));
#6395 = DIRECTION('',(0.822400293673,0.568909269538,0.));
#6396 = ADVANCED_FACE('',(#6397),#6414,.F.);
#6397 = FACE_BOUND('',#6398,.F.);
#6398 = EDGE_LOOP('',(#6399,#6406,#6412,#6413));
#6399 = ORIENTED_EDGE('',*,*,#6400,.F.);
#6400 = EDGE_CURVE('',#6401,#6356,#6403,.T.);
#6401 = VERTEX_POINT('',#6402);
#6402 = CARTESIAN_POINT('',(40.081296157837,-89.51299972534,-2.09));
#6403 = B_SPLINE_CURVE_WITH_KNOTS('',1,(#6404,#6405),.UNSPECIFIED.,.F.,
  .F.,(2,2),(0.,1.),.PIECEWISE_BEZIER_KNOTS.);
#6404 = CARTESIAN_POINT('',(40.081296157837,-89.51299972534,-2.09));
#6405 = CARTESIAN_POINT('',(38.193047904968,-88.8839603424,-2.09));
#6406 = ORIENTED_EDGE('',*,*,#6407,.T.);
#6407 = EDGE_CURVE('',#6401,#4663,#6408,.T.);
#6408 = LINE('',#6409,#6410);
#6409 = CARTESIAN_POINT('',(40.081296157837,-89.51299972534,-8.));
#6410 = VECTOR('',#6411,1.);
#6411 = DIRECTION('',(0.,0.,1.));
#6412 = ORIENTED_EDGE('',*,*,#4670,.T.);
#6413 = ORIENTED_EDGE('',*,*,#6362,.F.);
#6414 = PLANE('',#6415);
#6415 = AXIS2_PLACEMENT_3D('',#6416,#6417,#6418);
#6416 = CARTESIAN_POINT('',(39.137172031403,-89.19848003387,
    6.412000274658));
#6417 = DIRECTION('',(-0.316057416527,-0.948740064221,-0.));
#6418 = DIRECTION('',(-0.948740064221,0.316057416527,0.));
#6419 = ADVANCED_FACE('',(#6420),#6437,.F.);
#6420 = FACE_BOUND('',#6421,.F.);
#6421 = EDGE_LOOP('',(#6422,#6423,#6424,#6432));
#6422 = ORIENTED_EDGE('',*,*,#6378,.F.);
#6423 = ORIENTED_EDGE('',*,*,#4462,.T.);
#6424 = ORIENTED_EDGE('',*,*,#6425,.F.);
#6425 = EDGE_CURVE('',#6426,#4463,#6428,.T.);
#6426 = VERTEX_POINT('',#6427);
#6427 = CARTESIAN_POINT('',(28.101359939575,-71.65947739929,-2.09));
#6428 = LINE('',#6429,#6430);
#6429 = CARTESIAN_POINT('',(28.101359939575,-71.65947739929,-8.));
#6430 = VECTOR('',#6431,1.);
#6431 = DIRECTION('',(0.,0.,1.));
#6432 = ORIENTED_EDGE('',*,*,#6433,.T.);
#6433 = EDGE_CURVE('',#6426,#6379,#6434,.T.);
#6434 = B_SPLINE_CURVE_WITH_KNOTS('',1,(#6435,#6436),.UNSPECIFIED.,.F.,
  .F.,(2,2),(0.,1.),.PIECEWISE_BEZIER_KNOTS.);
#6435 = CARTESIAN_POINT('',(28.101359939575,-71.65947739929,-2.09));
#6436 = CARTESIAN_POINT('',(27.640800476074,-71.83444280624,-2.09));
#6437 = PLANE('',#6438);
#6438 = AXIS2_PLACEMENT_3D('',#6439,#6440,#6441);
#6439 = CARTESIAN_POINT('',(27.871080207825,-71.74696010276,
    6.412000274658));
#6440 = DIRECTION('',(-0.355134063203,0.93481538132,0.));
#6441 = DIRECTION('',(0.93481538132,0.355134063203,0.));
#6442 = ADVANCED_FACE('',(#6443),#6460,.F.);
#6443 = FACE_BOUND('',#6444,.F.);
#6444 = EDGE_LOOP('',(#6445,#6446,#6453,#6459));
#6445 = ORIENTED_EDGE('',*,*,#6407,.F.);
#6446 = ORIENTED_EDGE('',*,*,#6447,.F.);
#6447 = EDGE_CURVE('',#6448,#6401,#6450,.T.);
#6448 = VERTEX_POINT('',#6449);
#6449 = CARTESIAN_POINT('',(42.026016139984,-89.93636016845,-2.09));
#6450 = B_SPLINE_CURVE_WITH_KNOTS('',1,(#6451,#6452),.UNSPECIFIED.,.F.,
  .F.,(2,2),(0.,1.),.PIECEWISE_BEZIER_KNOTS.);
#6451 = CARTESIAN_POINT('',(42.026016139984,-89.93636016845,-2.09));
#6452 = CARTESIAN_POINT('',(40.081296157837,-89.51299972534,-2.09));
#6453 = ORIENTED_EDGE('',*,*,#6454,.T.);
#6454 = EDGE_CURVE('',#6448,#4655,#6455,.T.);
#6455 = LINE('',#6456,#6457);
#6456 = CARTESIAN_POINT('',(42.026016139984,-89.93636016845,-8.));
#6457 = VECTOR('',#6458,1.);
#6458 = DIRECTION('',(0.,0.,1.));
#6459 = ORIENTED_EDGE('',*,*,#4662,.T.);
#6460 = PLANE('',#6461);
#6461 = AXIS2_PLACEMENT_3D('',#6462,#6463,#6464);
#6462 = CARTESIAN_POINT('',(41.053656148911,-89.72467994689,
    6.412000274658));
#6463 = DIRECTION('',(-0.212715209281,-0.977114240885,-0.));
#6464 = DIRECTION('',(-0.977114240885,0.212715209281,0.));
#6465 = ADVANCED_FACE('',(#6466),#6483,.F.);
#6466 = FACE_BOUND('',#6467,.F.);
#6467 = EDGE_LOOP('',(#6468,#6476,#6481,#6482));
#6468 = ORIENTED_EDGE('',*,*,#6469,.T.);
#6469 = EDGE_CURVE('',#4471,#6470,#6472,.T.);
#6470 = VERTEX_POINT('',#6471);
#6471 = CARTESIAN_POINT('',(28.59036026001,-71.59999962478,-2.09));
#6472 = LINE('',#6473,#6474);
#6473 = CARTESIAN_POINT('',(28.59036026001,-71.59999962478,
    20.824000549316));
#6474 = VECTOR('',#6475,1.);
#6475 = DIRECTION('',(0.,0.,-1.));
#6476 = ORIENTED_EDGE('',*,*,#6477,.T.);
#6477 = EDGE_CURVE('',#6470,#6426,#6478,.T.);
#6478 = B_SPLINE_CURVE_WITH_KNOTS('',1,(#6479,#6480),.UNSPECIFIED.,.F.,
  .F.,(2,2),(0.,1.),.PIECEWISE_BEZIER_KNOTS.);
#6479 = CARTESIAN_POINT('',(28.59036026001,-71.59999962478,-2.09));
#6480 = CARTESIAN_POINT('',(28.101359939575,-71.65947739929,-2.09));
#6481 = ORIENTED_EDGE('',*,*,#6425,.T.);
#6482 = ORIENTED_EDGE('',*,*,#4470,.T.);
#6483 = PLANE('',#6484);
#6484 = AXIS2_PLACEMENT_3D('',#6485,#6486,#6487);
#6485 = CARTESIAN_POINT('',(28.345860099792,-71.62973851203,
    6.412000274658));
#6486 = DIRECTION('',(-0.120741503849,0.992683982569,0.));
#6487 = DIRECTION('',(0.992683982569,0.120741503849,0.));
#6488 = ADVANCED_FACE('',(#6489),#6506,.F.);
#6489 = FACE_BOUND('',#6490,.F.);
#6490 = EDGE_LOOP('',(#6491,#6492,#6499,#6505));
#6491 = ORIENTED_EDGE('',*,*,#6454,.F.);
#6492 = ORIENTED_EDGE('',*,*,#6493,.F.);
#6493 = EDGE_CURVE('',#6494,#6448,#6496,.T.);
#6494 = VERTEX_POINT('',#6495);
#6495 = CARTESIAN_POINT('',(44.004865193367,-90.14935989379,-2.09));
#6496 = B_SPLINE_CURVE_WITH_KNOTS('',1,(#6497,#6498),.UNSPECIFIED.,.F.,
  .F.,(2,2),(0.,1.),.PIECEWISE_BEZIER_KNOTS.);
#6497 = CARTESIAN_POINT('',(44.004865193367,-90.14935989379,-2.09));
#6498 = CARTESIAN_POINT('',(42.026016139984,-89.93636016845,-2.09));
#6499 = ORIENTED_EDGE('',*,*,#6500,.T.);
#6500 = EDGE_CURVE('',#6494,#4647,#6501,.T.);
#6501 = LINE('',#6502,#6503);
#6502 = CARTESIAN_POINT('',(44.004865193367,-90.14935989379,-8.));
#6503 = VECTOR('',#6504,1.);
#6504 = DIRECTION('',(0.,0.,1.));
#6505 = ORIENTED_EDGE('',*,*,#4654,.T.);
#6506 = PLANE('',#6507);
#6507 = AXIS2_PLACEMENT_3D('',#6508,#6509,#6510);
#6508 = CARTESIAN_POINT('',(43.015440666676,-90.04286003112,
    6.412000274658));
#6509 = DIRECTION('',(-0.107020007051,-0.994256867259,-0.));
#6510 = DIRECTION('',(-0.994256867259,0.107020007051,0.));
#6511 = ADVANCED_FACE('',(#6512),#6529,.F.);
#6512 = FACE_BOUND('',#6513,.F.);
#6513 = EDGE_LOOP('',(#6514,#6515,#6523,#6528));
#6514 = ORIENTED_EDGE('',*,*,#4478,.T.);
#6515 = ORIENTED_EDGE('',*,*,#6516,.F.);
#6516 = EDGE_CURVE('',#6517,#4479,#6519,.T.);
#6517 = VERTEX_POINT('',#6518);
#6518 = CARTESIAN_POINT('',(61.40963973999,-71.5999939403,-2.09));
#6519 = LINE('',#6520,#6521);
#6520 = CARTESIAN_POINT('',(61.40963973999,-71.5999939403,-8.));
#6521 = VECTOR('',#6522,1.);
#6522 = DIRECTION('',(0.,0.,1.));
#6523 = ORIENTED_EDGE('',*,*,#6524,.T.);
#6524 = EDGE_CURVE('',#6517,#6470,#6525,.T.);
#6525 = B_SPLINE_CURVE_WITH_KNOTS('',1,(#6526,#6527),.UNSPECIFIED.,.F.,
  .F.,(2,2),(0.,1.),.PIECEWISE_BEZIER_KNOTS.);
#6526 = CARTESIAN_POINT('',(61.40963973999,-71.5999939403,-2.09));
#6527 = CARTESIAN_POINT('',(28.59036026001,-71.59999962478,-2.09));
#6528 = ORIENTED_EDGE('',*,*,#6469,.F.);
#6529 = PLANE('',#6530);
#6530 = AXIS2_PLACEMENT_3D('',#6531,#6532,#6533);
#6531 = CARTESIAN_POINT('',(45.,-71.59999678254,6.412000274658));
#6532 = DIRECTION('',(-1.7320559897E-07,1.,0.));
#6533 = DIRECTION('',(1.,1.7320559897E-07,0.));
#6534 = ADVANCED_FACE('',(#6535),#6552,.F.);
#6535 = FACE_BOUND('',#6536,.F.);
#6536 = EDGE_LOOP('',(#6537,#6538,#6545,#6551));
#6537 = ORIENTED_EDGE('',*,*,#6500,.F.);
#6538 = ORIENTED_EDGE('',*,*,#6539,.F.);
#6539 = EDGE_CURVE('',#6540,#6494,#6542,.T.);
#6540 = VERTEX_POINT('',#6541);
#6541 = CARTESIAN_POINT('',(45.995140814781,-90.14935989379,-2.09));
#6542 = B_SPLINE_CURVE_WITH_KNOTS('',1,(#6543,#6544),.UNSPECIFIED.,.F.,
  .F.,(2,2),(0.,1.),.PIECEWISE_BEZIER_KNOTS.);
#6543 = CARTESIAN_POINT('',(45.995140814781,-90.14935989379,-2.09));
#6544 = CARTESIAN_POINT('',(44.004865193367,-90.14935989379,-2.09));
#6545 = ORIENTED_EDGE('',*,*,#6546,.T.);
#6546 = EDGE_CURVE('',#6540,#4639,#6547,.T.);
#6547 = LINE('',#6548,#6549);
#6548 = CARTESIAN_POINT('',(45.995140814781,-90.14935989379,-8.));
#6549 = VECTOR('',#6550,1.);
#6550 = DIRECTION('',(0.,0.,1.));
#6551 = ORIENTED_EDGE('',*,*,#4646,.T.);
#6552 = PLANE('',#6553);
#6553 = AXIS2_PLACEMENT_3D('',#6554,#6555,#6556);
#6554 = CARTESIAN_POINT('',(45.000003004074,-90.14935989379,
    6.412000274658));
#6555 = DIRECTION('',(-0.,-1.,-0.));
#6556 = DIRECTION('',(0.,0.,-1.));
#6557 = ADVANCED_FACE('',(#6558),#6575,.F.);
#6558 = FACE_BOUND('',#6559,.F.);
#6559 = EDGE_LOOP('',(#6560,#6568,#6573,#6574));
#6560 = ORIENTED_EDGE('',*,*,#6561,.F.);
#6561 = EDGE_CURVE('',#6562,#4487,#6564,.T.);
#6562 = VERTEX_POINT('',#6563);
#6563 = CARTESIAN_POINT('',(61.898640060425,-71.65947164148,-2.09));
#6564 = LINE('',#6565,#6566);
#6565 = CARTESIAN_POINT('',(61.898640060425,-71.65947164148,-8.));
#6566 = VECTOR('',#6567,1.);
#6567 = DIRECTION('',(0.,0.,1.));
#6568 = ORIENTED_EDGE('',*,*,#6569,.T.);
#6569 = EDGE_CURVE('',#6562,#6517,#6570,.T.);
#6570 = B_SPLINE_CURVE_WITH_KNOTS('',1,(#6571,#6572),.UNSPECIFIED.,.F.,
  .F.,(2,2),(0.,1.),.PIECEWISE_BEZIER_KNOTS.);
#6571 = CARTESIAN_POINT('',(61.898640060425,-71.65947164148,-2.09));
#6572 = CARTESIAN_POINT('',(61.40963973999,-71.5999939403,-2.09));
#6573 = ORIENTED_EDGE('',*,*,#6516,.T.);
#6574 = ORIENTED_EDGE('',*,*,#4486,.T.);
#6575 = PLANE('',#6576);
#6576 = AXIS2_PLACEMENT_3D('',#6577,#6578,#6579);
#6577 = CARTESIAN_POINT('',(61.654139900208,-71.62973279089,
    6.412000274658));
#6578 = DIRECTION('',(0.120741357166,0.99268400041,0.));
#6579 = DIRECTION('',(0.99268400041,-0.120741357166,0.));
#6580 = ADVANCED_FACE('',(#6581),#6598,.F.);
#6581 = FACE_BOUND('',#6582,.F.);
#6582 = EDGE_LOOP('',(#6583,#6584,#6591,#6597));
#6583 = ORIENTED_EDGE('',*,*,#6546,.F.);
#6584 = ORIENTED_EDGE('',*,*,#6585,.F.);
#6585 = EDGE_CURVE('',#6586,#6540,#6588,.T.);
#6586 = VERTEX_POINT('',#6587);
#6587 = CARTESIAN_POINT('',(47.973995876312,-89.93636016845,-2.09));
#6588 = B_SPLINE_CURVE_WITH_KNOTS('',1,(#6589,#6590),.UNSPECIFIED.,.F.,
  .F.,(2,2),(0.,1.),.PIECEWISE_BEZIER_KNOTS.);
#6589 = CARTESIAN_POINT('',(47.973995876312,-89.93636016845,-2.09));
#6590 = CARTESIAN_POINT('',(45.995140814781,-90.14935989379,-2.09));
#6591 = ORIENTED_EDGE('',*,*,#6592,.T.);
#6592 = EDGE_CURVE('',#6586,#4631,#6593,.T.);
#6593 = LINE('',#6594,#6595);
#6594 = CARTESIAN_POINT('',(47.973995876312,-89.93636016845,-8.));
#6595 = VECTOR('',#6596,1.);
#6596 = DIRECTION('',(0.,0.,1.));
#6597 = ORIENTED_EDGE('',*,*,#4638,.T.);
#6598 = PLANE('',#6599);
#6599 = AXIS2_PLACEMENT_3D('',#6600,#6601,#6602);
#6600 = CARTESIAN_POINT('',(46.984568345547,-90.04286003112,
    6.412000274658));
#6601 = DIRECTION('',(0.107019685841,-0.994256901833,0.));
#6602 = DIRECTION('',(-0.994256901833,-0.107019685841,0.));
#6603 = ADVANCED_FACE('',(#6604),#6621,.F.);
#6604 = FACE_BOUND('',#6605,.F.);
#6605 = EDGE_LOOP('',(#6606,#6614,#6619,#6620));
#6606 = ORIENTED_EDGE('',*,*,#6607,.F.);
#6607 = EDGE_CURVE('',#6608,#4495,#6610,.T.);
#6608 = VERTEX_POINT('',#6609);
#6609 = CARTESIAN_POINT('',(62.359199523926,-71.83443679809,-2.09));
#6610 = LINE('',#6611,#6612);
#6611 = CARTESIAN_POINT('',(62.359199523926,-71.83443679809,-8.));
#6612 = VECTOR('',#6613,1.);
#6613 = DIRECTION('',(0.,0.,1.));
#6614 = ORIENTED_EDGE('',*,*,#6615,.T.);
#6615 = EDGE_CURVE('',#6608,#6562,#6616,.T.);
#6616 = B_SPLINE_CURVE_WITH_KNOTS('',1,(#6617,#6618),.UNSPECIFIED.,.F.,
  .F.,(2,2),(0.,1.),.PIECEWISE_BEZIER_KNOTS.);
#6617 = CARTESIAN_POINT('',(62.359199523926,-71.83443679809,-2.09));
#6618 = CARTESIAN_POINT('',(61.898640060425,-71.65947164148,-2.09));
#6619 = ORIENTED_EDGE('',*,*,#6561,.T.);
#6620 = ORIENTED_EDGE('',*,*,#4494,.T.);
#6621 = PLANE('',#6622);
#6622 = AXIS2_PLACEMENT_3D('',#6623,#6624,#6625);
#6623 = CARTESIAN_POINT('',(62.128919792175,-71.74695421978,
    6.412000274658));
#6624 = DIRECTION('',(0.355133619164,0.934815550009,0.));
#6625 = DIRECTION('',(0.934815550009,-0.355133619164,0.));
#6626 = ADVANCED_FACE('',(#6627),#6644,.F.);
#6627 = FACE_BOUND('',#6628,.F.);
#6628 = EDGE_LOOP('',(#6629,#6630,#6637,#6643));
#6629 = ORIENTED_EDGE('',*,*,#6592,.F.);
#6630 = ORIENTED_EDGE('',*,*,#6631,.F.);
#6631 = EDGE_CURVE('',#6632,#6586,#6634,.T.);
#6632 = VERTEX_POINT('',#6633);
#6633 = CARTESIAN_POINT('',(49.918703842163,-89.51299972534,-2.09));
#6634 = B_SPLINE_CURVE_WITH_KNOTS('',1,(#6635,#6636),.UNSPECIFIED.,.F.,
  .F.,(2,2),(0.,1.),.PIECEWISE_BEZIER_KNOTS.);
#6635 = CARTESIAN_POINT('',(49.918703842163,-89.51299972534,-2.09));
#6636 = CARTESIAN_POINT('',(47.973995876312,-89.93636016845,-2.09));
#6637 = ORIENTED_EDGE('',*,*,#6638,.T.);
#6638 = EDGE_CURVE('',#6632,#4623,#6639,.T.);
#6639 = LINE('',#6640,#6641);
#6640 = CARTESIAN_POINT('',(49.918703842163,-89.51299972534,-8.));
#6641 = VECTOR('',#6642,1.);
#6642 = DIRECTION('',(0.,0.,1.));
#6643 = ORIENTED_EDGE('',*,*,#4630,.T.);
#6644 = PLANE('',#6645);
#6645 = AXIS2_PLACEMENT_3D('',#6646,#6647,#6648);
#6646 = CARTESIAN_POINT('',(48.946349859238,-89.72467994689,
    6.412000274658));
#6647 = DIRECTION('',(0.21271646417,-0.977113967698,0.));
#6648 = DIRECTION('',(-0.977113967698,-0.21271646417,0.));
#6649 = ADVANCED_FACE('',(#6650),#6667,.F.);
#6650 = FACE_BOUND('',#6651,.F.);
#6651 = EDGE_LOOP('',(#6652,#6660,#6665,#6666));
#6652 = ORIENTED_EDGE('',*,*,#6653,.F.);
#6653 = EDGE_CURVE('',#6654,#4503,#6656,.T.);
#6654 = VERTEX_POINT('',#6655);
#6655 = CARTESIAN_POINT('',(62.764320373535,-72.11468601226,-2.09));
#6656 = LINE('',#6657,#6658);
#6657 = CARTESIAN_POINT('',(62.764320373535,-72.11468601226,-8.));
#6658 = VECTOR('',#6659,1.);
#6659 = DIRECTION('',(0.,0.,1.));
#6660 = ORIENTED_EDGE('',*,*,#6661,.T.);
#6661 = EDGE_CURVE('',#6654,#6608,#6662,.T.);
#6662 = B_SPLINE_CURVE_WITH_KNOTS('',1,(#6663,#6664),.UNSPECIFIED.,.F.,
  .F.,(2,2),(0.,1.),.PIECEWISE_BEZIER_KNOTS.);
#6663 = CARTESIAN_POINT('',(62.764320373535,-72.11468601226,-2.09));
#6664 = CARTESIAN_POINT('',(62.359199523926,-71.83443679809,-2.09));
#6665 = ORIENTED_EDGE('',*,*,#6607,.T.);
#6666 = ORIENTED_EDGE('',*,*,#4502,.T.);
#6667 = PLANE('',#6668);
#6668 = AXIS2_PLACEMENT_3D('',#6669,#6670,#6671);
#6669 = CARTESIAN_POINT('',(62.56175994873,-71.97456140518,
    6.412000274658));
#6670 = DIRECTION('',(0.568909318639,0.822400259706,0.));
#6671 = DIRECTION('',(0.822400259706,-0.568909318639,0.));
#6672 = ADVANCED_FACE('',(#6673),#6690,.F.);
#6673 = FACE_BOUND('',#6674,.F.);
#6674 = EDGE_LOOP('',(#6675,#6676,#6683,#6689));
#6675 = ORIENTED_EDGE('',*,*,#6638,.F.);
#6676 = ORIENTED_EDGE('',*,*,#6677,.F.);
#6677 = EDGE_CURVE('',#6678,#6632,#6680,.T.);
#6678 = VERTEX_POINT('',#6679);
#6679 = CARTESIAN_POINT('',(51.806952095032,-88.88384017944,-2.09));
#6680 = B_SPLINE_CURVE_WITH_KNOTS('',1,(#6681,#6682),.UNSPECIFIED.,.F.,
  .F.,(2,2),(0.,1.),.PIECEWISE_BEZIER_KNOTS.);
#6681 = CARTESIAN_POINT('',(51.806952095032,-88.88384017944,-2.09));
#6682 = CARTESIAN_POINT('',(49.918703842163,-89.51299972534,-2.09));
#6683 = ORIENTED_EDGE('',*,*,#6684,.T.);
#6684 = EDGE_CURVE('',#6678,#4615,#6685,.T.);
#6685 = LINE('',#6686,#6687);
#6686 = CARTESIAN_POINT('',(51.806952095032,-88.88384017944,-8.));
#6687 = VECTOR('',#6688,1.);
#6688 = DIRECTION('',(0.,0.,1.));
#6689 = ORIENTED_EDGE('',*,*,#4622,.T.);
#6690 = PLANE('',#6691);
#6691 = AXIS2_PLACEMENT_3D('',#6692,#6693,#6694);
#6692 = CARTESIAN_POINT('',(50.862827968597,-89.19841995239,
    6.412000274658));
#6693 = DIRECTION('',(0.316111759179,-0.948721959116,0.));
#6694 = DIRECTION('',(-0.948721959116,-0.316111759179,0.));
#6695 = ADVANCED_FACE('',(#6696),#6713,.F.);
#6696 = FACE_BOUND('',#6697,.F.);
#6697 = EDGE_LOOP('',(#6698,#6706,#6711,#6712));
#6698 = ORIENTED_EDGE('',*,*,#6699,.F.);
#6699 = EDGE_CURVE('',#6700,#4511,#6702,.T.);
#6700 = VERTEX_POINT('',#6701);
#6701 = CARTESIAN_POINT('',(63.090480422974,-72.48387920856,-2.09));
#6702 = LINE('',#6703,#6704);
#6703 = CARTESIAN_POINT('',(63.090480422974,-72.48387920856,-8.));
#6704 = VECTOR('',#6705,1.);
#6705 = DIRECTION('',(0.,0.,1.));
#6706 = ORIENTED_EDGE('',*,*,#6707,.T.);
#6707 = EDGE_CURVE('',#6700,#6654,#6708,.T.);
#6708 = B_SPLINE_CURVE_WITH_KNOTS('',1,(#6709,#6710),.UNSPECIFIED.,.F.,
  .F.,(2,2),(0.,1.),.PIECEWISE_BEZIER_KNOTS.);
#6709 = CARTESIAN_POINT('',(63.090480422974,-72.48387920856,-2.09));
#6710 = CARTESIAN_POINT('',(62.764320373535,-72.11468601226,-2.09));
#6711 = ORIENTED_EDGE('',*,*,#6653,.T.);
#6712 = ORIENTED_EDGE('',*,*,#4510,.T.);
#6713 = PLANE('',#6714);
#6714 = AXIS2_PLACEMENT_3D('',#6715,#6716,#6717);
#6715 = CARTESIAN_POINT('',(62.927400398254,-72.29928261041,
    6.412000274658));
#6716 = DIRECTION('',(0.749433534047,0.662079585885,0.));
#6717 = DIRECTION('',(-0.662079585885,0.749433534047,0.));
#6718 = ADVANCED_FACE('',(#6719),#6736,.F.);
#6719 = FACE_BOUND('',#6720,.F.);
#6720 = EDGE_LOOP('',(#6721,#6722,#6729,#6735));
#6721 = ORIENTED_EDGE('',*,*,#6684,.F.);
#6722 = ORIENTED_EDGE('',*,*,#6723,.T.);
#6723 = EDGE_CURVE('',#6678,#6724,#6726,.T.);
#6724 = VERTEX_POINT('',#6725);
#6725 = CARTESIAN_POINT('',(53.617056083679,-88.05644035339,-2.09));
#6726 = B_SPLINE_CURVE_WITH_KNOTS('',1,(#6727,#6728),.UNSPECIFIED.,.F.,
  .F.,(2,2),(0.,1.),.PIECEWISE_BEZIER_KNOTS.);
#6727 = CARTESIAN_POINT('',(51.806952095032,-88.88384017944,-2.09));
#6728 = CARTESIAN_POINT('',(53.617056083679,-88.05644035339,-2.09));
#6729 = ORIENTED_EDGE('',*,*,#6730,.T.);
#6730 = EDGE_CURVE('',#6724,#4607,#6731,.T.);
#6731 = LINE('',#6732,#6733);
#6732 = CARTESIAN_POINT('',(53.617056083679,-88.05644035339,-8.));
#6733 = VECTOR('',#6734,1.);
#6734 = DIRECTION('',(0.,0.,1.));
#6735 = ORIENTED_EDGE('',*,*,#4614,.T.);
#6736 = PLANE('',#6737);
#6737 = AXIS2_PLACEMENT_3D('',#6738,#6739,#6740);
#6738 = CARTESIAN_POINT('',(52.712004089355,-88.47014026641,
    6.412000274658));
#6739 = DIRECTION('',(0.415728056825,-0.90948896792,0.));
#6740 = DIRECTION('',(-0.90948896792,-0.415728056825,0.));
#6741 = ADVANCED_FACE('',(#6742),#6759,.F.);
#6742 = FACE_BOUND('',#6743,.F.);
#6743 = EDGE_LOOP('',(#6744,#6745,#6753,#6758));
#6744 = ORIENTED_EDGE('',*,*,#4518,.T.);
#6745 = ORIENTED_EDGE('',*,*,#6746,.T.);
#6746 = EDGE_CURVE('',#4519,#6747,#6749,.T.);
#6747 = VERTEX_POINT('',#6748);
#6748 = CARTESIAN_POINT('',(63.318600082397,-72.9204919815,-2.09));
#6749 = LINE('',#6750,#6751);
#6750 = CARTESIAN_POINT('',(63.318600082397,-72.9204919815,
    20.824000549316));
#6751 = VECTOR('',#6752,1.);
#6752 = DIRECTION('',(0.,0.,-1.));
#6753 = ORIENTED_EDGE('',*,*,#6754,.T.);
#6754 = EDGE_CURVE('',#6747,#6700,#6755,.T.);
#6755 = B_SPLINE_CURVE_WITH_KNOTS('',1,(#6756,#6757),.UNSPECIFIED.,.F.,
  .F.,(2,2),(0.,1.),.PIECEWISE_BEZIER_KNOTS.);
#6756 = CARTESIAN_POINT('',(63.318600082397,-72.9204919815,-2.09));
#6757 = CARTESIAN_POINT('',(63.090480422974,-72.48387920856,-2.09));
#6758 = ORIENTED_EDGE('',*,*,#6699,.T.);
#6759 = PLANE('',#6760);
#6760 = AXIS2_PLACEMENT_3D('',#6761,#6762,#6763);
#6761 = CARTESIAN_POINT('',(63.204540252686,-72.70218559503,
    6.412000274658));
#6762 = DIRECTION('',(0.886316888415,0.463079230057,0.));
#6763 = DIRECTION('',(-0.463079230057,0.886316888415,0.));
#6764 = ADVANCED_FACE('',(#6765),#6782,.F.);
#6765 = FACE_BOUND('',#6766,.F.);
#6766 = EDGE_LOOP('',(#6767,#6768,#6775,#6781));
#6767 = ORIENTED_EDGE('',*,*,#6730,.F.);
#6768 = ORIENTED_EDGE('',*,*,#6769,.T.);
#6769 = EDGE_CURVE('',#6724,#6770,#6772,.T.);
#6770 = VERTEX_POINT('',#6771);
#6771 = CARTESIAN_POINT('',(55.328256225586,-87.0400402069,-2.09));
#6772 = B_SPLINE_CURVE_WITH_KNOTS('',1,(#6773,#6774),.UNSPECIFIED.,.F.,
  .F.,(2,2),(0.,1.),.PIECEWISE_BEZIER_KNOTS.);
#6773 = CARTESIAN_POINT('',(53.617056083679,-88.05644035339,-2.09));
#6774 = CARTESIAN_POINT('',(55.328256225586,-87.0400402069,-2.09));
#6775 = ORIENTED_EDGE('',*,*,#6776,.T.);
#6776 = EDGE_CURVE('',#6770,#4599,#6777,.T.);
#6777 = LINE('',#6778,#6779);
#6778 = CARTESIAN_POINT('',(55.328256225586,-87.0400402069,-8.));
#6779 = VECTOR('',#6780,1.);
#6780 = DIRECTION('',(0.,0.,1.));
#6781 = ORIENTED_EDGE('',*,*,#4606,.T.);
#6782 = PLANE('',#6783);
#6783 = AXIS2_PLACEMENT_3D('',#6784,#6785,#6786);
#6784 = CARTESIAN_POINT('',(54.472656154633,-87.54824028015,
    6.412000274658));
#6785 = DIRECTION('',(0.510678074684,-0.85977200701,0.));
#6786 = DIRECTION('',(-0.85977200701,-0.510678074684,0.));
#6787 = ADVANCED_FACE('',(#6788),#6805,.F.);
#6788 = FACE_BOUND('',#6789,.F.);
#6789 = EDGE_LOOP('',(#6790,#6791,#6799,#6804));
#6790 = ORIENTED_EDGE('',*,*,#4526,.T.);
#6791 = ORIENTED_EDGE('',*,*,#6792,.T.);
#6792 = EDGE_CURVE('',#4527,#6793,#6795,.T.);
#6793 = VERTEX_POINT('',#6794);
#6794 = CARTESIAN_POINT('',(63.435359573364,-73.39905200004,-2.09));
#6795 = LINE('',#6796,#6797);
#6796 = CARTESIAN_POINT('',(63.435359573364,-73.39905200004,
    20.824000549316));
#6797 = VECTOR('',#6798,1.);
#6798 = DIRECTION('',(0.,0.,-1.));
#6799 = ORIENTED_EDGE('',*,*,#6800,.T.);
#6800 = EDGE_CURVE('',#6793,#6747,#6801,.T.);
#6801 = B_SPLINE_CURVE_WITH_KNOTS('',1,(#6802,#6803),.UNSPECIFIED.,.F.,
  .F.,(2,2),(0.,1.),.PIECEWISE_BEZIER_KNOTS.);
#6802 = CARTESIAN_POINT('',(63.435359573364,-73.39905200004,-2.09));
#6803 = CARTESIAN_POINT('',(63.318600082397,-72.9204919815,-2.09));
#6804 = ORIENTED_EDGE('',*,*,#6746,.F.);
#6805 = PLANE('',#6806);
#6806 = AXIS2_PLACEMENT_3D('',#6807,#6808,#6809);
#6807 = CARTESIAN_POINT('',(63.376979827881,-73.15977199077,
    6.412000274658));
#6808 = DIRECTION('',(0.971502794626,0.237028099672,0.));
#6809 = DIRECTION('',(-0.237028099672,0.971502794626,0.));
#6810 = ADVANCED_FACE('',(#6811),#6828,.F.);
#6811 = FACE_BOUND('',#6812,.F.);
#6812 = EDGE_LOOP('',(#6813,#6814,#6821,#6827));
#6813 = ORIENTED_EDGE('',*,*,#6776,.F.);
#6814 = ORIENTED_EDGE('',*,*,#6815,.T.);
#6815 = EDGE_CURVE('',#6770,#6816,#6818,.T.);
#6816 = VERTEX_POINT('',#6817);
#6817 = CARTESIAN_POINT('',(56.920872116089,-85.84639968872,-2.09));
#6818 = B_SPLINE_CURVE_WITH_KNOTS('',1,(#6819,#6820),.UNSPECIFIED.,.F.,
  .F.,(2,2),(0.,1.),.PIECEWISE_BEZIER_KNOTS.);
#6819 = CARTESIAN_POINT('',(55.328256225586,-87.0400402069,-2.09));
#6820 = CARTESIAN_POINT('',(56.920872116089,-85.84639968872,-2.09));
#6821 = ORIENTED_EDGE('',*,*,#6822,.T.);
#6822 = EDGE_CURVE('',#6816,#4591,#6823,.T.);
#6823 = LINE('',#6824,#6825);
#6824 = CARTESIAN_POINT('',(56.920872116089,-85.84639968872,-8.));
#6825 = VECTOR('',#6826,1.);
#6826 = DIRECTION('',(0.,0.,1.));
#6827 = ORIENTED_EDGE('',*,*,#4598,.T.);
#6828 = PLANE('',#6829);
#6829 = AXIS2_PLACEMENT_3D('',#6830,#6831,#6832);
#6830 = CARTESIAN_POINT('',(56.124564170837,-86.44321994781,
    6.412000274658));
#6831 = DIRECTION('',(0.599735835337,-0.800198055367,0.));
#6832 = DIRECTION('',(-0.800198055367,-0.599735835337,0.));
#6833 = ADVANCED_FACE('',(#6834),#6851,.F.);
#6834 = FACE_BOUND('',#6835,.F.);
#6835 = EDGE_LOOP('',(#6836,#6844,#6849,#6850));
#6836 = ORIENTED_EDGE('',*,*,#6837,.F.);
#6837 = EDGE_CURVE('',#6838,#4535,#6840,.T.);
#6838 = VERTEX_POINT('',#6839);
#6839 = CARTESIAN_POINT('',(63.434160232544,-73.8916639328,-2.09));
#6840 = LINE('',#6841,#6842);
#6841 = CARTESIAN_POINT('',(63.434160232544,-73.8916639328,-8.));
#6842 = VECTOR('',#6843,1.);
#6843 = DIRECTION('',(0.,0.,1.));
#6844 = ORIENTED_EDGE('',*,*,#6845,.T.);
#6845 = EDGE_CURVE('',#6838,#6793,#6846,.T.);
#6846 = B_SPLINE_CURVE_WITH_KNOTS('',1,(#6847,#6848),.UNSPECIFIED.,.F.,
  .F.,(2,2),(0.,1.),.PIECEWISE_BEZIER_KNOTS.);
#6847 = CARTESIAN_POINT('',(63.434160232544,-73.8916639328,-2.09));
#6848 = CARTESIAN_POINT('',(63.435359573364,-73.39905200004,-2.09));
#6849 = ORIENTED_EDGE('',*,*,#6792,.F.);
#6850 = ORIENTED_EDGE('',*,*,#4534,.T.);
#6851 = PLANE('',#6852);
#6852 = AXIS2_PLACEMENT_3D('',#6853,#6854,#6855);
#6853 = CARTESIAN_POINT('',(63.434759902954,-73.64535796642,
    6.412000274658));
#6854 = DIRECTION('',(0.999997036237,-2.434649236052E-03,0.));
#6855 = DIRECTION('',(2.434649236052E-03,0.999997036237,0.));
#6856 = ADVANCED_FACE('',(#6857),#6874,.F.);
#6857 = FACE_BOUND('',#6858,.F.);
#6858 = EDGE_LOOP('',(#6859,#6860,#6867,#6873));
#6859 = ORIENTED_EDGE('',*,*,#6822,.F.);
#6860 = ORIENTED_EDGE('',*,*,#6861,.T.);
#6861 = EDGE_CURVE('',#6816,#6862,#6864,.T.);
#6862 = VERTEX_POINT('',#6863);
#6863 = CARTESIAN_POINT('',(58.376639556885,-84.48920021057,-2.09));
#6864 = B_SPLINE_CURVE_WITH_KNOTS('',1,(#6865,#6866),.UNSPECIFIED.,.F.,
  .F.,(2,2),(0.,1.),.PIECEWISE_BEZIER_KNOTS.);
#6865 = CARTESIAN_POINT('',(56.920872116089,-85.84639968872,-2.09));
#6866 = CARTESIAN_POINT('',(58.376639556885,-84.48920021057,-2.09));
#6867 = ORIENTED_EDGE('',*,*,#6868,.T.);
#6868 = EDGE_CURVE('',#6862,#4583,#6869,.T.);
#6869 = LINE('',#6870,#6871);
#6870 = CARTESIAN_POINT('',(58.376639556885,-84.48920021057,-8.));
#6871 = VECTOR('',#6872,1.);
#6872 = DIRECTION('',(0.,0.,1.));
#6873 = ORIENTED_EDGE('',*,*,#4590,.T.);
#6874 = PLANE('',#6875);
#6875 = AXIS2_PLACEMENT_3D('',#6876,#6877,#6878);
#6876 = CARTESIAN_POINT('',(57.648755836487,-85.16779994964,
    6.412000274658));
#6877 = DIRECTION('',(0.681910846128,-0.731435299896,0.));
#6878 = DIRECTION('',(-0.731435299896,-0.681910846128,0.));
#6879 = ADVANCED_FACE('',(#6880),#6897,.F.);
#6880 = FACE_BOUND('',#6881,.F.);
#6881 = EDGE_LOOP('',(#6882,#6890,#6895,#6896));
#6882 = ORIENTED_EDGE('',*,*,#6883,.F.);
#6883 = EDGE_CURVE('',#6884,#4543,#6886,.T.);
#6884 = VERTEX_POINT('',#6885);
#6885 = CARTESIAN_POINT('',(63.083159637451,-75.85074796676,-2.09));
#6886 = LINE('',#6887,#6888);
#6887 = CARTESIAN_POINT('',(63.083159637451,-75.85074796676,-8.));
#6888 = VECTOR('',#6889,1.);
#6889 = DIRECTION('',(0.,0.,1.));
#6890 = ORIENTED_EDGE('',*,*,#6891,.T.);
#6891 = EDGE_CURVE('',#6884,#6838,#6892,.T.);
#6892 = B_SPLINE_CURVE_WITH_KNOTS('',1,(#6893,#6894),.UNSPECIFIED.,.F.,
  .F.,(2,2),(0.,1.),.PIECEWISE_BEZIER_KNOTS.);
#6893 = CARTESIAN_POINT('',(63.083159637451,-75.85074796676,-2.09));
#6894 = CARTESIAN_POINT('',(63.434160232544,-73.8916639328,-2.09));
#6895 = ORIENTED_EDGE('',*,*,#6837,.T.);
#6896 = ORIENTED_EDGE('',*,*,#4542,.T.);
#6897 = PLANE('',#6898);
#6898 = AXIS2_PLACEMENT_3D('',#6899,#6900,#6901);
#6899 = CARTESIAN_POINT('',(63.258659934998,-74.87120594978,
    6.412000274658));
#6900 = DIRECTION('',(0.984326189512,-0.176357457002,0.));
#6901 = DIRECTION('',(0.176357457002,0.984326189512,0.));
#6902 = ADVANCED_FACE('',(#6903),#6920,.F.);
#6903 = FACE_BOUND('',#6904,.F.);
#6904 = EDGE_LOOP('',(#6905,#6906,#6913,#6919));
#6905 = ORIENTED_EDGE('',*,*,#6868,.F.);
#6906 = ORIENTED_EDGE('',*,*,#6907,.T.);
#6907 = EDGE_CURVE('',#6862,#6908,#6910,.T.);
#6908 = VERTEX_POINT('',#6909);
#6909 = CARTESIAN_POINT('',(59.678879928589,-82.98412361145,-2.09));
#6910 = B_SPLINE_CURVE_WITH_KNOTS('',1,(#6911,#6912),.UNSPECIFIED.,.F.,
  .F.,(2,2),(0.,1.),.PIECEWISE_BEZIER_KNOTS.);
#6911 = CARTESIAN_POINT('',(58.376639556885,-84.48920021057,-2.09));
#6912 = CARTESIAN_POINT('',(59.678879928589,-82.98412361145,-2.09));
#6913 = ORIENTED_EDGE('',*,*,#6914,.T.);
#6914 = EDGE_CURVE('',#6908,#4575,#6915,.T.);
#6915 = LINE('',#6916,#6917);
#6916 = CARTESIAN_POINT('',(59.678879928589,-82.98412361145,-8.));
#6917 = VECTOR('',#6918,1.);
#6918 = DIRECTION('',(0.,0.,1.));
#6919 = ORIENTED_EDGE('',*,*,#4582,.T.);
#6920 = PLANE('',#6921);
#6921 = AXIS2_PLACEMENT_3D('',#6922,#6923,#6924);
#6922 = CARTESIAN_POINT('',(59.027759742737,-83.73666191101,
    6.412000274658));
#6923 = DIRECTION('',(0.756225803491,-0.654310732095,0.));
#6924 = DIRECTION('',(0.654310732095,0.756225803491,0.));
#6925 = ADVANCED_FACE('',(#6926),#6943,.F.);
#6926 = FACE_BOUND('',#6927,.F.);
#6927 = EDGE_LOOP('',(#6928,#6929,#6937,#6942));
#6928 = ORIENTED_EDGE('',*,*,#4550,.T.);
#6929 = ORIENTED_EDGE('',*,*,#6930,.T.);
#6930 = EDGE_CURVE('',#4551,#6931,#6933,.T.);
#6931 = VERTEX_POINT('',#6932);
#6932 = CARTESIAN_POINT('',(62.524559783936,-77.76102809906,-2.09));
#6933 = LINE('',#6934,#6935);
#6934 = CARTESIAN_POINT('',(62.524559783936,-77.76102809906,
    20.824000549316));
#6935 = VECTOR('',#6936,1.);
#6936 = DIRECTION('',(0.,0.,-1.));
#6937 = ORIENTED_EDGE('',*,*,#6938,.T.);
#6938 = EDGE_CURVE('',#6931,#6884,#6939,.T.);
#6939 = B_SPLINE_CURVE_WITH_KNOTS('',1,(#6940,#6941),.UNSPECIFIED.,.F.,
  .F.,(2,2),(0.,1.),.PIECEWISE_BEZIER_KNOTS.);
#6940 = CARTESIAN_POINT('',(62.524559783936,-77.76102809906,-2.09));
#6941 = CARTESIAN_POINT('',(63.083159637451,-75.85074796676,-2.09));
#6942 = ORIENTED_EDGE('',*,*,#6883,.T.);
#6943 = PLANE('',#6944);
#6944 = AXIS2_PLACEMENT_3D('',#6945,#6946,#6947);
#6945 = CARTESIAN_POINT('',(62.803859710693,-76.80588803291,
    6.412000274658));
#6946 = DIRECTION('',(0.959805988936,-0.280664325488,0.));
#6947 = DIRECTION('',(0.280664325488,0.959805988936,0.));
#6948 = ADVANCED_FACE('',(#6949),#6966,.F.);
#6949 = FACE_BOUND('',#6950,.F.);
#6950 = EDGE_LOOP('',(#6951,#6952,#6959,#6965));
#6951 = ORIENTED_EDGE('',*,*,#6914,.F.);
#6952 = ORIENTED_EDGE('',*,*,#6953,.T.);
#6953 = EDGE_CURVE('',#6908,#6954,#6956,.T.);
#6954 = VERTEX_POINT('',#6955);
#6955 = CARTESIAN_POINT('',(60.812640380859,-81.34830856323,-2.09));
#6956 = B_SPLINE_CURVE_WITH_KNOTS('',1,(#6957,#6958),.UNSPECIFIED.,.F.,
  .F.,(2,2),(0.,1.),.PIECEWISE_BEZIER_KNOTS.);
#6957 = CARTESIAN_POINT('',(59.678879928589,-82.98412361145,-2.09));
#6958 = CARTESIAN_POINT('',(60.812640380859,-81.34830856323,-2.09));
#6959 = ORIENTED_EDGE('',*,*,#6960,.T.);
#6960 = EDGE_CURVE('',#6954,#4567,#6961,.T.);
#6961 = LINE('',#6962,#6963);
#6962 = CARTESIAN_POINT('',(60.812640380859,-81.34830856323,-8.));
#6963 = VECTOR('',#6964,1.);
#6964 = DIRECTION('',(0.,0.,1.));
#6965 = ORIENTED_EDGE('',*,*,#4574,.T.);
#6966 = PLANE('',#6967);
#6967 = AXIS2_PLACEMENT_3D('',#6968,#6969,#6970);
#6968 = CARTESIAN_POINT('',(60.245760154724,-82.16621608734,
    6.412000274658));
#6969 = DIRECTION('',(0.821892718383,-0.569642308357,0.));
#6970 = DIRECTION('',(0.569642308357,0.821892718383,0.));
#6971 = ADVANCED_FACE('',(#6972),#6989,.F.);
#6972 = FACE_BOUND('',#6973,.F.);
#6973 = EDGE_LOOP('',(#6974,#6982,#6987,#6988));
#6974 = ORIENTED_EDGE('',*,*,#6975,.F.);
#6975 = EDGE_CURVE('',#6976,#4559,#6978,.T.);
#6976 = VERTEX_POINT('',#6977);
#6977 = CARTESIAN_POINT('',(61.764840316772,-79.60059204101,-2.09));
#6978 = LINE('',#6979,#6980);
#6979 = CARTESIAN_POINT('',(61.764840316772,-79.60059204101,-8.));
#6980 = VECTOR('',#6981,1.);
#6981 = DIRECTION('',(0.,0.,1.));
#6982 = ORIENTED_EDGE('',*,*,#6983,.T.);
#6983 = EDGE_CURVE('',#6976,#6931,#6984,.T.);
#6984 = B_SPLINE_CURVE_WITH_KNOTS('',1,(#6985,#6986),.UNSPECIFIED.,.F.,
  .F.,(2,2),(0.,1.),.PIECEWISE_BEZIER_KNOTS.);
#6985 = CARTESIAN_POINT('',(61.764840316772,-79.60059204101,-2.09));
#6986 = CARTESIAN_POINT('',(62.524559783936,-77.76102809906,-2.09));
#6987 = ORIENTED_EDGE('',*,*,#6930,.F.);
#6988 = ORIENTED_EDGE('',*,*,#4558,.T.);
#6989 = PLANE('',#6990);
#6990 = AXIS2_PLACEMENT_3D('',#6991,#6992,#6993);
#6991 = CARTESIAN_POINT('',(62.144700050354,-78.68081007003,
    6.412000274658));
#6992 = DIRECTION('',(0.924279228854,-0.381717051112,0.));
#6993 = DIRECTION('',(0.381717051112,0.924279228854,0.));
#6994 = ADVANCED_FACE('',(#6995),#7005,.F.);
#6995 = FACE_BOUND('',#6996,.F.);
#6996 = EDGE_LOOP('',(#6997,#6998,#7003,#7004));
#6997 = ORIENTED_EDGE('',*,*,#6960,.F.);
#6998 = ORIENTED_EDGE('',*,*,#6999,.T.);
#6999 = EDGE_CURVE('',#6954,#6976,#7000,.T.);
#7000 = B_SPLINE_CURVE_WITH_KNOTS('',1,(#7001,#7002),.UNSPECIFIED.,.F.,
  .F.,(2,2),(0.,1.),.PIECEWISE_BEZIER_KNOTS.);
#7001 = CARTESIAN_POINT('',(60.812640380859,-81.34830856323,-2.09));
#7002 = CARTESIAN_POINT('',(61.764840316772,-79.60059204101,-2.09));
#7003 = ORIENTED_EDGE('',*,*,#6975,.T.);
#7004 = ORIENTED_EDGE('',*,*,#4566,.T.);
#7005 = PLANE('',#7006);
#7006 = AXIS2_PLACEMENT_3D('',#7007,#7008,#7009);
#7007 = CARTESIAN_POINT('',(61.288740348816,-80.47445030212,
    6.412000274658));
#7008 = DIRECTION('',(0.878127806325,-0.478426123617,0.));
#7009 = DIRECTION('',(0.478426123617,0.878127806325,0.));
#7010 = ADVANCED_FACE('',(#7011),#7030,.T.);
#7011 = FACE_BOUND('',#7012,.F.);
#7012 = EDGE_LOOP('',(#7013,#7014,#7023,#7029));
#7013 = ORIENTED_EDGE('',*,*,#5251,.T.);
#7014 = ORIENTED_EDGE('',*,*,#7015,.T.);
#7015 = EDGE_CURVE('',#5244,#7016,#7018,.T.);
#7016 = VERTEX_POINT('',#7017);
#7017 = CARTESIAN_POINT('',(11.988621421108,-60.14795781885,1.09));
#7018 = CIRCLE('',#7019,3.502610175917);
#7019 = AXIS2_PLACEMENT_3D('',#7020,#7021,#7022);
#7020 = CARTESIAN_POINT('',(10.2356,-57.1156,1.09));
#7021 = DIRECTION('',(0.,0.,1.));
#7022 = DIRECTION('',(-1.,0.,0.));
#7023 = ORIENTED_EDGE('',*,*,#7024,.F.);
#7024 = EDGE_CURVE('',#4746,#7016,#7025,.T.);
#7025 = LINE('',#7026,#7027);
#7026 = CARTESIAN_POINT('',(11.988621421108,-60.14795781885,0.89));
#7027 = VECTOR('',#7028,1.);
#7028 = DIRECTION('',(0.,0.,1.));
#7029 = ORIENTED_EDGE('',*,*,#4753,.F.);
#7030 = CYLINDRICAL_SURFACE('',#7031,3.502610175917);
#7031 = AXIS2_PLACEMENT_3D('',#7032,#7033,#7034);
#7032 = CARTESIAN_POINT('',(10.2356,-57.1156,0.89));
#7033 = DIRECTION('',(-0.,-0.,-1.));
#7034 = DIRECTION('',(1.,0.,0.));
#7035 = ADVANCED_FACE('',(#7036),#7047,.T.);
#7036 = FACE_BOUND('',#7037,.T.);
#7037 = EDGE_LOOP('',(#7038,#7039,#7045,#7046));
#7038 = ORIENTED_EDGE('',*,*,#5291,.T.);
#7039 = ORIENTED_EDGE('',*,*,#7040,.F.);
#7040 = EDGE_CURVE('',#7016,#5292,#7041,.T.);
#7041 = LINE('',#7042,#7043);
#7042 = CARTESIAN_POINT('',(11.988621421108,-60.14795781885,1.09));
#7043 = VECTOR('',#7044,1.);
#7044 = DIRECTION('',(0.865742308323,0.500490015464,-0.));
#7045 = ORIENTED_EDGE('',*,*,#7024,.F.);
#7046 = ORIENTED_EDGE('',*,*,#4745,.F.);
#7047 = PLANE('',#7048);
#7048 = AXIS2_PLACEMENT_3D('',#7049,#7050,#7051);
#7049 = CARTESIAN_POINT('',(40.375345619361,-43.73744871428,0.89));
#7050 = DIRECTION('',(0.500490015464,-0.865742308323,0.));
#7051 = DIRECTION('',(-0.865742308323,-0.500490015464,0.));
#7052 = ADVANCED_FACE('',(#7053),#7077,.F.);
#7053 = FACE_BOUND('',#7054,.F.);
#7054 = EDGE_LOOP('',(#7055,#7063,#7070,#7076));
#7055 = ORIENTED_EDGE('',*,*,#7056,.F.);
#7056 = EDGE_CURVE('',#7057,#4773,#7059,.T.);
#7057 = VERTEX_POINT('',#7058);
#7058 = CARTESIAN_POINT('',(69.632299423218,-44.70611798763,-2.09));
#7059 = LINE('',#7060,#7061);
#7060 = CARTESIAN_POINT('',(69.632299423218,-44.70611798763,-3.));
#7061 = VECTOR('',#7062,1.);
#7062 = DIRECTION('',(0.,0.,1.));
#7063 = ORIENTED_EDGE('',*,*,#7064,.F.);
#7064 = EDGE_CURVE('',#7065,#7057,#7067,.T.);
#7065 = VERTEX_POINT('',#7066);
#7066 = CARTESIAN_POINT('',(70.71129989624,-45.62738502025,-2.09));
#7067 = B_SPLINE_CURVE_WITH_KNOTS('',1,(#7068,#7069),.UNSPECIFIED.,.F.,
  .F.,(2,2),(0.,1.),.PIECEWISE_BEZIER_KNOTS.);
#7068 = CARTESIAN_POINT('',(70.71129989624,-45.62738502025,-2.09));
#7069 = CARTESIAN_POINT('',(69.632299423218,-44.70611798763,-2.09));
#7070 = ORIENTED_EDGE('',*,*,#7071,.F.);
#7071 = EDGE_CURVE('',#4771,#7065,#7072,.T.);
#7072 = LINE('',#7073,#7074);
#7073 = CARTESIAN_POINT('',(70.71129989624,-45.62738502025,
    20.569999694824));
#7074 = VECTOR('',#7075,1.);
#7075 = DIRECTION('',(0.,0.,-1.));
#7076 = ORIENTED_EDGE('',*,*,#4770,.T.);
#7077 = PLANE('',#7078);
#7078 = AXIS2_PLACEMENT_3D('',#7079,#7080,#7081);
#7079 = CARTESIAN_POINT('',(70.171799659729,-45.16675150394,
    8.784999847412));
#7080 = DIRECTION('',(-0.649331308161,-0.760505655628,-0.));
#7081 = DIRECTION('',(-0.760505655628,0.649331308161,0.));
#7082 = ADVANCED_FACE('',(#7083),#7100,.F.);
#7083 = FACE_BOUND('',#7084,.F.);
#7084 = EDGE_LOOP('',(#7085,#7093,#7094,#7095));
#7085 = ORIENTED_EDGE('',*,*,#7086,.F.);
#7086 = EDGE_CURVE('',#5221,#7087,#7089,.T.);
#7087 = VERTEX_POINT('',#7088);
#7088 = CARTESIAN_POINT('',(71.93090057373,-46.35230994224,-2.09));
#7089 = LINE('',#7090,#7091);
#7090 = CARTESIAN_POINT('',(71.93090057373,-46.35230994224,
    20.569999694824));
#7091 = VECTOR('',#7092,1.);
#7092 = DIRECTION('',(0.,0.,-1.));
#7093 = ORIENTED_EDGE('',*,*,#5228,.T.);
#7094 = ORIENTED_EDGE('',*,*,#7071,.T.);
#7095 = ORIENTED_EDGE('',*,*,#7096,.F.);
#7096 = EDGE_CURVE('',#7087,#7065,#7097,.T.);
#7097 = B_SPLINE_CURVE_WITH_KNOTS('',1,(#7098,#7099),.UNSPECIFIED.,.F.,
  .F.,(2,2),(0.,1.),.PIECEWISE_BEZIER_KNOTS.);
#7098 = CARTESIAN_POINT('',(71.93090057373,-46.35230994224,-2.09));
#7099 = CARTESIAN_POINT('',(70.71129989624,-45.62738502025,-2.09));
#7100 = PLANE('',#7101);
#7101 = AXIS2_PLACEMENT_3D('',#7102,#7103,#7104);
#7102 = CARTESIAN_POINT('',(71.321100234985,-45.98984748125,
    8.784999847412));
#7103 = DIRECTION('',(-0.510948824795,-0.859611132106,-0.));
#7104 = DIRECTION('',(-0.859611132106,0.510948824795,0.));
#7105 = ADVANCED_FACE('',(#7106),#7123,.F.);
#7106 = FACE_BOUND('',#7107,.F.);
#7107 = EDGE_LOOP('',(#7108,#7116,#7121,#7122));
#7108 = ORIENTED_EDGE('',*,*,#7109,.F.);
#7109 = EDGE_CURVE('',#7110,#4781,#7112,.T.);
#7110 = VERTEX_POINT('',#7111);
#7111 = CARTESIAN_POINT('',(68.725200653076,-43.61520004272,-2.09));
#7112 = LINE('',#7113,#7114);
#7113 = CARTESIAN_POINT('',(68.725200653076,-43.61520004272,-3.));
#7114 = VECTOR('',#7115,1.);
#7115 = DIRECTION('',(0.,0.,1.));
#7116 = ORIENTED_EDGE('',*,*,#7117,.F.);
#7117 = EDGE_CURVE('',#7057,#7110,#7118,.T.);
#7118 = B_SPLINE_CURVE_WITH_KNOTS('',1,(#7119,#7120),.UNSPECIFIED.,.F.,
  .F.,(2,2),(0.,1.),.PIECEWISE_BEZIER_KNOTS.);
#7119 = CARTESIAN_POINT('',(69.632299423218,-44.70611798763,-2.09));
#7120 = CARTESIAN_POINT('',(68.725200653076,-43.61520004272,-2.09));
#7121 = ORIENTED_EDGE('',*,*,#7056,.T.);
#7122 = ORIENTED_EDGE('',*,*,#4780,.T.);
#7123 = PLANE('',#7124);
#7124 = AXIS2_PLACEMENT_3D('',#7125,#7126,#7127);
#7125 = CARTESIAN_POINT('',(69.178750038147,-44.16065901517,
    8.784999847412));
#7126 = DIRECTION('',(-0.768913939455,-0.639352292333,-0.));
#7127 = DIRECTION('',(0.639352292333,-0.768913939455,0.));
#7128 = ADVANCED_FACE('',(#7129),#7146,.F.);
#7129 = FACE_BOUND('',#7130,.F.);
#7130 = EDGE_LOOP('',(#7131,#7139,#7140,#7141));
#7131 = ORIENTED_EDGE('',*,*,#7132,.F.);
#7132 = EDGE_CURVE('',#5213,#7133,#7135,.T.);
#7133 = VERTEX_POINT('',#7134);
#7134 = CARTESIAN_POINT('',(73.255699157715,-46.85988998413,-2.09));
#7135 = LINE('',#7136,#7137);
#7136 = CARTESIAN_POINT('',(73.255699157715,-46.85988998413,
    20.569999694824));
#7137 = VECTOR('',#7138,1.);
#7138 = DIRECTION('',(0.,0.,-1.));
#7139 = ORIENTED_EDGE('',*,*,#5220,.T.);
#7140 = ORIENTED_EDGE('',*,*,#7086,.T.);
#7141 = ORIENTED_EDGE('',*,*,#7142,.F.);
#7142 = EDGE_CURVE('',#7133,#7087,#7143,.T.);
#7143 = B_SPLINE_CURVE_WITH_KNOTS('',1,(#7144,#7145),.UNSPECIFIED.,.F.,
  .F.,(2,2),(0.,1.),.PIECEWISE_BEZIER_KNOTS.);
#7144 = CARTESIAN_POINT('',(73.255699157715,-46.85988998413,-2.09));
#7145 = CARTESIAN_POINT('',(71.93090057373,-46.35230994224,-2.09));
#7146 = PLANE('',#7147);
#7147 = AXIS2_PLACEMENT_3D('',#7148,#7149,#7150);
#7148 = CARTESIAN_POINT('',(72.593299865723,-46.60609996318,
    8.784999847412));
#7149 = DIRECTION('',(-0.357776579887,-0.933807217195,-0.));
#7150 = DIRECTION('',(-0.933807217195,0.357776579887,0.));
#7151 = ADVANCED_FACE('',(#7152),#7169,.F.);
#7152 = FACE_BOUND('',#7153,.F.);
#7153 = EDGE_LOOP('',(#7154,#7155,#7163,#7168));
#7154 = ORIENTED_EDGE('',*,*,#4788,.T.);
#7155 = ORIENTED_EDGE('',*,*,#7156,.T.);
#7156 = EDGE_CURVE('',#4789,#7157,#7159,.T.);
#7157 = VERTEX_POINT('',#7158);
#7158 = CARTESIAN_POINT('',(68.371500015259,-43.15404999256,-2.09));
#7159 = LINE('',#7160,#7161);
#7160 = CARTESIAN_POINT('',(68.371500015259,-43.15404999256,
    20.569999694824));
#7161 = VECTOR('',#7162,1.);
#7162 = DIRECTION('',(0.,0.,-1.));
#7163 = ORIENTED_EDGE('',*,*,#7164,.F.);
#7164 = EDGE_CURVE('',#7110,#7157,#7165,.T.);
#7165 = B_SPLINE_CURVE_WITH_KNOTS('',1,(#7166,#7167),.UNSPECIFIED.,.F.,
  .F.,(2,2),(0.,1.),.PIECEWISE_BEZIER_KNOTS.);
#7166 = CARTESIAN_POINT('',(68.725200653076,-43.61520004272,-2.09));
#7167 = CARTESIAN_POINT('',(68.371500015259,-43.15404999256,-2.09));
#7168 = ORIENTED_EDGE('',*,*,#7109,.T.);
#7169 = PLANE('',#7170);
#7170 = AXIS2_PLACEMENT_3D('',#7171,#7172,#7173);
#7171 = CARTESIAN_POINT('',(68.548350334167,-43.38462501764,
    8.784999847412));
#7172 = DIRECTION('',(-0.793479837443,-0.608596539238,-0.));
#7173 = DIRECTION('',(0.608596539238,-0.793479837443,0.));
#7174 = ADVANCED_FACE('',(#7175),#7192,.F.);
#7175 = FACE_BOUND('',#7176,.F.);
#7176 = EDGE_LOOP('',(#7177,#7185,#7186,#7187));
#7177 = ORIENTED_EDGE('',*,*,#7178,.F.);
#7178 = EDGE_CURVE('',#5205,#7179,#7181,.T.);
#7179 = VERTEX_POINT('',#7180);
#7180 = CARTESIAN_POINT('',(74.647499084473,-47.13541007041,-2.09));
#7181 = LINE('',#7182,#7183);
#7182 = CARTESIAN_POINT('',(74.647499084473,-47.13541007041,
    20.569999694824));
#7183 = VECTOR('',#7184,1.);
#7184 = DIRECTION('',(0.,0.,-1.));
#7185 = ORIENTED_EDGE('',*,*,#5212,.T.);
#7186 = ORIENTED_EDGE('',*,*,#7132,.T.);
#7187 = ORIENTED_EDGE('',*,*,#7188,.F.);
#7188 = EDGE_CURVE('',#7179,#7133,#7189,.T.);
#7189 = B_SPLINE_CURVE_WITH_KNOTS('',1,(#7190,#7191),.UNSPECIFIED.,.F.,
  .F.,(2,2),(0.,1.),.PIECEWISE_BEZIER_KNOTS.);
#7190 = CARTESIAN_POINT('',(74.647499084473,-47.13541007041,-2.09));
#7191 = CARTESIAN_POINT('',(73.255699157715,-46.85988998413,-2.09));
#7192 = PLANE('',#7193);
#7193 = AXIS2_PLACEMENT_3D('',#7194,#7195,#7196);
#7194 = CARTESIAN_POINT('',(73.951599121094,-46.99765002727,
    8.784999847412));
#7195 = DIRECTION('',(-0.194191134268,-0.980963711547,-0.));
#7196 = DIRECTION('',(-0.980963711547,0.194191134268,0.));
#7197 = ADVANCED_FACE('',(#7198),#7215,.F.);
#7198 = FACE_BOUND('',#7199,.F.);
#7199 = EDGE_LOOP('',(#7200,#7201,#7202,#7210));
#7200 = ORIENTED_EDGE('',*,*,#7156,.F.);
#7201 = ORIENTED_EDGE('',*,*,#4796,.T.);
#7202 = ORIENTED_EDGE('',*,*,#7203,.T.);
#7203 = EDGE_CURVE('',#4797,#7204,#7206,.T.);
#7204 = VERTEX_POINT('',#7205);
#7205 = CARTESIAN_POINT('',(67.921600341797,-42.78597998619,-2.09));
#7206 = LINE('',#7207,#7208);
#7207 = CARTESIAN_POINT('',(67.921600341797,-42.78597998619,
    20.569999694824));
#7208 = VECTOR('',#7209,1.);
#7209 = DIRECTION('',(0.,0.,-1.));
#7210 = ORIENTED_EDGE('',*,*,#7211,.F.);
#7211 = EDGE_CURVE('',#7157,#7204,#7212,.T.);
#7212 = B_SPLINE_CURVE_WITH_KNOTS('',1,(#7213,#7214),.UNSPECIFIED.,.F.,
  .F.,(2,2),(0.,1.),.PIECEWISE_BEZIER_KNOTS.);
#7213 = CARTESIAN_POINT('',(68.371500015259,-43.15404999256,-2.09));
#7214 = CARTESIAN_POINT('',(67.921600341797,-42.78597998619,-2.09));
#7215 = PLANE('',#7216);
#7216 = AXIS2_PLACEMENT_3D('',#7217,#7218,#7219);
#7217 = CARTESIAN_POINT('',(68.146550178528,-42.97001498937,
    8.784999847412));
#7218 = DIRECTION('',(-0.633207156544,-0.773982362138,-0.));
#7219 = DIRECTION('',(-0.773982362138,0.633207156544,0.));
#7220 = ADVANCED_FACE('',(#7221),#7238,.F.);
#7221 = FACE_BOUND('',#7222,.F.);
#7222 = EDGE_LOOP('',(#7223,#7231,#7232,#7233));
#7223 = ORIENTED_EDGE('',*,*,#7224,.F.);
#7224 = EDGE_CURVE('',#5197,#7225,#7227,.T.);
#7225 = VERTEX_POINT('',#7226);
#7226 = CARTESIAN_POINT('',(76.065799713135,-47.17089009285,-2.09));
#7227 = LINE('',#7228,#7229);
#7228 = CARTESIAN_POINT('',(76.065799713135,-47.17089009285,
    20.569999694824));
#7229 = VECTOR('',#7230,1.);
#7230 = DIRECTION('',(0.,0.,-1.));
#7231 = ORIENTED_EDGE('',*,*,#5204,.T.);
#7232 = ORIENTED_EDGE('',*,*,#7178,.T.);
#7233 = ORIENTED_EDGE('',*,*,#7234,.F.);
#7234 = EDGE_CURVE('',#7225,#7179,#7235,.T.);
#7235 = B_SPLINE_CURVE_WITH_KNOTS('',1,(#7236,#7237),.UNSPECIFIED.,.F.,
  .F.,(2,2),(0.,1.),.PIECEWISE_BEZIER_KNOTS.);
#7236 = CARTESIAN_POINT('',(76.065799713135,-47.17089009285,-2.09));
#7237 = CARTESIAN_POINT('',(74.647499084473,-47.13541007041,-2.09));
#7238 = PLANE('',#7239);
#7239 = AXIS2_PLACEMENT_3D('',#7240,#7241,#7242);
#7240 = CARTESIAN_POINT('',(75.356649398804,-47.15315008163,
    8.784999847412));
#7241 = DIRECTION('',(-2.500804507472E-02,-0.999687249934,-0.));
#7242 = DIRECTION('',(-0.999687249934,2.500804507472E-02,0.));
#7243 = ADVANCED_FACE('',(#7244),#7261,.F.);
#7244 = FACE_BOUND('',#7245,.F.);
#7245 = EDGE_LOOP('',(#7246,#7247,#7248,#7256));
#7246 = ORIENTED_EDGE('',*,*,#7203,.F.);
#7247 = ORIENTED_EDGE('',*,*,#4804,.T.);
#7248 = ORIENTED_EDGE('',*,*,#7249,.T.);
#7249 = EDGE_CURVE('',#4805,#7250,#7252,.T.);
#7250 = VERTEX_POINT('',#7251);
#7251 = CARTESIAN_POINT('',(67.399599075317,-42.53050994873,-2.09));
#7252 = LINE('',#7253,#7254);
#7253 = CARTESIAN_POINT('',(67.399599075317,-42.53050994873,
    20.569999694824));
#7254 = VECTOR('',#7255,1.);
#7255 = DIRECTION('',(0.,0.,-1.));
#7256 = ORIENTED_EDGE('',*,*,#7257,.F.);
#7257 = EDGE_CURVE('',#7204,#7250,#7258,.T.);
#7258 = B_SPLINE_CURVE_WITH_KNOTS('',1,(#7259,#7260),.UNSPECIFIED.,.F.,
  .F.,(2,2),(0.,1.),.PIECEWISE_BEZIER_KNOTS.);
#7259 = CARTESIAN_POINT('',(67.921600341797,-42.78597998619,-2.09));
#7260 = CARTESIAN_POINT('',(67.399599075317,-42.53050994873,-2.09));
#7261 = PLANE('',#7262);
#7262 = AXIS2_PLACEMENT_3D('',#7263,#7264,#7265);
#7263 = CARTESIAN_POINT('',(67.660599708557,-42.65824496746,
    8.784999847412));
#7264 = DIRECTION('',(-0.439584250676,-0.898201361922,-0.));
#7265 = DIRECTION('',(-0.898201361922,0.439584250676,0.));
#7266 = ADVANCED_FACE('',(#7267),#7284,.F.);
#7267 = FACE_BOUND('',#7268,.F.);
#7268 = EDGE_LOOP('',(#7269,#7277,#7278,#7279));
#7269 = ORIENTED_EDGE('',*,*,#7270,.F.);
#7270 = EDGE_CURVE('',#5189,#7271,#7273,.T.);
#7271 = VERTEX_POINT('',#7272);
#7272 = CARTESIAN_POINT('',(77.46960067749,-46.96530997753,-2.09));
#7273 = LINE('',#7274,#7275);
#7274 = CARTESIAN_POINT('',(77.46960067749,-46.96530997753,
    20.569999694824));
#7275 = VECTOR('',#7276,1.);
#7276 = DIRECTION('',(0.,0.,-1.));
#7277 = ORIENTED_EDGE('',*,*,#5196,.T.);
#7278 = ORIENTED_EDGE('',*,*,#7224,.T.);
#7279 = ORIENTED_EDGE('',*,*,#7280,.F.);
#7280 = EDGE_CURVE('',#7271,#7225,#7281,.T.);
#7281 = B_SPLINE_CURVE_WITH_KNOTS('',1,(#7282,#7283),.UNSPECIFIED.,.F.,
  .F.,(2,2),(0.,1.),.PIECEWISE_BEZIER_KNOTS.);
#7282 = CARTESIAN_POINT('',(77.46960067749,-46.96530997753,-2.09));
#7283 = CARTESIAN_POINT('',(76.065799713135,-47.17089009285,-2.09));
#7284 = PLANE('',#7285);
#7285 = AXIS2_PLACEMENT_3D('',#7286,#7287,#7288);
#7286 = CARTESIAN_POINT('',(76.767700195312,-47.06810003519,
    8.784999847412));
#7287 = DIRECTION('',(0.144899808703,-0.989446332773,0.));
#7288 = DIRECTION('',(-0.989446332773,-0.144899808703,0.));
#7289 = ADVANCED_FACE('',(#7290),#7307,.F.);
#7290 = FACE_BOUND('',#7291,.F.);
#7291 = EDGE_LOOP('',(#7292,#7293,#7294,#7302));
#7292 = ORIENTED_EDGE('',*,*,#7249,.F.);
#7293 = ORIENTED_EDGE('',*,*,#4812,.T.);
#7294 = ORIENTED_EDGE('',*,*,#7295,.T.);
#7295 = EDGE_CURVE('',#4813,#7296,#7298,.T.);
#7296 = VERTEX_POINT('',#7297);
#7297 = CARTESIAN_POINT('',(66.832901000977,-42.40116000175,-2.09));
#7298 = LINE('',#7299,#7300);
#7299 = CARTESIAN_POINT('',(66.832901000977,-42.40116000175,
    20.569999694824));
#7300 = VECTOR('',#7301,1.);
#7301 = DIRECTION('',(0.,0.,-1.));
#7302 = ORIENTED_EDGE('',*,*,#7303,.F.);
#7303 = EDGE_CURVE('',#7250,#7296,#7304,.T.);
#7304 = B_SPLINE_CURVE_WITH_KNOTS('',1,(#7305,#7306),.UNSPECIFIED.,.F.,
  .F.,(2,2),(0.,1.),.PIECEWISE_BEZIER_KNOTS.);
#7305 = CARTESIAN_POINT('',(67.399599075317,-42.53050994873,-2.09));
#7306 = CARTESIAN_POINT('',(66.832901000977,-42.40116000175,-2.09));
#7307 = PLANE('',#7308);
#7308 = AXIS2_PLACEMENT_3D('',#7309,#7310,#7311);
#7309 = CARTESIAN_POINT('',(67.116250038147,-42.46583497524,
    8.784999847412));
#7310 = DIRECTION('',(-0.222528798431,-0.974926117133,-0.));
#7311 = DIRECTION('',(-0.974926117133,0.222528798431,0.));
#7312 = ADVANCED_FACE('',(#7313),#7330,.F.);
#7313 = FACE_BOUND('',#7314,.F.);
#7314 = EDGE_LOOP('',(#7315,#7323,#7324,#7325));
#7315 = ORIENTED_EDGE('',*,*,#7316,.F.);
#7316 = EDGE_CURVE('',#5181,#7317,#7319,.T.);
#7317 = VERTEX_POINT('',#7318);
#7318 = CARTESIAN_POINT('',(78.818199157715,-46.52462005615,-2.09));
#7319 = LINE('',#7320,#7321);
#7320 = CARTESIAN_POINT('',(78.818199157715,-46.52462005615,
    20.569999694824));
#7321 = VECTOR('',#7322,1.);
#7322 = DIRECTION('',(0.,0.,-1.));
#7323 = ORIENTED_EDGE('',*,*,#5188,.T.);
#7324 = ORIENTED_EDGE('',*,*,#7270,.T.);
#7325 = ORIENTED_EDGE('',*,*,#7326,.F.);
#7326 = EDGE_CURVE('',#7317,#7271,#7327,.T.);
#7327 = B_SPLINE_CURVE_WITH_KNOTS('',1,(#7328,#7329),.UNSPECIFIED.,.F.,
  .F.,(2,2),(0.,1.),.PIECEWISE_BEZIER_KNOTS.);
#7328 = CARTESIAN_POINT('',(78.818199157715,-46.52462005615,-2.09));
#7329 = CARTESIAN_POINT('',(77.46960067749,-46.96530997753,-2.09));
#7330 = PLANE('',#7331);
#7331 = AXIS2_PLACEMENT_3D('',#7332,#7333,#7334);
#7332 = CARTESIAN_POINT('',(78.143899917603,-46.74496501684,
    8.784999847412));
#7333 = DIRECTION('',(0.310612744509,-0.950536544773,0.));
#7334 = DIRECTION('',(-0.950536544773,-0.310612744509,0.));
#7335 = ADVANCED_FACE('',(#7336),#7353,.F.);
#7336 = FACE_BOUND('',#7337,.F.);
#7337 = EDGE_LOOP('',(#7338,#7339,#7340,#7348));
#7338 = ORIENTED_EDGE('',*,*,#7295,.F.);
#7339 = ORIENTED_EDGE('',*,*,#4820,.T.);
#7340 = ORIENTED_EDGE('',*,*,#7341,.T.);
#7341 = EDGE_CURVE('',#4821,#7342,#7344,.T.);
#7342 = VERTEX_POINT('',#7343);
#7343 = CARTESIAN_POINT('',(66.25170135498,-42.40477991104,-2.09));
#7344 = LINE('',#7345,#7346);
#7345 = CARTESIAN_POINT('',(66.25170135498,-42.40477991104,
    20.569999694824));
#7346 = VECTOR('',#7347,1.);
#7347 = DIRECTION('',(0.,0.,-1.));
#7348 = ORIENTED_EDGE('',*,*,#7349,.F.);
#7349 = EDGE_CURVE('',#7296,#7342,#7350,.T.);
#7350 = B_SPLINE_CURVE_WITH_KNOTS('',1,(#7351,#7352),.UNSPECIFIED.,.F.,
  .F.,(2,2),(0.,1.),.PIECEWISE_BEZIER_KNOTS.);
#7351 = CARTESIAN_POINT('',(66.832901000977,-42.40116000175,-2.09));
#7352 = CARTESIAN_POINT('',(66.25170135498,-42.40477991104,-2.09));
#7353 = PLANE('',#7354);
#7354 = AXIS2_PLACEMENT_3D('',#7355,#7356,#7357);
#7355 = CARTESIAN_POINT('',(66.542301177979,-42.40296995639,
    8.784999847412));
#7356 = DIRECTION('',(6.228219685457E-03,-0.999980604452,0.));
#7357 = DIRECTION('',(-0.999980604452,-6.228219685457E-03,0.));
#7358 = ADVANCED_FACE('',(#7359),#7376,.F.);
#7359 = FACE_BOUND('',#7360,.F.);
#7360 = EDGE_LOOP('',(#7361,#7369,#7370,#7371));
#7361 = ORIENTED_EDGE('',*,*,#7362,.F.);
#7362 = EDGE_CURVE('',#5173,#7363,#7365,.T.);
#7363 = VERTEX_POINT('',#7364);
#7364 = CARTESIAN_POINT('',(80.072500228882,-45.86159300804,-2.09));
#7365 = LINE('',#7366,#7367);
#7366 = CARTESIAN_POINT('',(80.072500228882,-45.86159300804,
    20.569999694824));
#7367 = VECTOR('',#7368,1.);
#7368 = DIRECTION('',(0.,0.,-1.));
#7369 = ORIENTED_EDGE('',*,*,#5180,.T.);
#7370 = ORIENTED_EDGE('',*,*,#7316,.T.);
#7371 = ORIENTED_EDGE('',*,*,#7372,.F.);
#7372 = EDGE_CURVE('',#7363,#7317,#7373,.T.);
#7373 = B_SPLINE_CURVE_WITH_KNOTS('',1,(#7374,#7375),.UNSPECIFIED.,.F.,
  .F.,(2,2),(0.,1.),.PIECEWISE_BEZIER_KNOTS.);
#7374 = CARTESIAN_POINT('',(80.072500228882,-45.86159300804,-2.09));
#7375 = CARTESIAN_POINT('',(78.818199157715,-46.52462005615,-2.09));
#7376 = PLANE('',#7377);
#7377 = AXIS2_PLACEMENT_3D('',#7378,#7379,#7380);
#7378 = CARTESIAN_POINT('',(79.445349693298,-46.19310653209,
    8.784999847412));
#7379 = DIRECTION('',(0.46732899816,-0.884083484451,0.));
#7380 = DIRECTION('',(-0.884083484451,-0.46732899816,0.));
#7381 = ADVANCED_FACE('',(#7382),#7399,.F.);
#7382 = FACE_BOUND('',#7383,.F.);
#7383 = EDGE_LOOP('',(#7384,#7385,#7386,#7394));
#7384 = ORIENTED_EDGE('',*,*,#7341,.F.);
#7385 = ORIENTED_EDGE('',*,*,#4828,.T.);
#7386 = ORIENTED_EDGE('',*,*,#7387,.T.);
#7387 = EDGE_CURVE('',#4829,#7388,#7390,.T.);
#7388 = VERTEX_POINT('',#7389);
#7389 = CARTESIAN_POINT('',(65.686698913574,-42.5411798954,-2.09));
#7390 = LINE('',#7391,#7392);
#7391 = CARTESIAN_POINT('',(65.686698913574,-42.5411798954,
    20.569999694824));
#7392 = VECTOR('',#7393,1.);
#7393 = DIRECTION('',(0.,0.,-1.));
#7394 = ORIENTED_EDGE('',*,*,#7395,.F.);
#7395 = EDGE_CURVE('',#7342,#7388,#7396,.T.);
#7396 = B_SPLINE_CURVE_WITH_KNOTS('',1,(#7397,#7398),.UNSPECIFIED.,.F.,
  .F.,(2,2),(0.,1.),.PIECEWISE_BEZIER_KNOTS.);
#7397 = CARTESIAN_POINT('',(66.25170135498,-42.40477991104,-2.09));
#7398 = CARTESIAN_POINT('',(65.686698913574,-42.5411798954,-2.09));
#7399 = PLANE('',#7400);
#7400 = AXIS2_PLACEMENT_3D('',#7401,#7402,#7403);
#7401 = CARTESIAN_POINT('',(65.969200134277,-42.47297990322,
    8.784999847412));
#7402 = DIRECTION('',(0.234673185792,-0.97207432631,0.));
#7403 = DIRECTION('',(-0.97207432631,-0.234673185792,0.));
#7404 = ADVANCED_FACE('',(#7405),#7422,.F.);
#7405 = FACE_BOUND('',#7406,.F.);
#7406 = EDGE_LOOP('',(#7407,#7408,#7409,#7416));
#7407 = ORIENTED_EDGE('',*,*,#5172,.T.);
#7408 = ORIENTED_EDGE('',*,*,#7362,.T.);
#7409 = ORIENTED_EDGE('',*,*,#7410,.T.);
#7410 = EDGE_CURVE('',#7363,#7411,#7413,.T.);
#7411 = VERTEX_POINT('',#7412);
#7412 = CARTESIAN_POINT('',(81.196199417114,-44.99543457012,-2.09));
#7413 = B_SPLINE_CURVE_WITH_KNOTS('',1,(#7414,#7415),.UNSPECIFIED.,.F.,
  .F.,(2,2),(0.,1.),.PIECEWISE_BEZIER_KNOTS.);
#7414 = CARTESIAN_POINT('',(80.072500228882,-45.86159300804,-2.09));
#7415 = CARTESIAN_POINT('',(81.196199417114,-44.99543457012,-2.09));
#7416 = ORIENTED_EDGE('',*,*,#7417,.F.);
#7417 = EDGE_CURVE('',#5165,#7411,#7418,.T.);
#7418 = LINE('',#7419,#7420);
#7419 = CARTESIAN_POINT('',(81.196199417114,-44.99543457012,
    20.569999694824));
#7420 = VECTOR('',#7421,1.);
#7421 = DIRECTION('',(0.,0.,-1.));
#7422 = PLANE('',#7423);
#7423 = AXIS2_PLACEMENT_3D('',#7424,#7425,#7426);
#7424 = CARTESIAN_POINT('',(80.634349822998,-45.42851378908,
    8.784999847412));
#7425 = DIRECTION('',(0.61049620889,-0.792019178385,0.));
#7426 = DIRECTION('',(-0.792019178385,-0.61049620889,0.));
#7427 = ADVANCED_FACE('',(#7428),#7445,.F.);
#7428 = FACE_BOUND('',#7429,.F.);
#7429 = EDGE_LOOP('',(#7430,#7431,#7432,#7440));
#7430 = ORIENTED_EDGE('',*,*,#7387,.F.);
#7431 = ORIENTED_EDGE('',*,*,#4836,.T.);
#7432 = ORIENTED_EDGE('',*,*,#7433,.T.);
#7433 = EDGE_CURVE('',#4837,#7434,#7436,.T.);
#7434 = VERTEX_POINT('',#7435);
#7435 = CARTESIAN_POINT('',(65.167900085449,-42.803139925,-2.09));
#7436 = LINE('',#7437,#7438);
#7437 = CARTESIAN_POINT('',(65.167900085449,-42.803139925,
    20.569999694824));
#7438 = VECTOR('',#7439,1.);
#7439 = DIRECTION('',(0.,0.,-1.));
#7440 = ORIENTED_EDGE('',*,*,#7441,.F.);
#7441 = EDGE_CURVE('',#7388,#7434,#7442,.T.);
#7442 = B_SPLINE_CURVE_WITH_KNOTS('',1,(#7443,#7444),.UNSPECIFIED.,.F.,
  .F.,(2,2),(0.,1.),.PIECEWISE_BEZIER_KNOTS.);
#7443 = CARTESIAN_POINT('',(65.686698913574,-42.5411798954,-2.09));
#7444 = CARTESIAN_POINT('',(65.167900085449,-42.803139925,-2.09));
#7445 = PLANE('',#7446);
#7446 = AXIS2_PLACEMENT_3D('',#7447,#7448,#7449);
#7447 = CARTESIAN_POINT('',(65.427299499512,-42.6721599102,
    8.784999847412));
#7448 = DIRECTION('',(0.450734809022,-0.892657903082,0.));
#7449 = DIRECTION('',(-0.892657903082,-0.450734809022,0.));
#7450 = ADVANCED_FACE('',(#7451),#7468,.F.);
#7451 = FACE_BOUND('',#7452,.F.);
#7452 = EDGE_LOOP('',(#7453,#7454,#7455,#7462));
#7453 = ORIENTED_EDGE('',*,*,#5164,.T.);
#7454 = ORIENTED_EDGE('',*,*,#7417,.T.);
#7455 = ORIENTED_EDGE('',*,*,#7456,.T.);
#7456 = EDGE_CURVE('',#7411,#7457,#7459,.T.);
#7457 = VERTEX_POINT('',#7458);
#7458 = CARTESIAN_POINT('',(82.156700134277,-43.9512399435,-2.09));
#7459 = B_SPLINE_CURVE_WITH_KNOTS('',1,(#7460,#7461),.UNSPECIFIED.,.F.,
  .F.,(2,2),(0.,1.),.PIECEWISE_BEZIER_KNOTS.);
#7460 = CARTESIAN_POINT('',(81.196199417114,-44.99543457012,-2.09));
#7461 = CARTESIAN_POINT('',(82.156700134277,-43.9512399435,-2.09));
#7462 = ORIENTED_EDGE('',*,*,#7463,.T.);
#7463 = EDGE_CURVE('',#7457,#5157,#7464,.T.);
#7464 = LINE('',#7465,#7466);
#7465 = CARTESIAN_POINT('',(82.156700134277,-43.9512399435,-3.));
#7466 = VECTOR('',#7467,1.);
#7467 = DIRECTION('',(0.,0.,1.));
#7468 = PLANE('',#7469);
#7469 = AXIS2_PLACEMENT_3D('',#7470,#7471,#7472);
#7470 = CARTESIAN_POINT('',(81.676449775696,-44.47333725681,
    8.784999847412));
#7471 = DIRECTION('',(0.735986617539,-0.676996084777,0.));
#7472 = DIRECTION('',(0.676996084777,0.735986617539,0.));
#7473 = ADVANCED_FACE('',(#7474),#7491,.F.);
#7474 = FACE_BOUND('',#7475,.F.);
#7475 = EDGE_LOOP('',(#7476,#7477,#7478,#7486));
#7476 = ORIENTED_EDGE('',*,*,#7433,.F.);
#7477 = ORIENTED_EDGE('',*,*,#4844,.T.);
#7478 = ORIENTED_EDGE('',*,*,#7479,.T.);
#7479 = EDGE_CURVE('',#4845,#7480,#7482,.T.);
#7480 = VERTEX_POINT('',#7481);
#7481 = CARTESIAN_POINT('',(64.722599029541,-43.17677998542,-2.09));
#7482 = LINE('',#7483,#7484);
#7483 = CARTESIAN_POINT('',(64.722599029541,-43.17677998542,
    20.569999694824));
#7484 = VECTOR('',#7485,1.);
#7485 = DIRECTION('',(0.,0.,-1.));
#7486 = ORIENTED_EDGE('',*,*,#7487,.F.);
#7487 = EDGE_CURVE('',#7434,#7480,#7488,.T.);
#7488 = B_SPLINE_CURVE_WITH_KNOTS('',1,(#7489,#7490),.UNSPECIFIED.,.F.,
  .F.,(2,2),(0.,1.),.PIECEWISE_BEZIER_KNOTS.);
#7489 = CARTESIAN_POINT('',(65.167900085449,-42.803139925,-2.09));
#7490 = CARTESIAN_POINT('',(64.722599029541,-43.17677998542,-2.09));
#7491 = PLANE('',#7492);
#7492 = AXIS2_PLACEMENT_3D('',#7493,#7494,#7495);
#7493 = CARTESIAN_POINT('',(64.945249557495,-42.98995995521,
    8.784999847412));
#7494 = DIRECTION('',(0.64277560508,-0.766054516019,0.));
#7495 = DIRECTION('',(-0.766054516019,-0.64277560508,0.));
#7496 = ADVANCED_FACE('',(#7497),#7514,.F.);
#7497 = FACE_BOUND('',#7498,.F.);
#7498 = EDGE_LOOP('',(#7499,#7500,#7507,#7513));
#7499 = ORIENTED_EDGE('',*,*,#7463,.F.);
#7500 = ORIENTED_EDGE('',*,*,#7501,.T.);
#7501 = EDGE_CURVE('',#7457,#7502,#7504,.T.);
#7502 = VERTEX_POINT('',#7503);
#7503 = CARTESIAN_POINT('',(82.926200866699,-42.75927996635,-2.09));
#7504 = B_SPLINE_CURVE_WITH_KNOTS('',1,(#7505,#7506),.UNSPECIFIED.,.F.,
  .F.,(2,2),(0.,1.),.PIECEWISE_BEZIER_KNOTS.);
#7505 = CARTESIAN_POINT('',(82.156700134277,-43.9512399435,-2.09));
#7506 = CARTESIAN_POINT('',(82.926200866699,-42.75927996635,-2.09));
#7507 = ORIENTED_EDGE('',*,*,#7508,.T.);
#7508 = EDGE_CURVE('',#7502,#5149,#7509,.T.);
#7509 = LINE('',#7510,#7511);
#7510 = CARTESIAN_POINT('',(82.926200866699,-42.75927996635,-3.));
#7511 = VECTOR('',#7512,1.);
#7512 = DIRECTION('',(0.,0.,1.));
#7513 = ORIENTED_EDGE('',*,*,#5156,.T.);
#7514 = PLANE('',#7515);
#7515 = AXIS2_PLACEMENT_3D('',#7516,#7517,#7518);
#7516 = CARTESIAN_POINT('',(82.541450500488,-43.35525995492,
    8.784999847412));
#7517 = DIRECTION('',(0.840137900432,-0.542372849853,0.));
#7518 = DIRECTION('',(0.542372849853,0.840137900432,0.));
#7519 = ADVANCED_FACE('',(#7520),#7537,.F.);
#7520 = FACE_BOUND('',#7521,.F.);
#7521 = EDGE_LOOP('',(#7522,#7523,#7524,#7532));
#7522 = ORIENTED_EDGE('',*,*,#7479,.F.);
#7523 = ORIENTED_EDGE('',*,*,#4852,.T.);
#7524 = ORIENTED_EDGE('',*,*,#7525,.T.);
#7525 = EDGE_CURVE('',#4853,#7526,#7528,.T.);
#7526 = VERTEX_POINT('',#7527);
#7527 = CARTESIAN_POINT('',(64.374599456787,-43.6423100233,-2.09));
#7528 = LINE('',#7529,#7530);
#7529 = CARTESIAN_POINT('',(64.374599456787,-43.6423100233,
    20.569999694824));
#7530 = VECTOR('',#7531,1.);
#7531 = DIRECTION('',(0.,0.,-1.));
#7532 = ORIENTED_EDGE('',*,*,#7533,.T.);
#7533 = EDGE_CURVE('',#7526,#7480,#7534,.T.);
#7534 = B_SPLINE_CURVE_WITH_KNOTS('',1,(#7535,#7536),.UNSPECIFIED.,.F.,
  .F.,(2,2),(0.,1.),.PIECEWISE_BEZIER_KNOTS.);
#7535 = CARTESIAN_POINT('',(64.374599456787,-43.6423100233,-2.09));
#7536 = CARTESIAN_POINT('',(64.722599029541,-43.17677998542,-2.09));
#7537 = PLANE('',#7538);
#7538 = AXIS2_PLACEMENT_3D('',#7539,#7540,#7541);
#7539 = CARTESIAN_POINT('',(64.548599243164,-43.40954500436,
    8.784999847412));
#7540 = DIRECTION('',(0.800947032153,-0.598735209993,0.));
#7541 = DIRECTION('',(0.598735209993,0.800947032153,0.));
#7542 = ADVANCED_FACE('',(#7543),#7560,.F.);
#7543 = FACE_BOUND('',#7544,.F.);
#7544 = EDGE_LOOP('',(#7545,#7546,#7553,#7559));
#7545 = ORIENTED_EDGE('',*,*,#7508,.F.);
#7546 = ORIENTED_EDGE('',*,*,#7547,.T.);
#7547 = EDGE_CURVE('',#7502,#7548,#7550,.T.);
#7548 = VERTEX_POINT('',#7549);
#7549 = CARTESIAN_POINT('',(83.482399940491,-41.45407009124,-2.09));
#7550 = B_SPLINE_CURVE_WITH_KNOTS('',1,(#7551,#7552),.UNSPECIFIED.,.F.,
  .F.,(2,2),(0.,1.),.PIECEWISE_BEZIER_KNOTS.);
#7551 = CARTESIAN_POINT('',(82.926200866699,-42.75927996635,-2.09));
#7552 = CARTESIAN_POINT('',(83.482399940491,-41.45407009124,-2.09));
#7553 = ORIENTED_EDGE('',*,*,#7554,.T.);
#7554 = EDGE_CURVE('',#7548,#5141,#7555,.T.);
#7555 = LINE('',#7556,#7557);
#7556 = CARTESIAN_POINT('',(83.482399940491,-41.45407009124,-3.));
#7557 = VECTOR('',#7558,1.);
#7558 = DIRECTION('',(0.,0.,1.));
#7559 = ORIENTED_EDGE('',*,*,#5148,.T.);
#7560 = PLANE('',#7561);
#7561 = AXIS2_PLACEMENT_3D('',#7562,#7563,#7564);
#7562 = CARTESIAN_POINT('',(83.204300403595,-42.1066750288,
    8.784999847412));
#7563 = DIRECTION('',(0.919953741725,-0.392026929031,0.));
#7564 = DIRECTION('',(0.392026929031,0.919953741725,0.));
#7565 = ADVANCED_FACE('',(#7566),#7583,.F.);
#7566 = FACE_BOUND('',#7567,.F.);
#7567 = EDGE_LOOP('',(#7568,#7576,#7581,#7582));
#7568 = ORIENTED_EDGE('',*,*,#7569,.F.);
#7569 = EDGE_CURVE('',#7570,#4861,#7572,.T.);
#7570 = VERTEX_POINT('',#7571);
#7571 = CARTESIAN_POINT('',(63.496898651123,-44.74035900831,-2.09));
#7572 = LINE('',#7573,#7574);
#7573 = CARTESIAN_POINT('',(63.496898651123,-44.74035900831,-3.));
#7574 = VECTOR('',#7575,1.);
#7575 = DIRECTION('',(0.,0.,1.));
#7576 = ORIENTED_EDGE('',*,*,#7577,.T.);
#7577 = EDGE_CURVE('',#7570,#7526,#7578,.T.);
#7578 = B_SPLINE_CURVE_WITH_KNOTS('',1,(#7579,#7580),.UNSPECIFIED.,.F.,
  .F.,(2,2),(0.,1.),.PIECEWISE_BEZIER_KNOTS.);
#7579 = CARTESIAN_POINT('',(63.496898651123,-44.74035900831,-2.09));
#7580 = CARTESIAN_POINT('',(64.374599456787,-43.6423100233,-2.09));
#7581 = ORIENTED_EDGE('',*,*,#7525,.F.);
#7582 = ORIENTED_EDGE('',*,*,#4860,.T.);
#7583 = PLANE('',#7584);
#7584 = AXIS2_PLACEMENT_3D('',#7585,#7586,#7587);
#7585 = CARTESIAN_POINT('',(63.935749053955,-44.19133451581,
    8.784999847412));
#7586 = DIRECTION('',(0.781124971558,-0.624374710257,0.));
#7587 = DIRECTION('',(0.624374710257,0.781124971558,0.));
#7588 = ADVANCED_FACE('',(#7589),#7606,.F.);
#7589 = FACE_BOUND('',#7590,.F.);
#7590 = EDGE_LOOP('',(#7591,#7592,#7599,#7605));
#7591 = ORIENTED_EDGE('',*,*,#7554,.F.);
#7592 = ORIENTED_EDGE('',*,*,#7593,.T.);
#7593 = EDGE_CURVE('',#7548,#7594,#7596,.T.);
#7594 = VERTEX_POINT('',#7595);
#7595 = CARTESIAN_POINT('',(83.809100151062,-40.0734500885,-2.09));
#7596 = B_SPLINE_CURVE_WITH_KNOTS('',1,(#7597,#7598),.UNSPECIFIED.,.F.,
  .F.,(2,2),(0.,1.),.PIECEWISE_BEZIER_KNOTS.);
#7597 = CARTESIAN_POINT('',(83.482399940491,-41.45407009124,-2.09));
#7598 = CARTESIAN_POINT('',(83.809100151062,-40.0734500885,-2.09));
#7599 = ORIENTED_EDGE('',*,*,#7600,.T.);
#7600 = EDGE_CURVE('',#7594,#5133,#7601,.T.);
#7601 = LINE('',#7602,#7603);
#7602 = CARTESIAN_POINT('',(83.809100151062,-40.0734500885,-3.));
#7603 = VECTOR('',#7604,1.);
#7604 = DIRECTION('',(0.,0.,1.));
#7605 = ORIENTED_EDGE('',*,*,#5140,.T.);
#7606 = PLANE('',#7607);
#7607 = AXIS2_PLACEMENT_3D('',#7608,#7609,#7610);
#7608 = CARTESIAN_POINT('',(83.645750045776,-40.76376008987,
    8.784999847412));
#7609 = DIRECTION('',(0.973125909314,-0.230273673315,0.));
#7610 = DIRECTION('',(0.230273673315,0.973125909314,0.));
#7611 = ADVANCED_FACE('',(#7612),#7629,.F.);
#7612 = FACE_BOUND('',#7613,.F.);
#7613 = EDGE_LOOP('',(#7614,#7622,#7627,#7628));
#7614 = ORIENTED_EDGE('',*,*,#7615,.F.);
#7615 = EDGE_CURVE('',#7616,#4869,#7618,.T.);
#7616 = VERTEX_POINT('',#7617);
#7617 = CARTESIAN_POINT('',(62.451999664307,-45.68063098192,-2.09));
#7618 = LINE('',#7619,#7620);
#7619 = CARTESIAN_POINT('',(62.451999664307,-45.68063098192,-3.));
#7620 = VECTOR('',#7621,1.);
#7621 = DIRECTION('',(0.,0.,1.));
#7622 = ORIENTED_EDGE('',*,*,#7623,.T.);
#7623 = EDGE_CURVE('',#7616,#7570,#7624,.T.);
#7624 = B_SPLINE_CURVE_WITH_KNOTS('',1,(#7625,#7626),.UNSPECIFIED.,.F.,
  .F.,(2,2),(0.,1.),.PIECEWISE_BEZIER_KNOTS.);
#7625 = CARTESIAN_POINT('',(62.451999664307,-45.68063098192,-2.09));
#7626 = CARTESIAN_POINT('',(63.496898651123,-44.74035900831,-2.09));
#7627 = ORIENTED_EDGE('',*,*,#7569,.T.);
#7628 = ORIENTED_EDGE('',*,*,#4868,.T.);
#7629 = PLANE('',#7630);
#7630 = AXIS2_PLACEMENT_3D('',#7631,#7632,#7633);
#7631 = CARTESIAN_POINT('',(62.974449157715,-45.21049499511,
    8.784999847412));
#7632 = DIRECTION('',(0.668910838444,-0.743342646572,0.));
#7633 = DIRECTION('',(-0.743342646572,-0.668910838444,0.));
#7634 = ADVANCED_FACE('',(#7635),#7652,.F.);
#7635 = FACE_BOUND('',#7636,.F.);
#7636 = EDGE_LOOP('',(#7637,#7638,#7645,#7651));
#7637 = ORIENTED_EDGE('',*,*,#7600,.F.);
#7638 = ORIENTED_EDGE('',*,*,#7639,.T.);
#7639 = EDGE_CURVE('',#7594,#7640,#7642,.T.);
#7640 = VERTEX_POINT('',#7641);
#7641 = CARTESIAN_POINT('',(83.897000312805,-38.65740013122,-2.09));
#7642 = B_SPLINE_CURVE_WITH_KNOTS('',1,(#7643,#7644),.UNSPECIFIED.,.F.,
  .F.,(2,2),(0.,1.),.PIECEWISE_BEZIER_KNOTS.);
#7643 = CARTESIAN_POINT('',(83.809100151062,-40.0734500885,-2.09));
#7644 = CARTESIAN_POINT('',(83.897000312805,-38.65740013122,-2.09));
#7645 = ORIENTED_EDGE('',*,*,#7646,.T.);
#7646 = EDGE_CURVE('',#7640,#5125,#7647,.T.);
#7647 = LINE('',#7648,#7649);
#7648 = CARTESIAN_POINT('',(83.897000312805,-38.65740013122,-3.));
#7649 = VECTOR('',#7650,1.);
#7650 = DIRECTION('',(0.,0.,1.));
#7651 = ORIENTED_EDGE('',*,*,#5132,.T.);
#7652 = PLANE('',#7653);
#7653 = AXIS2_PLACEMENT_3D('',#7654,#7655,#7656);
#7654 = CARTESIAN_POINT('',(83.853050231934,-39.36542510986,
    8.784999847412));
#7655 = DIRECTION('',(0.998078947013,-6.195494758086E-02,0.));
#7656 = DIRECTION('',(6.195494758086E-02,0.998078947013,0.));
#7657 = ADVANCED_FACE('',(#7658),#7675,.F.);
#7658 = FACE_BOUND('',#7659,.F.);
#7659 = EDGE_LOOP('',(#7660,#7667,#7668,#7669));
#7660 = ORIENTED_EDGE('',*,*,#7661,.F.);
#7661 = EDGE_CURVE('',#7616,#7662,#7664,.T.);
#7662 = VERTEX_POINT('',#7663);
#7663 = CARTESIAN_POINT('',(61.267700195312,-46.43797004222,-2.09));
#7664 = B_SPLINE_CURVE_WITH_KNOTS('',1,(#7665,#7666),.UNSPECIFIED.,.F.,
  .F.,(2,2),(0.,1.),.PIECEWISE_BEZIER_KNOTS.);
#7665 = CARTESIAN_POINT('',(62.451999664307,-45.68063098192,-2.09));
#7666 = CARTESIAN_POINT('',(61.267700195312,-46.43797004222,-2.09));
#7667 = ORIENTED_EDGE('',*,*,#7615,.T.);
#7668 = ORIENTED_EDGE('',*,*,#4876,.T.);
#7669 = ORIENTED_EDGE('',*,*,#7670,.F.);
#7670 = EDGE_CURVE('',#7662,#4877,#7671,.T.);
#7671 = LINE('',#7672,#7673);
#7672 = CARTESIAN_POINT('',(61.267700195312,-46.43797004222,-3.));
#7673 = VECTOR('',#7674,1.);
#7674 = DIRECTION('',(0.,0.,1.));
#7675 = PLANE('',#7676);
#7676 = AXIS2_PLACEMENT_3D('',#7677,#7678,#7679);
#7677 = CARTESIAN_POINT('',(61.85984992981,-46.05930051207,
    8.784999847412));
#7678 = DIRECTION('',(0.538744507092,-0.842469201858,0.));
#7679 = DIRECTION('',(-0.842469201858,-0.538744507092,0.));
#7680 = ADVANCED_FACE('',(#7681),#7698,.F.);
#7681 = FACE_BOUND('',#7682,.F.);
#7682 = EDGE_LOOP('',(#7683,#7684,#7691,#7697));
#7683 = ORIENTED_EDGE('',*,*,#7646,.F.);
#7684 = ORIENTED_EDGE('',*,*,#7685,.T.);
#7685 = EDGE_CURVE('',#7640,#7686,#7688,.T.);
#7686 = VERTEX_POINT('',#7687);
#7687 = CARTESIAN_POINT('',(83.743399620056,-37.24697017669,-2.09));
#7688 = B_SPLINE_CURVE_WITH_KNOTS('',1,(#7689,#7690),.UNSPECIFIED.,.F.,
  .F.,(2,2),(0.,1.),.PIECEWISE_BEZIER_KNOTS.);
#7689 = CARTESIAN_POINT('',(83.897000312805,-38.65740013122,-2.09));
#7690 = CARTESIAN_POINT('',(83.743399620056,-37.24697017669,-2.09));
#7691 = ORIENTED_EDGE('',*,*,#7692,.T.);
#7692 = EDGE_CURVE('',#7686,#5117,#7693,.T.);
#7693 = LINE('',#7694,#7695);
#7694 = CARTESIAN_POINT('',(83.743399620056,-37.24697017669,-3.));
#7695 = VECTOR('',#7696,1.);
#7696 = DIRECTION('',(0.,0.,1.));
#7697 = ORIENTED_EDGE('',*,*,#5124,.T.);
#7698 = PLANE('',#7699);
#7699 = AXIS2_PLACEMENT_3D('',#7700,#7701,#7702);
#7700 = CARTESIAN_POINT('',(83.820199966431,-37.95218515396,
    8.784999847412));
#7701 = DIRECTION('',(0.994122249976,0.108263346069,0.));
#7702 = DIRECTION('',(-0.108263346069,0.994122249976,0.));
#7703 = ADVANCED_FACE('',(#7704),#7721,.F.);
#7704 = FACE_BOUND('',#7705,.F.);
#7705 = EDGE_LOOP('',(#7706,#7714,#7719,#7720));
#7706 = ORIENTED_EDGE('',*,*,#7707,.F.);
#7707 = EDGE_CURVE('',#7708,#4885,#7710,.T.);
#7708 = VERTEX_POINT('',#7709);
#7709 = CARTESIAN_POINT('',(59.975799560547,-46.99210000038,-2.09));
#7710 = LINE('',#7711,#7712);
#7711 = CARTESIAN_POINT('',(59.975799560547,-46.99210000038,-3.));
#7712 = VECTOR('',#7713,1.);
#7713 = DIRECTION('',(0.,0.,1.));
#7714 = ORIENTED_EDGE('',*,*,#7715,.F.);
#7715 = EDGE_CURVE('',#7662,#7708,#7716,.T.);
#7716 = B_SPLINE_CURVE_WITH_KNOTS('',1,(#7717,#7718),.UNSPECIFIED.,.F.,
  .F.,(2,2),(0.,1.),.PIECEWISE_BEZIER_KNOTS.);
#7717 = CARTESIAN_POINT('',(61.267700195313,-46.43797004222,-2.09));
#7718 = CARTESIAN_POINT('',(59.975799560547,-46.99210000038,-2.09));
#7719 = ORIENTED_EDGE('',*,*,#7670,.T.);
#7720 = ORIENTED_EDGE('',*,*,#4884,.T.);
#7721 = PLANE('',#7722);
#7722 = AXIS2_PLACEMENT_3D('',#7723,#7724,#7725);
#7723 = CARTESIAN_POINT('',(60.62174987793,-46.7150350213,8.784999847412
    ));
#7724 = DIRECTION('',(0.394194689081,-0.919026956678,0.));
#7725 = DIRECTION('',(-0.919026956678,-0.394194689081,0.));
#7726 = ADVANCED_FACE('',(#7727),#7744,.F.);
#7727 = FACE_BOUND('',#7728,.F.);
#7728 = EDGE_LOOP('',(#7729,#7730,#7737,#7743));
#7729 = ORIENTED_EDGE('',*,*,#7692,.F.);
#7730 = ORIENTED_EDGE('',*,*,#7731,.T.);
#7731 = EDGE_CURVE('',#7686,#7732,#7734,.T.);
#7732 = VERTEX_POINT('',#7733);
#7733 = CARTESIAN_POINT('',(83.352800369263,-35.883020401,-2.09));
#7734 = B_SPLINE_CURVE_WITH_KNOTS('',1,(#7735,#7736),.UNSPECIFIED.,.F.,
  .F.,(2,2),(0.,1.),.PIECEWISE_BEZIER_KNOTS.);
#7735 = CARTESIAN_POINT('',(83.743399620056,-37.24697017669,-2.09));
#7736 = CARTESIAN_POINT('',(83.352800369263,-35.883020401,-2.09));
#7737 = ORIENTED_EDGE('',*,*,#7738,.T.);
#7738 = EDGE_CURVE('',#7732,#5109,#7739,.T.);
#7739 = LINE('',#7740,#7741);
#7740 = CARTESIAN_POINT('',(83.352800369263,-35.883020401,-3.));
#7741 = VECTOR('',#7742,1.);
#7742 = DIRECTION('',(0.,0.,1.));
#7743 = ORIENTED_EDGE('',*,*,#5116,.T.);
#7744 = PLANE('',#7745);
#7745 = AXIS2_PLACEMENT_3D('',#7746,#7747,#7748);
#7746 = CARTESIAN_POINT('',(83.548099994659,-36.56499528884,
    8.784999847412));
#7747 = DIRECTION('',(0.961356332624,0.275307104382,0.));
#7748 = DIRECTION('',(-0.275307104382,0.961356332624,0.));
#7749 = ADVANCED_FACE('',(#7750),#7767,.F.);
#7750 = FACE_BOUND('',#7751,.F.);
#7751 = EDGE_LOOP('',(#7752,#7753,#7754,#7762));
#7752 = ORIENTED_EDGE('',*,*,#7707,.T.);
#7753 = ORIENTED_EDGE('',*,*,#4892,.T.);
#7754 = ORIENTED_EDGE('',*,*,#7755,.T.);
#7755 = EDGE_CURVE('',#4893,#7756,#7758,.T.);
#7756 = VERTEX_POINT('',#7757);
#7757 = CARTESIAN_POINT('',(58.610801696777,-47.32820010185,-2.09));
#7758 = LINE('',#7759,#7760);
#7759 = CARTESIAN_POINT('',(58.610801696777,-47.32820010185,
    20.569999694824));
#7760 = VECTOR('',#7761,1.);
#7761 = DIRECTION('',(0.,0.,-1.));
#7762 = ORIENTED_EDGE('',*,*,#7763,.F.);
#7763 = EDGE_CURVE('',#7708,#7756,#7764,.T.);
#7764 = B_SPLINE_CURVE_WITH_KNOTS('',1,(#7765,#7766),.UNSPECIFIED.,.F.,
  .F.,(2,2),(0.,1.),.PIECEWISE_BEZIER_KNOTS.);
#7765 = CARTESIAN_POINT('',(59.975799560547,-46.99210000038,-2.09));
#7766 = CARTESIAN_POINT('',(58.610801696777,-47.32820010185,-2.09));
#7767 = PLANE('',#7768);
#7768 = AXIS2_PLACEMENT_3D('',#7769,#7770,#7771);
#7769 = CARTESIAN_POINT('',(59.293300628662,-47.16015005111,
    8.784999847412));
#7770 = DIRECTION('',(0.239086538829,-0.970998263104,0.));
#7771 = DIRECTION('',(-0.970998263104,-0.239086538829,0.));
#7772 = ADVANCED_FACE('',(#7773),#7790,.F.);
#7773 = FACE_BOUND('',#7774,.F.);
#7774 = EDGE_LOOP('',(#7775,#7776,#7783,#7789));
#7775 = ORIENTED_EDGE('',*,*,#7738,.F.);
#7776 = ORIENTED_EDGE('',*,*,#7777,.T.);
#7777 = EDGE_CURVE('',#7732,#7778,#7780,.T.);
#7778 = VERTEX_POINT('',#7779);
#7779 = CARTESIAN_POINT('',(82.736600875854,-34.60509967804,-2.09));
#7780 = B_SPLINE_CURVE_WITH_KNOTS('',1,(#7781,#7782),.UNSPECIFIED.,.F.,
  .F.,(2,2),(0.,1.),.PIECEWISE_BEZIER_KNOTS.);
#7781 = CARTESIAN_POINT('',(83.352800369263,-35.883020401,-2.09));
#7782 = CARTESIAN_POINT('',(82.736600875854,-34.60509967804,-2.09));
#7783 = ORIENTED_EDGE('',*,*,#7784,.T.);
#7784 = EDGE_CURVE('',#7778,#5101,#7785,.T.);
#7785 = LINE('',#7786,#7787);
#7786 = CARTESIAN_POINT('',(82.736600875854,-34.60509967804,-3.));
#7787 = VECTOR('',#7788,1.);
#7788 = DIRECTION('',(0.,0.,1.));
#7789 = ORIENTED_EDGE('',*,*,#5108,.T.);
#7790 = PLANE('',#7791);
#7791 = AXIS2_PLACEMENT_3D('',#7792,#7793,#7794);
#7792 = CARTESIAN_POINT('',(83.044700622559,-35.24406003952,
    8.784999847412));
#7793 = DIRECTION('',(0.900752371985,0.434333010906,0.));
#7794 = DIRECTION('',(-0.434333010906,0.900752371985,0.));
#7795 = ADVANCED_FACE('',(#7796),#7813,.F.);
#7796 = FACE_BOUND('',#7797,.F.);
#7797 = EDGE_LOOP('',(#7798,#7806,#7811,#7812));
#7798 = ORIENTED_EDGE('',*,*,#7799,.F.);
#7799 = EDGE_CURVE('',#7800,#4901,#7802,.T.);
#7800 = VERTEX_POINT('',#7801);
#7801 = CARTESIAN_POINT('',(57.209400177002,-47.43728995323,-2.09));
#7802 = LINE('',#7803,#7804);
#7803 = CARTESIAN_POINT('',(57.209400177002,-47.43728995323,-3.));
#7804 = VECTOR('',#7805,1.);
#7805 = DIRECTION('',(0.,0.,1.));
#7806 = ORIENTED_EDGE('',*,*,#7807,.F.);
#7807 = EDGE_CURVE('',#7756,#7800,#7808,.T.);
#7808 = B_SPLINE_CURVE_WITH_KNOTS('',1,(#7809,#7810),.UNSPECIFIED.,.F.,
  .F.,(2,2),(0.,1.),.PIECEWISE_BEZIER_KNOTS.);
#7809 = CARTESIAN_POINT('',(58.610801696777,-47.32820010185,-2.09));
#7810 = CARTESIAN_POINT('',(57.209400177002,-47.43728995323,-2.09));
#7811 = ORIENTED_EDGE('',*,*,#7755,.F.);
#7812 = ORIENTED_EDGE('',*,*,#4900,.T.);
#7813 = PLANE('',#7814);
#7814 = AXIS2_PLACEMENT_3D('',#7815,#7816,#7817);
#7815 = CARTESIAN_POINT('',(57.91010093689,-47.38274502754,
    8.784999847412));
#7816 = DIRECTION('',(7.760861131125E-02,-0.996983903306,0.));
#7817 = DIRECTION('',(-0.996983903306,-7.760861131125E-02,0.));
#7818 = ADVANCED_FACE('',(#7819),#7836,.F.);
#7819 = FACE_BOUND('',#7820,.F.);
#7820 = EDGE_LOOP('',(#7821,#7822,#7829,#7835));
#7821 = ORIENTED_EDGE('',*,*,#7784,.F.);
#7822 = ORIENTED_EDGE('',*,*,#7823,.T.);
#7823 = EDGE_CURVE('',#7778,#7824,#7826,.T.);
#7824 = VERTEX_POINT('',#7825);
#7825 = CARTESIAN_POINT('',(81.912599563599,-33.45020008087,-2.09));
#7826 = B_SPLINE_CURVE_WITH_KNOTS('',1,(#7827,#7828),.UNSPECIFIED.,.F.,
  .F.,(2,2),(0.,1.),.PIECEWISE_BEZIER_KNOTS.);
#7827 = CARTESIAN_POINT('',(82.736600875855,-34.60509967804,-2.09));
#7828 = CARTESIAN_POINT('',(81.912599563599,-33.45020008087,-2.09));
#7829 = ORIENTED_EDGE('',*,*,#7830,.T.);
#7830 = EDGE_CURVE('',#7824,#5093,#7831,.T.);
#7831 = LINE('',#7832,#7833);
#7832 = CARTESIAN_POINT('',(81.912599563599,-33.45020008087,-3.));
#7833 = VECTOR('',#7834,1.);
#7834 = DIRECTION('',(0.,0.,1.));
#7835 = ORIENTED_EDGE('',*,*,#5100,.T.);
#7836 = PLANE('',#7837);
#7837 = AXIS2_PLACEMENT_3D('',#7838,#7839,#7840);
#7838 = CARTESIAN_POINT('',(82.324600219727,-34.02764987945,
    8.784999847412));
#7839 = DIRECTION('',(0.814042389625,0.580805464759,0.));
#7840 = DIRECTION('',(-0.580805464759,0.814042389625,0.));
#7841 = ADVANCED_FACE('',(#7842),#7859,.F.);
#7842 = FACE_BOUND('',#7843,.F.);
#7843 = EDGE_LOOP('',(#7844,#7851,#7852,#7853));
#7844 = ORIENTED_EDGE('',*,*,#7845,.F.);
#7845 = EDGE_CURVE('',#7800,#7846,#7848,.T.);
#7846 = VERTEX_POINT('',#7847);
#7847 = CARTESIAN_POINT('',(55.808799743652,-47.31643009185,-2.09));
#7848 = B_SPLINE_CURVE_WITH_KNOTS('',1,(#7849,#7850),.UNSPECIFIED.,.F.,
  .F.,(2,2),(0.,1.),.PIECEWISE_BEZIER_KNOTS.);
#7849 = CARTESIAN_POINT('',(57.209400177002,-47.43728995323,-2.09));
#7850 = CARTESIAN_POINT('',(55.808799743652,-47.31643009185,-2.09));
#7851 = ORIENTED_EDGE('',*,*,#7799,.T.);
#7852 = ORIENTED_EDGE('',*,*,#4908,.T.);
#7853 = ORIENTED_EDGE('',*,*,#7854,.F.);
#7854 = EDGE_CURVE('',#7846,#4909,#7855,.T.);
#7855 = LINE('',#7856,#7857);
#7856 = CARTESIAN_POINT('',(55.808799743652,-47.31643009185,-3.));
#7857 = VECTOR('',#7858,1.);
#7858 = DIRECTION('',(0.,0.,1.));
#7859 = PLANE('',#7860);
#7860 = AXIS2_PLACEMENT_3D('',#7861,#7862,#7863);
#7861 = CARTESIAN_POINT('',(56.509099960327,-47.37686002254,
    8.784999847412));
#7862 = DIRECTION('',(-8.597197431213E-02,-0.99629755577,-0.));
#7863 = DIRECTION('',(-0.99629755577,8.597197431213E-02,0.));
#7864 = ADVANCED_FACE('',(#7865),#7882,.F.);
#7865 = FACE_BOUND('',#7866,.F.);
#7866 = EDGE_LOOP('',(#7867,#7868,#7875,#7881));
#7867 = ORIENTED_EDGE('',*,*,#7830,.F.);
#7868 = ORIENTED_EDGE('',*,*,#7869,.T.);
#7869 = EDGE_CURVE('',#7824,#7870,#7872,.T.);
#7870 = VERTEX_POINT('',#7871);
#7871 = CARTESIAN_POINT('',(68.099700927734,-17.21470069885,-2.09));
#7872 = B_SPLINE_CURVE_WITH_KNOTS('',1,(#7873,#7874),.UNSPECIFIED.,.F.,
  .F.,(2,2),(0.,1.),.PIECEWISE_BEZIER_KNOTS.);
#7873 = CARTESIAN_POINT('',(81.912599563599,-33.45020008087,-2.09));
#7874 = CARTESIAN_POINT('',(68.099700927734,-17.21470069885,-2.09));
#7875 = ORIENTED_EDGE('',*,*,#7876,.T.);
#7876 = EDGE_CURVE('',#7870,#5085,#7877,.T.);
#7877 = LINE('',#7878,#7879);
#7878 = CARTESIAN_POINT('',(68.099700927734,-17.21470069885,-3.));
#7879 = VECTOR('',#7880,1.);
#7880 = DIRECTION('',(0.,0.,1.));
#7881 = ORIENTED_EDGE('',*,*,#5092,.T.);
#7882 = PLANE('',#7883);
#7883 = AXIS2_PLACEMENT_3D('',#7884,#7885,#7886);
#7884 = CARTESIAN_POINT('',(75.006150245667,-25.33245038986,
    8.784999847412));
#7885 = DIRECTION('',(0.761644677702,0.647994895758,0.));
#7886 = DIRECTION('',(-0.647994895758,0.761644677702,0.));
#7887 = ADVANCED_FACE('',(#7888),#7905,.F.);
#7888 = FACE_BOUND('',#7889,.F.);
#7889 = EDGE_LOOP('',(#7890,#7897,#7898,#7899));
#7890 = ORIENTED_EDGE('',*,*,#7891,.F.);
#7891 = EDGE_CURVE('',#7846,#7892,#7894,.T.);
#7892 = VERTEX_POINT('',#7893);
#7893 = CARTESIAN_POINT('',(54.446800231934,-46.96887004375,-2.09));
#7894 = B_SPLINE_CURVE_WITH_KNOTS('',1,(#7895,#7896),.UNSPECIFIED.,.F.,
  .F.,(2,2),(0.,1.),.PIECEWISE_BEZIER_KNOTS.);
#7895 = CARTESIAN_POINT('',(55.808799743652,-47.31643009185,-2.09));
#7896 = CARTESIAN_POINT('',(54.446800231934,-46.96887004375,-2.09));
#7897 = ORIENTED_EDGE('',*,*,#7854,.T.);
#7898 = ORIENTED_EDGE('',*,*,#4916,.T.);
#7899 = ORIENTED_EDGE('',*,*,#7900,.F.);
#7900 = EDGE_CURVE('',#7892,#4917,#7901,.T.);
#7901 = LINE('',#7902,#7903);
#7902 = CARTESIAN_POINT('',(54.446800231934,-46.96887004375,-3.));
#7903 = VECTOR('',#7904,1.);
#7904 = DIRECTION('',(0.,0.,1.));
#7905 = PLANE('',#7906);
#7906 = AXIS2_PLACEMENT_3D('',#7907,#7908,#7909);
#7907 = CARTESIAN_POINT('',(55.127799987793,-47.1426500678,
    8.784999847412));
#7908 = DIRECTION('',(-0.247260014181,-0.968949165533,-0.));
#7909 = DIRECTION('',(-0.968949165533,0.247260014181,0.));
#7910 = ADVANCED_FACE('',(#7911),#7928,.F.);
#7911 = FACE_BOUND('',#7912,.F.);
#7912 = EDGE_LOOP('',(#7913,#7914,#7921,#7927));
#7913 = ORIENTED_EDGE('',*,*,#7876,.F.);
#7914 = ORIENTED_EDGE('',*,*,#7915,.T.);
#7915 = EDGE_CURVE('',#7870,#7916,#7918,.T.);
#7916 = VERTEX_POINT('',#7917);
#7917 = CARTESIAN_POINT('',(67.795700073242,-16.87879943847,-2.09));
#7918 = B_SPLINE_CURVE_WITH_KNOTS('',1,(#7919,#7920),.UNSPECIFIED.,.F.,
  .F.,(2,2),(0.,1.),.PIECEWISE_BEZIER_KNOTS.);
#7919 = CARTESIAN_POINT('',(68.099700927734,-17.21470069885,-2.09));
#7920 = CARTESIAN_POINT('',(67.795700073242,-16.87879943847,-2.09));
#7921 = ORIENTED_EDGE('',*,*,#7922,.T.);
#7922 = EDGE_CURVE('',#7916,#5077,#7923,.T.);
#7923 = LINE('',#7924,#7925);
#7924 = CARTESIAN_POINT('',(67.795700073242,-16.87879943847,-3.));
#7925 = VECTOR('',#7926,1.);
#7926 = DIRECTION('',(0.,0.,1.));
#7927 = ORIENTED_EDGE('',*,*,#5084,.T.);
#7928 = PLANE('',#7929);
#7929 = AXIS2_PLACEMENT_3D('',#7930,#7931,#7932);
#7930 = CARTESIAN_POINT('',(67.947700500488,-17.04675006866,
    8.784999847412));
#7931 = DIRECTION('',(0.741436728673,0.671022784542,0.));
#7932 = DIRECTION('',(-0.671022784542,0.741436728673,0.));
#7933 = ADVANCED_FACE('',(#7934),#7951,.F.);
#7934 = FACE_BOUND('',#7935,.F.);
#7935 = EDGE_LOOP('',(#7936,#7943,#7944,#7945));
#7936 = ORIENTED_EDGE('',*,*,#7937,.F.);
#7937 = EDGE_CURVE('',#7892,#7938,#7940,.T.);
#7938 = VERTEX_POINT('',#7939);
#7939 = CARTESIAN_POINT('',(53.159599304199,-46.40389001369,-2.09));
#7940 = B_SPLINE_CURVE_WITH_KNOTS('',1,(#7941,#7942),.UNSPECIFIED.,.F.,
  .F.,(2,2),(0.,1.),.PIECEWISE_BEZIER_KNOTS.);
#7941 = CARTESIAN_POINT('',(54.446800231934,-46.96887004375,-2.09));
#7942 = CARTESIAN_POINT('',(53.159599304199,-46.40389001369,-2.09));
#7943 = ORIENTED_EDGE('',*,*,#7900,.T.);
#7944 = ORIENTED_EDGE('',*,*,#4924,.T.);
#7945 = ORIENTED_EDGE('',*,*,#7946,.F.);
#7946 = EDGE_CURVE('',#7938,#4925,#7947,.T.);
#7947 = LINE('',#7948,#7949);
#7948 = CARTESIAN_POINT('',(53.159599304199,-46.40389001369,-3.));
#7949 = VECTOR('',#7950,1.);
#7950 = DIRECTION('',(0.,0.,1.));
#7951 = PLANE('',#7952);
#7952 = AXIS2_PLACEMENT_3D('',#7953,#7954,#7955);
#7953 = CARTESIAN_POINT('',(53.803199768066,-46.68638002872,
    8.784999847412));
#7954 = DIRECTION('',(-0.401910992107,-0.915678739746,-0.));
#7955 = DIRECTION('',(-0.915678739746,0.401910992107,0.));
#7956 = ADVANCED_FACE('',(#7957),#7974,.F.);
#7957 = FACE_BOUND('',#7958,.F.);
#7958 = EDGE_LOOP('',(#7959,#7960,#7967,#7973));
#7959 = ORIENTED_EDGE('',*,*,#7922,.F.);
#7960 = ORIENTED_EDGE('',*,*,#7961,.T.);
#7961 = EDGE_CURVE('',#7916,#7962,#7964,.T.);
#7962 = VERTEX_POINT('',#7963);
#7963 = CARTESIAN_POINT('',(67.421600341797,-16.62319946289,-2.09));
#7964 = B_SPLINE_CURVE_WITH_KNOTS('',1,(#7965,#7966),.UNSPECIFIED.,.F.,
  .F.,(2,2),(0.,1.),.PIECEWISE_BEZIER_KNOTS.);
#7965 = CARTESIAN_POINT('',(67.795700073242,-16.87879943847,-2.09));
#7966 = CARTESIAN_POINT('',(67.421600341797,-16.62319946289,-2.09));
#7967 = ORIENTED_EDGE('',*,*,#7968,.T.);
#7968 = EDGE_CURVE('',#7962,#5069,#7969,.T.);
#7969 = LINE('',#7970,#7971);
#7970 = CARTESIAN_POINT('',(67.421600341797,-16.62319946289,-3.));
#7971 = VECTOR('',#7972,1.);
#7972 = DIRECTION('',(0.,0.,1.));
#7973 = ORIENTED_EDGE('',*,*,#5076,.T.);
#7974 = PLANE('',#7975);
#7975 = AXIS2_PLACEMENT_3D('',#7976,#7977,#7978);
#7976 = CARTESIAN_POINT('',(67.60865020752,-16.75099945068,
    8.784999847412));
#7977 = DIRECTION('',(0.564138083488,0.825680460443,0.));
#7978 = DIRECTION('',(0.825680460443,-0.564138083488,0.));
#7979 = ADVANCED_FACE('',(#7980),#7997,.F.);
#7980 = FACE_BOUND('',#7981,.F.);
#7981 = EDGE_LOOP('',(#7982,#7990,#7995,#7996));
#7982 = ORIENTED_EDGE('',*,*,#7983,.F.);
#7983 = EDGE_CURVE('',#7984,#4933,#7986,.T.);
#7984 = VERTEX_POINT('',#7985);
#7985 = CARTESIAN_POINT('',(51.981700897217,-45.63663202524,-2.09));
#7986 = LINE('',#7987,#7988);
#7987 = CARTESIAN_POINT('',(51.981700897217,-45.63663202524,-3.));
#7988 = VECTOR('',#7989,1.);
#7989 = DIRECTION('',(0.,0.,1.));
#7990 = ORIENTED_EDGE('',*,*,#7991,.F.);
#7991 = EDGE_CURVE('',#7938,#7984,#7992,.T.);
#7992 = B_SPLINE_CURVE_WITH_KNOTS('',1,(#7993,#7994),.UNSPECIFIED.,.F.,
  .F.,(2,2),(0.,1.),.PIECEWISE_BEZIER_KNOTS.);
#7993 = CARTESIAN_POINT('',(53.159599304199,-46.40389001369,-2.09));
#7994 = CARTESIAN_POINT('',(51.981700897217,-45.63663202524,-2.09));
#7995 = ORIENTED_EDGE('',*,*,#7946,.T.);
#7996 = ORIENTED_EDGE('',*,*,#4932,.T.);
#7997 = PLANE('',#7998);
#7998 = AXIS2_PLACEMENT_3D('',#7999,#8000,#8001);
#7999 = CARTESIAN_POINT('',(52.570650100708,-46.02026101946,
    8.784999847412));
#8000 = DIRECTION('',(-0.545800237819,-0.837915330088,-0.));
#8001 = DIRECTION('',(-0.837915330088,0.545800237819,0.));
#8002 = ADVANCED_FACE('',(#8003),#8020,.F.);
#8003 = FACE_BOUND('',#8004,.F.);
#8004 = EDGE_LOOP('',(#8005,#8006,#8013,#8019));
#8005 = ORIENTED_EDGE('',*,*,#7968,.F.);
#8006 = ORIENTED_EDGE('',*,*,#8007,.T.);
#8007 = EDGE_CURVE('',#7962,#8008,#8010,.T.);
#8008 = VERTEX_POINT('',#8009);
#8009 = CARTESIAN_POINT('',(66.998100280762,-16.46209907531,-2.09));
#8010 = B_SPLINE_CURVE_WITH_KNOTS('',1,(#8011,#8012),.UNSPECIFIED.,.F.,
  .F.,(2,2),(0.,1.),.PIECEWISE_BEZIER_KNOTS.);
#8011 = CARTESIAN_POINT('',(67.421600341797,-16.62319946289,-2.09));
#8012 = CARTESIAN_POINT('',(66.998100280762,-16.46209907531,-2.09));
#8013 = ORIENTED_EDGE('',*,*,#8014,.T.);
#8014 = EDGE_CURVE('',#8008,#5061,#8015,.T.);
#8015 = LINE('',#8016,#8017);
#8016 = CARTESIAN_POINT('',(66.998100280762,-16.46209907531,-3.));
#8017 = VECTOR('',#8018,1.);
#8018 = DIRECTION('',(0.,0.,1.));
#8019 = ORIENTED_EDGE('',*,*,#5068,.T.);
#8020 = PLANE('',#8021);
#8021 = AXIS2_PLACEMENT_3D('',#8022,#8023,#8024);
#8022 = CARTESIAN_POINT('',(67.209850311279,-16.5426492691,
    8.784999847412));
#8023 = DIRECTION('',(0.355546287957,0.934658674127,0.));
#8024 = DIRECTION('',(0.934658674127,-0.355546287957,0.));
#8025 = ADVANCED_FACE('',(#8026),#8043,.F.);
#8026 = FACE_BOUND('',#8027,.F.);
#8027 = EDGE_LOOP('',(#8028,#8035,#8036,#8037));
#8028 = ORIENTED_EDGE('',*,*,#8029,.F.);
#8029 = EDGE_CURVE('',#7984,#8030,#8032,.T.);
#8030 = VERTEX_POINT('',#8031);
#8031 = CARTESIAN_POINT('',(50.94469833374,-44.68761000037,-2.09));
#8032 = B_SPLINE_CURVE_WITH_KNOTS('',1,(#8033,#8034),.UNSPECIFIED.,.F.,
  .F.,(2,2),(0.,1.),.PIECEWISE_BEZIER_KNOTS.);
#8033 = CARTESIAN_POINT('',(51.981700897217,-45.63663202524,-2.09));
#8034 = CARTESIAN_POINT('',(50.94469833374,-44.68761000037,-2.09));
#8035 = ORIENTED_EDGE('',*,*,#7983,.T.);
#8036 = ORIENTED_EDGE('',*,*,#4940,.T.);
#8037 = ORIENTED_EDGE('',*,*,#8038,.F.);
#8038 = EDGE_CURVE('',#8030,#4941,#8039,.T.);
#8039 = LINE('',#8040,#8041);
#8040 = CARTESIAN_POINT('',(50.94469833374,-44.68761000037,-3.));
#8041 = VECTOR('',#8042,1.);
#8042 = DIRECTION('',(0.,0.,1.));
#8043 = PLANE('',#8044);
#8044 = AXIS2_PLACEMENT_3D('',#8045,#8046,#8047);
#8045 = CARTESIAN_POINT('',(51.463199615479,-45.1621210128,
    8.784999847412));
#8046 = DIRECTION('',(-0.675119947529,-0.737707975047,-0.));
#8047 = DIRECTION('',(-0.737707975047,0.675119947529,0.));
#8048 = ADVANCED_FACE('',(#8049),#8066,.F.);
#8049 = FACE_BOUND('',#8050,.F.);
#8050 = EDGE_LOOP('',(#8051,#8052,#8059,#8065));
#8051 = ORIENTED_EDGE('',*,*,#8014,.F.);
#8052 = ORIENTED_EDGE('',*,*,#8053,.T.);
#8053 = EDGE_CURVE('',#8008,#8054,#8056,.T.);
#8054 = VERTEX_POINT('',#8055);
#8055 = CARTESIAN_POINT('',(66.548698425293,-16.40449905395,-2.09));
#8056 = B_SPLINE_CURVE_WITH_KNOTS('',1,(#8057,#8058),.UNSPECIFIED.,.F.,
  .F.,(2,2),(0.,1.),.PIECEWISE_BEZIER_KNOTS.);
#8057 = CARTESIAN_POINT('',(66.998100280762,-16.46209907531,-2.09));
#8058 = CARTESIAN_POINT('',(66.548698425293,-16.40449905395,-2.09));
#8059 = ORIENTED_EDGE('',*,*,#8060,.T.);
#8060 = EDGE_CURVE('',#8054,#5053,#8061,.T.);
#8061 = LINE('',#8062,#8063);
#8062 = CARTESIAN_POINT('',(66.548698425293,-16.40449905395,-3.));
#8063 = VECTOR('',#8064,1.);
#8064 = DIRECTION('',(0.,0.,1.));
#8065 = ORIENTED_EDGE('',*,*,#5060,.T.);
#8066 = PLANE('',#8067);
#8067 = AXIS2_PLACEMENT_3D('',#8068,#8069,#8070);
#8068 = CARTESIAN_POINT('',(66.773399353027,-16.43329906463,
    8.784999847412));
#8069 = DIRECTION('',(0.12713043908,0.991886007291,0.));
#8070 = DIRECTION('',(0.991886007291,-0.12713043908,0.));
#8071 = ADVANCED_FACE('',(#8072),#8089,.F.);
#8072 = FACE_BOUND('',#8073,.F.);
#8073 = EDGE_LOOP('',(#8074,#8081,#8082,#8083));
#8074 = ORIENTED_EDGE('',*,*,#8075,.F.);
#8075 = EDGE_CURVE('',#8030,#8076,#8078,.T.);
#8076 = VERTEX_POINT('',#8077);
#8077 = CARTESIAN_POINT('',(50.076198577881,-43.5822199583,-2.09));
#8078 = B_SPLINE_CURVE_WITH_KNOTS('',1,(#8079,#8080),.UNSPECIFIED.,.F.,
  .F.,(2,2),(0.,1.),.PIECEWISE_BEZIER_KNOTS.);
#8079 = CARTESIAN_POINT('',(50.94469833374,-44.68761000037,-2.09));
#8080 = CARTESIAN_POINT('',(50.076198577881,-43.5822199583,-2.09));
#8081 = ORIENTED_EDGE('',*,*,#8038,.T.);
#8082 = ORIENTED_EDGE('',*,*,#4948,.T.);
#8083 = ORIENTED_EDGE('',*,*,#8084,.F.);
#8084 = EDGE_CURVE('',#8076,#4949,#8085,.T.);
#8085 = LINE('',#8086,#8087);
#8086 = CARTESIAN_POINT('',(50.076198577881,-43.5822199583,-3.));
#8087 = VECTOR('',#8088,1.);
#8088 = DIRECTION('',(0.,0.,1.));
#8089 = PLANE('',#8090);
#8090 = AXIS2_PLACEMENT_3D('',#8091,#8092,#8093);
#8091 = CARTESIAN_POINT('',(50.510448455811,-44.13491497933,
    8.784999847412));
#8092 = DIRECTION('',(-0.786325592999,-0.617812319232,-0.));
#8093 = DIRECTION('',(0.617812319232,-0.786325592999,0.));
#8094 = ADVANCED_FACE('',(#8095),#8112,.F.);
#8095 = FACE_BOUND('',#8096,.F.);
#8096 = EDGE_LOOP('',(#8097,#8098,#8105,#8111));
#8097 = ORIENTED_EDGE('',*,*,#8060,.F.);
#8098 = ORIENTED_EDGE('',*,*,#8099,.T.);
#8099 = EDGE_CURVE('',#8054,#8100,#8102,.T.);
#8100 = VERTEX_POINT('',#8101);
#8101 = CARTESIAN_POINT('',(66.098300933838,-16.4533996582,-2.09));
#8102 = B_SPLINE_CURVE_WITH_KNOTS('',1,(#8103,#8104),.UNSPECIFIED.,.F.,
  .F.,(2,2),(0.,1.),.PIECEWISE_BEZIER_KNOTS.);
#8103 = CARTESIAN_POINT('',(66.548698425293,-16.40449905395,-2.09));
#8104 = CARTESIAN_POINT('',(66.098300933838,-16.4533996582,-2.09));
#8105 = ORIENTED_EDGE('',*,*,#8106,.T.);
#8106 = EDGE_CURVE('',#8100,#5045,#8107,.T.);
#8107 = LINE('',#8108,#8109);
#8108 = CARTESIAN_POINT('',(66.098300933838,-16.4533996582,-3.));
#8109 = VECTOR('',#8110,1.);
#8110 = DIRECTION('',(0.,0.,1.));
#8111 = ORIENTED_EDGE('',*,*,#5052,.T.);
#8112 = PLANE('',#8113);
#8113 = AXIS2_PLACEMENT_3D('',#8114,#8115,#8116);
#8114 = CARTESIAN_POINT('',(66.323499679565,-16.42894935607,
    8.784999847412));
#8115 = DIRECTION('',(-0.107937789922,0.994157650228,0.));
#8116 = DIRECTION('',(0.994157650228,0.107937789922,0.));
#8117 = ADVANCED_FACE('',(#8118),#8135,.F.);
#8118 = FACE_BOUND('',#8119,.F.);
#8119 = EDGE_LOOP('',(#8120,#8128,#8133,#8134));
#8120 = ORIENTED_EDGE('',*,*,#8121,.F.);
#8121 = EDGE_CURVE('',#8122,#4957,#8124,.T.);
#8122 = VERTEX_POINT('',#8123);
#8123 = CARTESIAN_POINT('',(49.399600982666,-42.35003995895,-2.09));
#8124 = LINE('',#8125,#8126);
#8125 = CARTESIAN_POINT('',(49.399600982666,-42.35003995895,-3.));
#8126 = VECTOR('',#8127,1.);
#8127 = DIRECTION('',(0.,0.,1.));
#8128 = ORIENTED_EDGE('',*,*,#8129,.F.);
#8129 = EDGE_CURVE('',#8076,#8122,#8130,.T.);
#8130 = B_SPLINE_CURVE_WITH_KNOTS('',1,(#8131,#8132),.UNSPECIFIED.,.F.,
  .F.,(2,2),(0.,1.),.PIECEWISE_BEZIER_KNOTS.);
#8131 = CARTESIAN_POINT('',(50.076198577881,-43.5822199583,-2.09));
#8132 = CARTESIAN_POINT('',(49.399600982666,-42.35003995895,-2.09));
#8133 = ORIENTED_EDGE('',*,*,#8084,.T.);
#8134 = ORIENTED_EDGE('',*,*,#4956,.T.);
#8135 = PLANE('',#8136);
#8136 = AXIS2_PLACEMENT_3D('',#8137,#8138,#8139);
#8137 = CARTESIAN_POINT('',(49.737899780273,-42.96612995863,
    8.784999847412));
#8138 = DIRECTION('',(-0.876546553305,-0.481317088715,-0.));
#8139 = DIRECTION('',(0.481317088715,-0.876546553305,0.));
#8140 = ADVANCED_FACE('',(#8141),#8158,.F.);
#8141 = FACE_BOUND('',#8142,.F.);
#8142 = EDGE_LOOP('',(#8143,#8144,#8151,#8157));
#8143 = ORIENTED_EDGE('',*,*,#8106,.F.);
#8144 = ORIENTED_EDGE('',*,*,#8145,.T.);
#8145 = EDGE_CURVE('',#8100,#8146,#8148,.T.);
#8146 = VERTEX_POINT('',#8147);
#8147 = CARTESIAN_POINT('',(65.671798706055,-16.606300354,-2.09));
#8148 = B_SPLINE_CURVE_WITH_KNOTS('',1,(#8149,#8150),.UNSPECIFIED.,.F.,
  .F.,(2,2),(0.,1.),.PIECEWISE_BEZIER_KNOTS.);
#8149 = CARTESIAN_POINT('',(66.098300933838,-16.4533996582,-2.09));
#8150 = CARTESIAN_POINT('',(65.671798706055,-16.606300354,-2.09));
#8151 = ORIENTED_EDGE('',*,*,#8152,.T.);
#8152 = EDGE_CURVE('',#8146,#5037,#8153,.T.);
#8153 = LINE('',#8154,#8155);
#8154 = CARTESIAN_POINT('',(65.671798706055,-16.606300354,-3.));
#8155 = VECTOR('',#8156,1.);
#8156 = DIRECTION('',(0.,0.,1.));
#8157 = ORIENTED_EDGE('',*,*,#5044,.T.);
#8158 = PLANE('',#8159);
#8159 = AXIS2_PLACEMENT_3D('',#8160,#8161,#8162);
#8160 = CARTESIAN_POINT('',(65.885049819946,-16.5298500061,
    8.784999847412));
#8161 = DIRECTION('',(-0.33746847493,0.941336830486,0.));
#8162 = DIRECTION('',(0.941336830486,0.33746847493,0.));
#8163 = ADVANCED_FACE('',(#8164),#8181,.F.);
#8164 = FACE_BOUND('',#8165,.F.);
#8165 = EDGE_LOOP('',(#8166,#8173,#8174,#8175));
#8166 = ORIENTED_EDGE('',*,*,#8167,.F.);
#8167 = EDGE_CURVE('',#8122,#8168,#8170,.T.);
#8168 = VERTEX_POINT('',#8169);
#8169 = CARTESIAN_POINT('',(48.932899475098,-41.02403998374,-2.09));
#8170 = B_SPLINE_CURVE_WITH_KNOTS('',1,(#8171,#8172),.UNSPECIFIED.,.F.,
  .F.,(2,2),(0.,1.),.PIECEWISE_BEZIER_KNOTS.);
#8171 = CARTESIAN_POINT('',(49.399600982666,-42.35003995895,-2.09));
#8172 = CARTESIAN_POINT('',(48.932899475098,-41.02403998374,-2.09));
#8173 = ORIENTED_EDGE('',*,*,#8121,.T.);
#8174 = ORIENTED_EDGE('',*,*,#4964,.T.);
#8175 = ORIENTED_EDGE('',*,*,#8176,.F.);
#8176 = EDGE_CURVE('',#8168,#4965,#8177,.T.);
#8177 = LINE('',#8178,#8179);
#8178 = CARTESIAN_POINT('',(48.932899475098,-41.02403998374,-3.));
#8179 = VECTOR('',#8180,1.);
#8180 = DIRECTION('',(0.,0.,1.));
#8181 = PLANE('',#8182);
#8182 = AXIS2_PLACEMENT_3D('',#8183,#8184,#8185);
#8183 = CARTESIAN_POINT('',(49.166250228882,-41.68703997135,
    8.784999847412));
#8184 = DIRECTION('',(-0.943279877282,-0.331998604086,-0.));
#8185 = DIRECTION('',(0.331998604086,-0.943279877282,0.));
#8186 = ADVANCED_FACE('',(#8187),#8204,.F.);
#8187 = FACE_BOUND('',#8188,.F.);
#8188 = EDGE_LOOP('',(#8189,#8190,#8197,#8203));
#8189 = ORIENTED_EDGE('',*,*,#8152,.F.);
#8190 = ORIENTED_EDGE('',*,*,#8191,.T.);
#8191 = EDGE_CURVE('',#8146,#8192,#8194,.T.);
#8192 = VERTEX_POINT('',#8193);
#8193 = CARTESIAN_POINT('',(65.29280090332,-16.85460090637,-2.09));
#8194 = B_SPLINE_CURVE_WITH_KNOTS('',1,(#8195,#8196),.UNSPECIFIED.,.F.,
  .F.,(2,2),(0.,1.),.PIECEWISE_BEZIER_KNOTS.);
#8195 = CARTESIAN_POINT('',(65.671798706055,-16.606300354,-2.09));
#8196 = CARTESIAN_POINT('',(65.29280090332,-16.85460090637,-2.09));
#8197 = ORIENTED_EDGE('',*,*,#8198,.T.);
#8198 = EDGE_CURVE('',#8192,#5029,#8199,.T.);
#8199 = LINE('',#8200,#8201);
#8200 = CARTESIAN_POINT('',(65.29280090332,-16.85460090637,-3.));
#8201 = VECTOR('',#8202,1.);
#8202 = DIRECTION('',(0.,0.,1.));
#8203 = ORIENTED_EDGE('',*,*,#5036,.T.);
#8204 = PLANE('',#8205);
#8205 = AXIS2_PLACEMENT_3D('',#8206,#8207,#8208);
#8206 = CARTESIAN_POINT('',(65.482299804688,-16.73045063018,
    8.784999847412));
#8207 = DIRECTION('',(-0.548013358699,0.836469580253,0.));
#8208 = DIRECTION('',(0.836469580253,0.548013358699,0.));
#8209 = ADVANCED_FACE('',(#8210),#8227,.F.);
#8210 = FACE_BOUND('',#8211,.F.);
#8211 = EDGE_LOOP('',(#8212,#8219,#8220,#8221));
#8212 = ORIENTED_EDGE('',*,*,#8213,.F.);
#8213 = EDGE_CURVE('',#8168,#8214,#8216,.T.);
#8214 = VERTEX_POINT('',#8215);
#8215 = CARTESIAN_POINT('',(48.688701629639,-39.63969993591,-2.09));
#8216 = B_SPLINE_CURVE_WITH_KNOTS('',1,(#8217,#8218),.UNSPECIFIED.,.F.,
  .F.,(2,2),(0.,1.),.PIECEWISE_BEZIER_KNOTS.);
#8217 = CARTESIAN_POINT('',(48.932899475098,-41.02403998374,-2.09));
#8218 = CARTESIAN_POINT('',(48.688701629639,-39.63969993591,-2.09));
#8219 = ORIENTED_EDGE('',*,*,#8176,.T.);
#8220 = ORIENTED_EDGE('',*,*,#4972,.T.);
#8221 = ORIENTED_EDGE('',*,*,#8222,.F.);
#8222 = EDGE_CURVE('',#8214,#4973,#8223,.T.);
#8223 = LINE('',#8224,#8225);
#8224 = CARTESIAN_POINT('',(48.688701629639,-39.63969993591,-3.));
#8225 = VECTOR('',#8226,1.);
#8226 = DIRECTION('',(0.,0.,1.));
#8227 = PLANE('',#8228);
#8228 = AXIS2_PLACEMENT_3D('',#8229,#8230,#8231);
#8229 = CARTESIAN_POINT('',(48.810800552368,-40.33186995983,
    8.784999847412));
#8230 = DIRECTION('',(-0.984795421602,-0.173718098056,-0.));
#8231 = DIRECTION('',(0.173718098056,-0.984795421602,0.));
#8232 = ADVANCED_FACE('',(#8233),#8250,.F.);
#8233 = FACE_BOUND('',#8234,.F.);
#8234 = EDGE_LOOP('',(#8235,#8243,#8244,#8245));
#8235 = ORIENTED_EDGE('',*,*,#8236,.F.);
#8236 = EDGE_CURVE('',#5021,#8237,#8239,.T.);
#8237 = VERTEX_POINT('',#8238);
#8238 = CARTESIAN_POINT('',(64.982299804688,-17.18460083007,-2.09));
#8239 = LINE('',#8240,#8241);
#8240 = CARTESIAN_POINT('',(64.982299804688,-17.18460083007,
    20.569999694824));
#8241 = VECTOR('',#8242,1.);
#8242 = DIRECTION('',(0.,0.,-1.));
#8243 = ORIENTED_EDGE('',*,*,#5028,.T.);
#8244 = ORIENTED_EDGE('',*,*,#8198,.F.);
#8245 = ORIENTED_EDGE('',*,*,#8246,.T.);
#8246 = EDGE_CURVE('',#8192,#8237,#8247,.T.);
#8247 = B_SPLINE_CURVE_WITH_KNOTS('',1,(#8248,#8249),.UNSPECIFIED.,.F.,
  .F.,(2,2),(0.,1.),.PIECEWISE_BEZIER_KNOTS.);
#8248 = CARTESIAN_POINT('',(65.29280090332,-16.85460090637,-2.09));
#8249 = CARTESIAN_POINT('',(64.982299804688,-17.18460083007,-2.09));
#8250 = PLANE('',#8251);
#8251 = AXIS2_PLACEMENT_3D('',#8252,#8253,#8254);
#8252 = CARTESIAN_POINT('',(65.137550354004,-17.01960086822,
    8.784999847412));
#8253 = DIRECTION('',(-0.728295883509,0.68526280073,0.));
#8254 = DIRECTION('',(-0.68526280073,-0.728295883509,0.));
#8255 = ADVANCED_FACE('',(#8256),#8273,.F.);
#8256 = FACE_BOUND('',#8257,.F.);
#8257 = EDGE_LOOP('',(#8258,#8265,#8266,#8267));
#8258 = ORIENTED_EDGE('',*,*,#8259,.F.);
#8259 = EDGE_CURVE('',#8214,#8260,#8262,.T.);
#8260 = VERTEX_POINT('',#8261);
#8261 = CARTESIAN_POINT('',(48.673400878906,-38.23405981063,-2.09));
#8262 = B_SPLINE_CURVE_WITH_KNOTS('',1,(#8263,#8264),.UNSPECIFIED.,.F.,
  .F.,(2,2),(0.,1.),.PIECEWISE_BEZIER_KNOTS.);
#8263 = CARTESIAN_POINT('',(48.688701629639,-39.63969993591,-2.09));
#8264 = CARTESIAN_POINT('',(48.673400878906,-38.23405981063,-2.09));
#8265 = ORIENTED_EDGE('',*,*,#8222,.T.);
#8266 = ORIENTED_EDGE('',*,*,#4980,.T.);
#8267 = ORIENTED_EDGE('',*,*,#8268,.F.);
#8268 = EDGE_CURVE('',#8260,#4981,#8269,.T.);
#8269 = LINE('',#8270,#8271);
#8270 = CARTESIAN_POINT('',(48.673400878906,-38.23405981063,-3.));
#8271 = VECTOR('',#8272,1.);
#8272 = DIRECTION('',(0.,0.,1.));
#8273 = PLANE('',#8274);
#8274 = AXIS2_PLACEMENT_3D('',#8275,#8276,#8277);
#8275 = CARTESIAN_POINT('',(48.681051254272,-38.93687987327,
    8.784999847412));
#8276 = DIRECTION('',(-0.99994076088,-1.088460983313E-02,-0.));
#8277 = DIRECTION('',(1.088460983313E-02,-0.99994076088,0.));
#8278 = ADVANCED_FACE('',(#8279),#8296,.F.);
#8279 = FACE_BOUND('',#8280,.F.);
#8280 = EDGE_LOOP('',(#8281,#8282,#8283,#8290));
#8281 = ORIENTED_EDGE('',*,*,#5020,.T.);
#8282 = ORIENTED_EDGE('',*,*,#8236,.T.);
#8283 = ORIENTED_EDGE('',*,*,#8284,.T.);
#8284 = EDGE_CURVE('',#8237,#8285,#8287,.T.);
#8285 = VERTEX_POINT('',#8286);
#8286 = CARTESIAN_POINT('',(50.818901062012,-33.13819980621,-2.09));
#8287 = B_SPLINE_CURVE_WITH_KNOTS('',1,(#8288,#8289),.UNSPECIFIED.,.F.,
  .F.,(2,2),(0.,1.),.PIECEWISE_BEZIER_KNOTS.);
#8288 = CARTESIAN_POINT('',(64.982299804688,-17.18460083007,-2.09));
#8289 = CARTESIAN_POINT('',(50.818901062012,-33.13819980621,-2.09));
#8290 = ORIENTED_EDGE('',*,*,#8291,.F.);
#8291 = EDGE_CURVE('',#5013,#8285,#8292,.T.);
#8292 = LINE('',#8293,#8294);
#8293 = CARTESIAN_POINT('',(50.818901062012,-33.13819980621,
    20.569999694824));
#8294 = VECTOR('',#8295,1.);
#8295 = DIRECTION('',(0.,0.,-1.));
#8296 = PLANE('',#8297);
#8297 = AXIS2_PLACEMENT_3D('',#8298,#8299,#8300);
#8298 = CARTESIAN_POINT('',(57.90060043335,-25.16140031814,
    8.784999847412));
#8299 = DIRECTION('',(-0.747818319337,0.663903427665,0.));
#8300 = DIRECTION('',(-0.663903427665,-0.747818319337,0.));
#8301 = ADVANCED_FACE('',(#8302),#8319,.F.);
#8302 = FACE_BOUND('',#8303,.F.);
#8303 = EDGE_LOOP('',(#8304,#8312,#8317,#8318));
#8304 = ORIENTED_EDGE('',*,*,#8305,.F.);
#8305 = EDGE_CURVE('',#8306,#4989,#8308,.T.);
#8306 = VERTEX_POINT('',#8307);
#8307 = CARTESIAN_POINT('',(48.887401580811,-36.84471988678,-2.09));
#8308 = LINE('',#8309,#8310);
#8309 = CARTESIAN_POINT('',(48.887401580811,-36.84471988678,-3.));
#8310 = VECTOR('',#8311,1.);
#8311 = DIRECTION('',(0.,0.,1.));
#8312 = ORIENTED_EDGE('',*,*,#8313,.F.);
#8313 = EDGE_CURVE('',#8260,#8306,#8314,.T.);
#8314 = B_SPLINE_CURVE_WITH_KNOTS('',1,(#8315,#8316),.UNSPECIFIED.,.F.,
  .F.,(2,2),(0.,1.),.PIECEWISE_BEZIER_KNOTS.);
#8315 = CARTESIAN_POINT('',(48.673400878906,-38.23405981063,-2.09));
#8316 = CARTESIAN_POINT('',(48.887401580811,-36.84471988678,-2.09));
#8317 = ORIENTED_EDGE('',*,*,#8268,.T.);
#8318 = ORIENTED_EDGE('',*,*,#4988,.T.);
#8319 = PLANE('',#8320);
#8320 = AXIS2_PLACEMENT_3D('',#8321,#8322,#8323);
#8321 = CARTESIAN_POINT('',(48.780401229858,-37.5393898487,
    8.784999847412));
#8322 = DIRECTION('',(-0.988344301619,0.152235151843,0.));
#8323 = DIRECTION('',(-0.152235151843,-0.988344301619,0.));
#8324 = ADVANCED_FACE('',(#8325),#8342,.F.);
#8325 = FACE_BOUND('',#8326,.F.);
#8326 = EDGE_LOOP('',(#8327,#8334,#8340,#8341));
#8327 = ORIENTED_EDGE('',*,*,#8328,.F.);
#8328 = EDGE_CURVE('',#8329,#8285,#8331,.T.);
#8329 = VERTEX_POINT('',#8330);
#8330 = CARTESIAN_POINT('',(49.974800109863,-34.26229953765,-2.09));
#8331 = B_SPLINE_CURVE_WITH_KNOTS('',1,(#8332,#8333),.UNSPECIFIED.,.F.,
  .F.,(2,2),(0.,1.),.PIECEWISE_BEZIER_KNOTS.);
#8332 = CARTESIAN_POINT('',(49.974800109863,-34.26229953765,-2.09));
#8333 = CARTESIAN_POINT('',(50.818901062012,-33.13819980621,-2.09));
#8334 = ORIENTED_EDGE('',*,*,#8335,.T.);
#8335 = EDGE_CURVE('',#8329,#5005,#8336,.T.);
#8336 = LINE('',#8337,#8338);
#8337 = CARTESIAN_POINT('',(49.974800109863,-34.26229953765,-3.));
#8338 = VECTOR('',#8339,1.);
#8339 = DIRECTION('',(0.,0.,1.));
#8340 = ORIENTED_EDGE('',*,*,#5012,.T.);
#8341 = ORIENTED_EDGE('',*,*,#8291,.T.);
#8342 = PLANE('',#8343);
#8343 = AXIS2_PLACEMENT_3D('',#8344,#8345,#8346);
#8344 = CARTESIAN_POINT('',(50.396850585938,-33.70024967193,
    8.784999847412));
#8345 = DIRECTION('',(-0.799649476246,0.600467080813,0.));
#8346 = DIRECTION('',(-0.600467080813,-0.799649476246,0.));
#8347 = ADVANCED_FACE('',(#8348),#8365,.F.);
#8348 = FACE_BOUND('',#8349,.F.);
#8349 = EDGE_LOOP('',(#8350,#8357,#8358,#8359));
#8350 = ORIENTED_EDGE('',*,*,#8351,.F.);
#8351 = EDGE_CURVE('',#8306,#8352,#8354,.T.);
#8352 = VERTEX_POINT('',#8353);
#8353 = CARTESIAN_POINT('',(49.325099945068,-35.50887966156,-2.09));
#8354 = B_SPLINE_CURVE_WITH_KNOTS('',1,(#8355,#8356),.UNSPECIFIED.,.F.,
  .F.,(2,2),(0.,1.),.PIECEWISE_BEZIER_KNOTS.);
#8355 = CARTESIAN_POINT('',(48.887401580811,-36.84471988678,-2.09));
#8356 = CARTESIAN_POINT('',(49.325099945068,-35.50887966156,-2.09));
#8357 = ORIENTED_EDGE('',*,*,#8305,.T.);
#8358 = ORIENTED_EDGE('',*,*,#4996,.T.);
#8359 = ORIENTED_EDGE('',*,*,#8360,.F.);
#8360 = EDGE_CURVE('',#8352,#4997,#8361,.T.);
#8361 = LINE('',#8362,#8363);
#8362 = CARTESIAN_POINT('',(49.325099945068,-35.50887966156,-3.));
#8363 = VECTOR('',#8364,1.);
#8364 = DIRECTION('',(0.,0.,1.));
#8365 = PLANE('',#8366);
#8366 = AXIS2_PLACEMENT_3D('',#8367,#8368,#8369);
#8367 = CARTESIAN_POINT('',(49.106250762939,-36.17679977417,
    8.784999847412));
#8368 = DIRECTION('',(-0.950288920792,0.311369502393,0.));
#8369 = DIRECTION('',(-0.311369502393,-0.950288920792,0.));
#8370 = ADVANCED_FACE('',(#8371),#8381,.F.);
#8371 = FACE_BOUND('',#8372,.F.);
#8372 = EDGE_LOOP('',(#8373,#8374,#8379,#8380));
#8373 = ORIENTED_EDGE('',*,*,#8335,.F.);
#8374 = ORIENTED_EDGE('',*,*,#8375,.F.);
#8375 = EDGE_CURVE('',#8352,#8329,#8376,.T.);
#8376 = B_SPLINE_CURVE_WITH_KNOTS('',1,(#8377,#8378),.UNSPECIFIED.,.F.,
  .F.,(2,2),(0.,1.),.PIECEWISE_BEZIER_KNOTS.);
#8377 = CARTESIAN_POINT('',(49.325099945068,-35.50887966156,-2.09));
#8378 = CARTESIAN_POINT('',(49.974800109863,-34.26229953765,-2.09));
#8379 = ORIENTED_EDGE('',*,*,#8360,.T.);
#8380 = ORIENTED_EDGE('',*,*,#5004,.T.);
#8381 = PLANE('',#8382);
#8382 = AXIS2_PLACEMENT_3D('',#8383,#8384,#8385);
#8383 = CARTESIAN_POINT('',(49.649950027466,-34.8855895996,
    8.784999847412));
#8384 = DIRECTION('',(-0.886785905319,0.462180438928,0.));
#8385 = DIRECTION('',(-0.462180438928,-0.886785905319,0.));
#8386 = ADVANCED_FACE('',(#8387),#8399,.T.);
#8387 = FACE_BOUND('',#8388,.T.);
#8388 = EDGE_LOOP('',(#8389,#8396,#8397,#8398));
#8389 = ORIENTED_EDGE('',*,*,#8390,.F.);
#8390 = EDGE_CURVE('',#5292,#5335,#8391,.T.);
#8391 = CIRCLE('',#8392,1.);
#8392 = AXIS2_PLACEMENT_3D('',#8393,#8394,#8395);
#8393 = CARTESIAN_POINT('',(39.874855603897,-42.87170640596,1.09));
#8394 = DIRECTION('',(-0.865742308323,-0.500490015464,0.));
#8395 = DIRECTION('',(0.500490015464,-0.865742308323,0.));
#8396 = ORIENTED_EDGE('',*,*,#5299,.T.);
#8397 = ORIENTED_EDGE('',*,*,#5266,.T.);
#8398 = ORIENTED_EDGE('',*,*,#5342,.F.);
#8399 = TOROIDAL_SURFACE('',#8400,2.56030245231,1.);
#8400 = AXIS2_PLACEMENT_3D('',#8401,#8402,#8403);
#8401 = CARTESIAN_POINT('',(38.593449789949,-40.65514425089,1.09));
#8402 = DIRECTION('',(0.,0.,1.));
#8403 = DIRECTION('',(0.500490015464,-0.865742308323,0.));
#8404 = ADVANCED_FACE('',(#8405),#8417,.T.);
#8405 = FACE_BOUND('',#8406,.T.);
#8406 = EDGE_LOOP('',(#8407,#8408,#8409,#8416));
#8407 = ORIENTED_EDGE('',*,*,#5626,.F.);
#8408 = ORIENTED_EDGE('',*,*,#7015,.T.);
#8409 = ORIENTED_EDGE('',*,*,#8410,.T.);
#8410 = EDGE_CURVE('',#7016,#5326,#8411,.T.);
#8411 = CIRCLE('',#8412,1.);
#8412 = AXIS2_PLACEMENT_3D('',#8413,#8414,#8415);
#8413 = CARTESIAN_POINT('',(11.488131405645,-59.28221551053,1.09));
#8414 = DIRECTION('',(-0.865742308323,-0.500490015464,0.));
#8415 = DIRECTION('',(0.500490015464,-0.865742308323,0.));
#8416 = ORIENTED_EDGE('',*,*,#5325,.F.);
#8417 = TOROIDAL_SURFACE('',#8418,2.502610175917,1.);
#8418 = AXIS2_PLACEMENT_3D('',#8419,#8420,#8421);
#8419 = CARTESIAN_POINT('',(10.2356,-57.1156,1.09));
#8420 = DIRECTION('',(0.,0.,1.));
#8421 = DIRECTION('',(-1.,0.,0.));
#8422 = ADVANCED_FACE('',(#8423),#8429,.T.);
#8423 = FACE_BOUND('',#8424,.F.);
#8424 = EDGE_LOOP('',(#8425,#8426,#8427,#8428));
#8425 = ORIENTED_EDGE('',*,*,#8410,.T.);
#8426 = ORIENTED_EDGE('',*,*,#5334,.T.);
#8427 = ORIENTED_EDGE('',*,*,#8390,.F.);
#8428 = ORIENTED_EDGE('',*,*,#7040,.F.);
#8429 = CYLINDRICAL_SURFACE('',#8430,1.);
#8430 = AXIS2_PLACEMENT_3D('',#8431,#8432,#8433);
#8431 = CARTESIAN_POINT('',(11.488131405644,-59.28221551053,1.09));
#8432 = DIRECTION('',(0.865742308323,0.500490015464,-0.));
#8433 = DIRECTION('',(0.500490015464,-0.865742308323,0.));
#8434 = ADVANCED_FACE('',(#8435),#8460,.F.);
#8435 = FACE_BOUND('',#8436,.F.);
#8436 = EDGE_LOOP('',(#8437,#8447,#8453,#8454));
#8437 = ORIENTED_EDGE('',*,*,#8438,.T.);
#8438 = EDGE_CURVE('',#8439,#8441,#8443,.T.);
#8439 = VERTEX_POINT('',#8440);
#8440 = CARTESIAN_POINT('',(8.85493183136,-25.72813224792,0.89));
#8441 = VERTEX_POINT('',#8442);
#8442 = CARTESIAN_POINT('',(8.85493183136,-55.36353302002,0.89));
#8443 = LINE('',#8444,#8445);
#8444 = CARTESIAN_POINT('',(8.85493183136,-40.65070059287,0.89));
#8445 = VECTOR('',#8446,1.);
#8446 = DIRECTION('',(0.,-1.,0.));
#8447 = ORIENTED_EDGE('',*,*,#8448,.T.);
#8448 = EDGE_CURVE('',#8441,#5355,#8449,.T.);
#8449 = LINE('',#8450,#8451);
#8450 = CARTESIAN_POINT('',(8.85493183136,-55.36353302002,0.));
#8451 = VECTOR('',#8452,1.);
#8452 = DIRECTION('',(0.,0.,1.));
#8453 = ORIENTED_EDGE('',*,*,#5352,.F.);
#8454 = ORIENTED_EDGE('',*,*,#8455,.T.);
#8455 = EDGE_CURVE('',#5353,#8439,#8456,.T.);
#8456 = LINE('',#8457,#8458);
#8457 = CARTESIAN_POINT('',(8.85493183136,-25.72813224792,
    24.020000457764));
#8458 = VECTOR('',#8459,1.);
#8459 = DIRECTION('',(0.,0.,-1.));
#8460 = PLANE('',#8461);
#8461 = AXIS2_PLACEMENT_3D('',#8462,#8463,#8464);
#8462 = CARTESIAN_POINT('',(8.85493183136,-40.54583263397,
    12.010000228882));
#8463 = DIRECTION('',(-1.,-0.,-0.));
#8464 = DIRECTION('',(0.,0.,-1.));
#8465 = ADVANCED_FACE('',(#8466),#8484,.F.);
#8466 = FACE_BOUND('',#8467,.F.);
#8467 = EDGE_LOOP('',(#8468,#8469,#8477,#8483));
#8468 = ORIENTED_EDGE('',*,*,#8448,.F.);
#8469 = ORIENTED_EDGE('',*,*,#8470,.T.);
#8470 = EDGE_CURVE('',#8441,#8471,#8473,.T.);
#8471 = VERTEX_POINT('',#8472);
#8472 = CARTESIAN_POINT('',(8.889132499695,-55.75423240661,0.89));
#8473 = LINE('',#8474,#8475);
#8474 = CARTESIAN_POINT('',(8.270262217907,-48.68442204182,0.89));
#8475 = VECTOR('',#8476,1.);
#8476 = DIRECTION('',(8.720357002939E-02,-0.99619051259,0.));
#8477 = ORIENTED_EDGE('',*,*,#8478,.T.);
#8478 = EDGE_CURVE('',#8471,#5603,#8479,.T.);
#8479 = LINE('',#8480,#8481);
#8480 = CARTESIAN_POINT('',(8.889132499695,-55.75423240661,0.));
#8481 = VECTOR('',#8482,1.);
#8482 = DIRECTION('',(0.,0.,1.));
#8483 = ORIENTED_EDGE('',*,*,#5610,.F.);
#8484 = PLANE('',#8485);
#8485 = AXIS2_PLACEMENT_3D('',#8486,#8487,#8488);
#8486 = CARTESIAN_POINT('',(8.872032165527,-55.55888271331,
    12.010000228882));
#8487 = DIRECTION('',(-0.99619051259,-8.720357002939E-02,-0.));
#8488 = DIRECTION('',(8.720357002939E-02,-0.99619051259,0.));
#8489 = ADVANCED_FACE('',(#8490),#8508,.F.);
#8490 = FACE_BOUND('',#8491,.F.);
#8491 = EDGE_LOOP('',(#8492,#8493,#8501,#8507));
#8492 = ORIENTED_EDGE('',*,*,#8478,.F.);
#8493 = ORIENTED_EDGE('',*,*,#8494,.T.);
#8494 = EDGE_CURVE('',#8471,#8495,#8497,.T.);
#8495 = VERTEX_POINT('',#8496);
#8496 = CARTESIAN_POINT('',(8.99063205719,-56.13303375244,0.89));
#8497 = LINE('',#8498,#8499);
#8498 = CARTESIAN_POINT('',(7.402224818716,-50.20501973443,0.89));
#8499 = VECTOR('',#8500,1.);
#8500 = DIRECTION('',(0.258819146905,-0.965925799011,0.));
#8501 = ORIENTED_EDGE('',*,*,#8502,.T.);
#8502 = EDGE_CURVE('',#8495,#5595,#8503,.T.);
#8503 = LINE('',#8504,#8505);
#8504 = CARTESIAN_POINT('',(8.99063205719,-56.13303375244,0.));
#8505 = VECTOR('',#8506,1.);
#8506 = DIRECTION('',(0.,0.,1.));
#8507 = ORIENTED_EDGE('',*,*,#5602,.F.);
#8508 = PLANE('',#8509);
#8509 = AXIS2_PLACEMENT_3D('',#8510,#8511,#8512);
#8510 = CARTESIAN_POINT('',(8.939882278442,-55.94363307952,
    12.010000228882));
#8511 = DIRECTION('',(-0.965925799011,-0.258819146905,-0.));
#8512 = DIRECTION('',(0.258819146905,-0.965925799011,0.));
#8513 = ADVANCED_FACE('',(#8514),#8532,.F.);
#8514 = FACE_BOUND('',#8515,.F.);
#8515 = EDGE_LOOP('',(#8516,#8517,#8525,#8531));
#8516 = ORIENTED_EDGE('',*,*,#8502,.F.);
#8517 = ORIENTED_EDGE('',*,*,#8518,.T.);
#8518 = EDGE_CURVE('',#8495,#8519,#8521,.T.);
#8519 = VERTEX_POINT('',#8520);
#8520 = CARTESIAN_POINT('',(9.156332015991,-56.48853302002,0.89));
#8521 = LINE('',#8522,#8523);
#8522 = CARTESIAN_POINT('',(7.044834911281,-51.95844333473,0.89));
#8523 = VECTOR('',#8524,1.);
#8524 = DIRECTION('',(0.422467321021,-0.906378156549,0.));
#8525 = ORIENTED_EDGE('',*,*,#8526,.T.);
#8526 = EDGE_CURVE('',#8519,#5587,#8527,.T.);
#8527 = LINE('',#8528,#8529);
#8528 = CARTESIAN_POINT('',(9.156332015991,-56.48853302002,0.));
#8529 = VECTOR('',#8530,1.);
#8530 = DIRECTION('',(0.,0.,1.));
#8531 = ORIENTED_EDGE('',*,*,#5594,.F.);
#8532 = PLANE('',#8533);
#8533 = AXIS2_PLACEMENT_3D('',#8534,#8535,#8536);
#8534 = CARTESIAN_POINT('',(9.073482036591,-56.31078338623,
    12.010000228882));
#8535 = DIRECTION('',(-0.906378156549,-0.422467321021,-0.));
#8536 = DIRECTION('',(0.422467321021,-0.906378156549,0.));
#8537 = ADVANCED_FACE('',(#8538),#8556,.F.);
#8538 = FACE_BOUND('',#8539,.F.);
#8539 = EDGE_LOOP('',(#8540,#8541,#8549,#8555));
#8540 = ORIENTED_EDGE('',*,*,#8526,.F.);
#8541 = ORIENTED_EDGE('',*,*,#8542,.T.);
#8542 = EDGE_CURVE('',#8519,#8543,#8545,.T.);
#8543 = VERTEX_POINT('',#8544);
#8544 = CARTESIAN_POINT('',(9.381332397461,-56.80983352661,0.89));
#8545 = LINE('',#8546,#8547);
#8546 = CARTESIAN_POINT('',(7.253272040361,-53.77096369746,0.89));
#8547 = VECTOR('',#8548,1.);
#8548 = DIRECTION('',(0.573616370887,-0.819124080375,0.));
#8549 = ORIENTED_EDGE('',*,*,#8550,.T.);
#8550 = EDGE_CURVE('',#8543,#5579,#8551,.T.);
#8551 = LINE('',#8552,#8553);
#8552 = CARTESIAN_POINT('',(9.381332397461,-56.80983352661,0.));
#8553 = VECTOR('',#8554,1.);
#8554 = DIRECTION('',(0.,0.,1.));
#8555 = ORIENTED_EDGE('',*,*,#5586,.F.);
#8556 = PLANE('',#8557);
#8557 = AXIS2_PLACEMENT_3D('',#8558,#8559,#8560);
#8558 = CARTESIAN_POINT('',(9.268832206726,-56.64918327331,
    12.010000228882));
#8559 = DIRECTION('',(-0.819124080375,-0.573616370887,-0.));
#8560 = DIRECTION('',(0.573616370887,-0.819124080375,0.));
#8561 = ADVANCED_FACE('',(#8562),#8580,.F.);
#8562 = FACE_BOUND('',#8563,.F.);
#8563 = EDGE_LOOP('',(#8564,#8565,#8573,#8579));
#8564 = ORIENTED_EDGE('',*,*,#8550,.F.);
#8565 = ORIENTED_EDGE('',*,*,#8566,.T.);
#8566 = EDGE_CURVE('',#8543,#8567,#8569,.T.);
#8567 = VERTEX_POINT('',#8568);
#8568 = CARTESIAN_POINT('',(9.658632278442,-57.08713340759,0.89));
#8569 = LINE('',#8570,#8571);
#8570 = CARTESIAN_POINT('',(8.020157241896,-55.44865837104,0.89));
#8571 = VECTOR('',#8572,1.);
#8572 = DIRECTION('',(0.707106781187,-0.707106781187,0.));
#8573 = ORIENTED_EDGE('',*,*,#8574,.T.);
#8574 = EDGE_CURVE('',#8567,#5571,#8575,.T.);
#8575 = LINE('',#8576,#8577);
#8576 = CARTESIAN_POINT('',(9.658632278442,-57.08713340759,0.));
#8577 = VECTOR('',#8578,1.);
#8578 = DIRECTION('',(0.,0.,1.));
#8579 = ORIENTED_EDGE('',*,*,#5578,.F.);
#8580 = PLANE('',#8581);
#8581 = AXIS2_PLACEMENT_3D('',#8582,#8583,#8584);
#8582 = CARTESIAN_POINT('',(9.519982337952,-56.9484834671,
    12.010000228882));
#8583 = DIRECTION('',(-0.707106781187,-0.707106781187,-0.));
#8584 = DIRECTION('',(-0.707106781187,0.707106781187,0.));
#8585 = ADVANCED_FACE('',(#8586),#8604,.F.);
#8586 = FACE_BOUND('',#8587,.F.);
#8587 = EDGE_LOOP('',(#8588,#8589,#8597,#8603));
#8588 = ORIENTED_EDGE('',*,*,#8574,.F.);
#8589 = ORIENTED_EDGE('',*,*,#8590,.T.);
#8590 = EDGE_CURVE('',#8567,#8591,#8593,.T.);
#8591 = VERTEX_POINT('',#8592);
#8592 = CARTESIAN_POINT('',(9.97993183136,-57.31213378906,0.89));
#8593 = LINE('',#8594,#8595);
#8594 = CARTESIAN_POINT('',(9.275408732649,-56.81876875159,0.89));
#8595 = VECTOR('',#8596,1.);
#8596 = DIRECTION('',(0.819123280388,-0.573617513266,0.));
#8597 = ORIENTED_EDGE('',*,*,#8598,.T.);
#8598 = EDGE_CURVE('',#8591,#5563,#8599,.T.);
#8599 = LINE('',#8600,#8601);
#8600 = CARTESIAN_POINT('',(9.97993183136,-57.31213378906,0.));
#8601 = VECTOR('',#8602,1.);
#8602 = DIRECTION('',(0.,0.,1.));
#8603 = ORIENTED_EDGE('',*,*,#5570,.F.);
#8604 = PLANE('',#8605);
#8605 = AXIS2_PLACEMENT_3D('',#8606,#8607,#8608);
#8606 = CARTESIAN_POINT('',(9.819282054901,-57.19963359832,
    12.010000228882));
#8607 = DIRECTION('',(-0.573617513266,-0.819123280388,-0.));
#8608 = DIRECTION('',(-0.819123280388,0.573617513266,0.));
#8609 = ADVANCED_FACE('',(#8610),#8628,.F.);
#8610 = FACE_BOUND('',#8611,.F.);
#8611 = EDGE_LOOP('',(#8612,#8613,#8621,#8627));
#8612 = ORIENTED_EDGE('',*,*,#8598,.F.);
#8613 = ORIENTED_EDGE('',*,*,#8614,.T.);
#8614 = EDGE_CURVE('',#8591,#8615,#8617,.T.);
#8615 = VERTEX_POINT('',#8616);
#8616 = CARTESIAN_POINT('',(10.335391998291,-57.47783279418,0.89));
#8617 = LINE('',#8618,#8619);
#8618 = CARTESIAN_POINT('',(10.896762659942,-57.73951769955,0.89));
#8619 = VECTOR('',#8620,1.);
#8620 = DIRECTION('',(0.906361292676,-0.422503499558,0.));
#8621 = ORIENTED_EDGE('',*,*,#8622,.T.);
#8622 = EDGE_CURVE('',#8615,#5555,#8623,.T.);
#8623 = LINE('',#8624,#8625);
#8624 = CARTESIAN_POINT('',(10.335391998291,-57.47783279418,0.));
#8625 = VECTOR('',#8626,1.);
#8626 = DIRECTION('',(0.,0.,1.));
#8627 = ORIENTED_EDGE('',*,*,#5562,.F.);
#8628 = PLANE('',#8629);
#8629 = AXIS2_PLACEMENT_3D('',#8630,#8631,#8632);
#8630 = CARTESIAN_POINT('',(10.157661914825,-57.39498329162,
    12.010000228882));
#8631 = DIRECTION('',(-0.422503499558,-0.906361292676,-0.));
#8632 = DIRECTION('',(-0.906361292676,0.422503499558,0.));
#8633 = ADVANCED_FACE('',(#8634),#8652,.F.);
#8634 = FACE_BOUND('',#8635,.F.);
#8635 = EDGE_LOOP('',(#8636,#8637,#8645,#8651));
#8636 = ORIENTED_EDGE('',*,*,#8622,.F.);
#8637 = ORIENTED_EDGE('',*,*,#8638,.T.);
#8638 = EDGE_CURVE('',#8615,#8639,#8641,.T.);
#8639 = VERTEX_POINT('',#8640);
#8640 = CARTESIAN_POINT('',(10.714221954346,-57.57933425903,0.89));
#8641 = LINE('',#8642,#8643);
#8642 = CARTESIAN_POINT('',(12.714943532054,-58.1153958023,0.89));
#8643 = VECTOR('',#8644,1.);
#8644 = DIRECTION('',(0.965929469783,-0.258805447013,0.));
#8645 = ORIENTED_EDGE('',*,*,#8646,.T.);
#8646 = EDGE_CURVE('',#8639,#5547,#8647,.T.);
#8647 = LINE('',#8648,#8649);
#8648 = CARTESIAN_POINT('',(10.714221954346,-57.57933425903,0.));
#8649 = VECTOR('',#8650,1.);
#8650 = DIRECTION('',(0.,0.,1.));
#8651 = ORIENTED_EDGE('',*,*,#5554,.F.);
#8652 = PLANE('',#8653);
#8653 = AXIS2_PLACEMENT_3D('',#8654,#8655,#8656);
#8654 = CARTESIAN_POINT('',(10.524806976318,-57.52858352661,
    12.010000228882));
#8655 = DIRECTION('',(-0.258805447013,-0.965929469783,-0.));
#8656 = DIRECTION('',(-0.965929469783,0.258805447013,0.));
#8657 = ADVANCED_FACE('',(#8658),#8676,.F.);
#8658 = FACE_BOUND('',#8659,.F.);
#8659 = EDGE_LOOP('',(#8660,#8661,#8669,#8675));
#8660 = ORIENTED_EDGE('',*,*,#8646,.F.);
#8661 = ORIENTED_EDGE('',*,*,#8662,.T.);
#8662 = EDGE_CURVE('',#8639,#8663,#8665,.T.);
#8663 = VERTEX_POINT('',#8664);
#8664 = CARTESIAN_POINT('',(11.10493183136,-57.61353302002,0.89));
#8665 = LINE('',#8666,#8667);
#8666 = CARTESIAN_POINT('',(14.546682460938,-57.91478879592,0.89));
#8667 = VECTOR('',#8668,1.);
#8668 = DIRECTION('',(0.996191138433,-8.71964202705E-02,0.));
#8669 = ORIENTED_EDGE('',*,*,#8670,.T.);
#8670 = EDGE_CURVE('',#8663,#5539,#8671,.T.);
#8671 = LINE('',#8672,#8673);
#8672 = CARTESIAN_POINT('',(11.10493183136,-57.61353302002,0.));
#8673 = VECTOR('',#8674,1.);
#8674 = DIRECTION('',(0.,0.,1.));
#8675 = ORIENTED_EDGE('',*,*,#5546,.F.);
#8676 = PLANE('',#8677);
#8677 = AXIS2_PLACEMENT_3D('',#8678,#8679,#8680);
#8678 = CARTESIAN_POINT('',(10.909576892853,-57.59643363952,
    12.010000228882));
#8679 = DIRECTION('',(-8.71964202705E-02,-0.996191138433,-0.));
#8680 = DIRECTION('',(-0.996191138433,8.71964202705E-02,0.));
#8681 = ADVANCED_FACE('',(#8682),#8700,.F.);
#8682 = FACE_BOUND('',#8683,.F.);
#8683 = EDGE_LOOP('',(#8684,#8685,#8693,#8699));
#8684 = ORIENTED_EDGE('',*,*,#8670,.F.);
#8685 = ORIENTED_EDGE('',*,*,#8686,.T.);
#8686 = EDGE_CURVE('',#8663,#8687,#8689,.T.);
#8687 = VERTEX_POINT('',#8688);
#8688 = CARTESIAN_POINT('',(11.495641708374,-57.57933425903,0.89));
#8689 = LINE('',#8690,#8691);
#8690 = CARTESIAN_POINT('',(16.206392702238,-57.16700312336,0.89));
#8691 = VECTOR('',#8692,1.);
#8692 = DIRECTION('',(0.996191138433,8.71964202705E-02,0.));
#8693 = ORIENTED_EDGE('',*,*,#8694,.T.);
#8694 = EDGE_CURVE('',#8687,#5531,#8695,.T.);
#8695 = LINE('',#8696,#8697);
#8696 = CARTESIAN_POINT('',(11.495641708374,-57.57933425903,0.));
#8697 = VECTOR('',#8698,1.);
#8698 = DIRECTION('',(0.,0.,1.));
#8699 = ORIENTED_EDGE('',*,*,#5538,.F.);
#8700 = PLANE('',#8701);
#8701 = AXIS2_PLACEMENT_3D('',#8702,#8703,#8704);
#8702 = CARTESIAN_POINT('',(11.300286769867,-57.59643363952,
    12.010000228882));
#8703 = DIRECTION('',(8.71964202705E-02,-0.996191138433,0.));
#8704 = DIRECTION('',(-0.996191138433,-8.71964202705E-02,0.));
#8705 = ADVANCED_FACE('',(#8706),#8724,.F.);
#8706 = FACE_BOUND('',#8707,.F.);
#8707 = EDGE_LOOP('',(#8708,#8709,#8717,#8723));
#8708 = ORIENTED_EDGE('',*,*,#8694,.F.);
#8709 = ORIENTED_EDGE('',*,*,#8710,.T.);
#8710 = EDGE_CURVE('',#8687,#8711,#8713,.T.);
#8711 = VERTEX_POINT('',#8712);
#8712 = CARTESIAN_POINT('',(11.874482154846,-57.47783279418,0.89));
#8713 = LINE('',#8714,#8715);
#8714 = CARTESIAN_POINT('',(17.526940964759,-55.96338824499,0.89));
#8715 = VECTOR('',#8716,1.);
#8716 = DIRECTION('',(0.965931261313,0.258798760467,0.));
#8717 = ORIENTED_EDGE('',*,*,#8718,.T.);
#8718 = EDGE_CURVE('',#8711,#5523,#8719,.T.);
#8719 = LINE('',#8720,#8721);
#8720 = CARTESIAN_POINT('',(11.874482154846,-57.47783279418,0.));
#8721 = VECTOR('',#8722,1.);
#8722 = DIRECTION('',(0.,0.,1.));
#8723 = ORIENTED_EDGE('',*,*,#5530,.F.);
#8724 = PLANE('',#8725);
#8725 = AXIS2_PLACEMENT_3D('',#8726,#8727,#8728);
#8726 = CARTESIAN_POINT('',(11.68506193161,-57.52858352661,
    12.010000228882));
#8727 = DIRECTION('',(0.258798760467,-0.965931261313,0.));
#8728 = DIRECTION('',(-0.965931261313,-0.258798760467,0.));
#8729 = ADVANCED_FACE('',(#8730),#8748,.F.);
#8730 = FACE_BOUND('',#8731,.F.);
#8731 = EDGE_LOOP('',(#8732,#8733,#8741,#8747));
#8732 = ORIENTED_EDGE('',*,*,#8718,.F.);
#8733 = ORIENTED_EDGE('',*,*,#8734,.T.);
#8734 = EDGE_CURVE('',#8711,#8735,#8737,.T.);
#8735 = VERTEX_POINT('',#8736);
#8736 = CARTESIAN_POINT('',(12.229932308197,-57.31213378906,0.89));
#8737 = LINE('',#8738,#8739);
#8738 = CARTESIAN_POINT('',(18.385069359307,-54.44281420606,0.89));
#8739 = VECTOR('',#8740,1.);
#8740 = DIRECTION('',(0.906356734664,0.422513277342,0.));
#8741 = ORIENTED_EDGE('',*,*,#8742,.T.);
#8742 = EDGE_CURVE('',#8735,#5515,#8743,.T.);
#8743 = LINE('',#8744,#8745);
#8744 = CARTESIAN_POINT('',(12.229932308197,-57.31213378906,0.));
#8745 = VECTOR('',#8746,1.);
#8746 = DIRECTION('',(0.,0.,1.));
#8747 = ORIENTED_EDGE('',*,*,#5522,.F.);
#8748 = PLANE('',#8749);
#8749 = AXIS2_PLACEMENT_3D('',#8750,#8751,#8752);
#8750 = CARTESIAN_POINT('',(12.052207231522,-57.39498329162,
    12.010000228882));
#8751 = DIRECTION('',(0.422513277342,-0.906356734664,0.));
#8752 = DIRECTION('',(-0.906356734664,-0.422513277342,0.));
#8753 = ADVANCED_FACE('',(#8754),#8772,.F.);
#8754 = FACE_BOUND('',#8755,.F.);
#8755 = EDGE_LOOP('',(#8756,#8764,#8770,#8771));
#8756 = ORIENTED_EDGE('',*,*,#8757,.T.);
#8757 = EDGE_CURVE('',#8735,#8758,#8760,.T.);
#8758 = VERTEX_POINT('',#8759);
#8759 = CARTESIAN_POINT('',(37.894933700562,-42.49439239502,0.89));
#8760 = LINE('',#8761,#8762);
#8761 = CARTESIAN_POINT('',(25.037159596481,-49.91785474612,0.89));
#8762 = VECTOR('',#8763,1.);
#8763 = DIRECTION('',(0.866024732665,0.500001162411,0.));
#8764 = ORIENTED_EDGE('',*,*,#8765,.T.);
#8765 = EDGE_CURVE('',#8758,#5507,#8766,.T.);
#8766 = LINE('',#8767,#8768);
#8767 = CARTESIAN_POINT('',(37.894933700562,-42.49439239502,0.));
#8768 = VECTOR('',#8769,1.);
#8769 = DIRECTION('',(0.,0.,1.));
#8770 = ORIENTED_EDGE('',*,*,#5514,.F.);
#8771 = ORIENTED_EDGE('',*,*,#8742,.F.);
#8772 = PLANE('',#8773);
#8773 = AXIS2_PLACEMENT_3D('',#8774,#8775,#8776);
#8774 = CARTESIAN_POINT('',(25.062433004379,-49.90326309204,
    12.010000228882));
#8775 = DIRECTION('',(0.500001162411,-0.866024732665,0.));
#8776 = DIRECTION('',(-0.866024732665,-0.500001162411,0.));
#8777 = ADVANCED_FACE('',(#8778),#8796,.F.);
#8778 = FACE_BOUND('',#8779,.F.);
#8779 = EDGE_LOOP('',(#8780,#8788,#8789,#8790));
#8780 = ORIENTED_EDGE('',*,*,#8781,.F.);
#8781 = EDGE_CURVE('',#5499,#8782,#8784,.T.);
#8782 = VERTEX_POINT('',#8783);
#8783 = CARTESIAN_POINT('',(38.313932418823,-42.18242263793,0.89));
#8784 = LINE('',#8785,#8786);
#8785 = CARTESIAN_POINT('',(38.313932418823,-42.18242263793,
    24.020000457764));
#8786 = VECTOR('',#8787,1.);
#8787 = DIRECTION('',(0.,0.,-1.));
#8788 = ORIENTED_EDGE('',*,*,#5506,.F.);
#8789 = ORIENTED_EDGE('',*,*,#8765,.F.);
#8790 = ORIENTED_EDGE('',*,*,#8791,.T.);
#8791 = EDGE_CURVE('',#8758,#8782,#8792,.T.);
#8792 = LINE('',#8793,#8794);
#8793 = CARTESIAN_POINT('',(32.567682147367,-46.4608517194,0.89));
#8794 = VECTOR('',#8795,1.);
#8795 = DIRECTION('',(0.802089476739,0.597203877503,0.));
#8796 = PLANE('',#8797);
#8797 = AXIS2_PLACEMENT_3D('',#8798,#8799,#8800);
#8798 = CARTESIAN_POINT('',(38.104433059692,-42.33840751647,
    12.010000228882));
#8799 = DIRECTION('',(0.597203877503,-0.802089476739,0.));
#8800 = DIRECTION('',(-0.802089476739,-0.597203877503,0.));
#8801 = ADVANCED_FACE('',(#8802),#8820,.F.);
#8802 = FACE_BOUND('',#8803,.F.);
#8803 = EDGE_LOOP('',(#8804,#8805,#8806,#8814));
#8804 = ORIENTED_EDGE('',*,*,#5498,.F.);
#8805 = ORIENTED_EDGE('',*,*,#8781,.T.);
#8806 = ORIENTED_EDGE('',*,*,#8807,.T.);
#8807 = EDGE_CURVE('',#8782,#8808,#8810,.T.);
#8808 = VERTEX_POINT('',#8809);
#8809 = CARTESIAN_POINT('',(38.649732589722,-41.78223276138,0.89));
#8810 = LINE('',#8811,#8812);
#8811 = CARTESIAN_POINT('',(34.906558251891,-46.24316103362,0.89));
#8812 = VECTOR('',#8813,1.);
#8813 = DIRECTION('',(0.64278872521,0.766043507082,0.));
#8814 = ORIENTED_EDGE('',*,*,#8815,.F.);
#8815 = EDGE_CURVE('',#5491,#8808,#8816,.T.);
#8816 = LINE('',#8817,#8818);
#8817 = CARTESIAN_POINT('',(38.649732589722,-41.78223276138,
    24.020000457764));
#8818 = VECTOR('',#8819,1.);
#8819 = DIRECTION('',(0.,0.,-1.));
#8820 = PLANE('',#8821);
#8821 = AXIS2_PLACEMENT_3D('',#8822,#8823,#8824);
#8822 = CARTESIAN_POINT('',(38.481832504272,-41.98232769966,
    12.010000228882));
#8823 = DIRECTION('',(0.766043507082,-0.64278872521,0.));
#8824 = DIRECTION('',(0.64278872521,0.766043507082,0.));
#8825 = ADVANCED_FACE('',(#8826),#8844,.F.);
#8826 = FACE_BOUND('',#8827,.F.);
#8827 = EDGE_LOOP('',(#8828,#8829,#8830,#8838));
#8828 = ORIENTED_EDGE('',*,*,#5490,.F.);
#8829 = ORIENTED_EDGE('',*,*,#8815,.T.);
#8830 = ORIENTED_EDGE('',*,*,#8831,.T.);
#8831 = EDGE_CURVE('',#8808,#8832,#8834,.T.);
#8832 = VERTEX_POINT('',#8833);
#8833 = CARTESIAN_POINT('',(38.884233474731,-41.31537771225,0.89));
#8834 = LINE('',#8835,#8836);
#8835 = CARTESIAN_POINT('',(37.006703616374,-45.05324972171,0.89));
#8836 = VECTOR('',#8837,1.);
#8837 = DIRECTION('',(0.448856449596,0.893603876254,0.));
#8838 = ORIENTED_EDGE('',*,*,#8839,.F.);
#8839 = EDGE_CURVE('',#5483,#8832,#8840,.T.);
#8840 = LINE('',#8841,#8842);
#8841 = CARTESIAN_POINT('',(38.884233474731,-41.31537771225,
    24.020000457764));
#8842 = VECTOR('',#8843,1.);
#8843 = DIRECTION('',(0.,0.,-1.));
#8844 = PLANE('',#8845);
#8845 = AXIS2_PLACEMENT_3D('',#8846,#8847,#8848);
#8846 = CARTESIAN_POINT('',(38.766983032227,-41.54880523681,
    12.010000228882));
#8847 = DIRECTION('',(0.893603876254,-0.448856449596,0.));
#8848 = DIRECTION('',(0.448856449596,0.893603876254,0.));
#8849 = ADVANCED_FACE('',(#8850),#8868,.F.);
#8850 = FACE_BOUND('',#8851,.F.);
#8851 = EDGE_LOOP('',(#8852,#8853,#8854,#8862));
#8852 = ORIENTED_EDGE('',*,*,#5482,.F.);
#8853 = ORIENTED_EDGE('',*,*,#8839,.T.);
#8854 = ORIENTED_EDGE('',*,*,#8855,.T.);
#8855 = EDGE_CURVE('',#8832,#8856,#8858,.T.);
#8856 = VERTEX_POINT('',#8857);
#8857 = CARTESIAN_POINT('',(39.004734039307,-40.80704164505,0.89));
#8858 = LINE('',#8859,#8860);
#8859 = CARTESIAN_POINT('',(38.46721523889,-43.07458449028,0.89));
#8860 = VECTOR('',#8861,1.);
#8861 = DIRECTION('',(0.230657017288,0.97303511775,0.));
#8862 = ORIENTED_EDGE('',*,*,#8863,.F.);
#8863 = EDGE_CURVE('',#5475,#8856,#8864,.T.);
#8864 = LINE('',#8865,#8866);
#8865 = CARTESIAN_POINT('',(39.004734039307,-40.80704164505,
    24.020000457764));
#8866 = VECTOR('',#8867,1.);
#8867 = DIRECTION('',(0.,0.,-1.));
#8868 = PLANE('',#8869);
#8869 = AXIS2_PLACEMENT_3D('',#8870,#8871,#8872);
#8870 = CARTESIAN_POINT('',(38.944483757019,-41.06120967865,
    12.010000228882));
#8871 = DIRECTION('',(0.97303511775,-0.230657017288,0.));
#8872 = DIRECTION('',(0.230657017288,0.97303511775,0.));
#8873 = ADVANCED_FACE('',(#8874),#8892,.F.);
#8874 = FACE_BOUND('',#8875,.F.);
#8875 = EDGE_LOOP('',(#8876,#8877,#8878,#8886));
#8876 = ORIENTED_EDGE('',*,*,#5474,.F.);
#8877 = ORIENTED_EDGE('',*,*,#8863,.T.);
#8878 = ORIENTED_EDGE('',*,*,#8879,.T.);
#8879 = EDGE_CURVE('',#8856,#8880,#8882,.T.);
#8880 = VERTEX_POINT('',#8881);
#8881 = CARTESIAN_POINT('',(39.004734039307,-40.28462362289,0.89));
#8882 = LINE('',#8883,#8884);
#8883 = CARTESIAN_POINT('',(39.004734039307,-40.65070059287,0.89));
#8884 = VECTOR('',#8885,1.);
#8885 = DIRECTION('',(0.,1.,0.));
#8886 = ORIENTED_EDGE('',*,*,#8887,.F.);
#8887 = EDGE_CURVE('',#5467,#8880,#8888,.T.);
#8888 = LINE('',#8889,#8890);
#8889 = CARTESIAN_POINT('',(39.004734039307,-40.28462362289,
    24.020000457764));
#8890 = VECTOR('',#8891,1.);
#8891 = DIRECTION('',(0.,0.,-1.));
#8892 = PLANE('',#8893);
#8893 = AXIS2_PLACEMENT_3D('',#8894,#8895,#8896);
#8894 = CARTESIAN_POINT('',(39.004734039307,-40.54583263397,
    12.010000228882));
#8895 = DIRECTION('',(1.,0.,0.));
#8896 = DIRECTION('',(0.,0.,1.));
#8897 = ADVANCED_FACE('',(#8898),#8916,.F.);
#8898 = FACE_BOUND('',#8899,.F.);
#8899 = EDGE_LOOP('',(#8900,#8908,#8909,#8910));
#8900 = ORIENTED_EDGE('',*,*,#8901,.F.);
#8901 = EDGE_CURVE('',#5459,#8902,#8904,.T.);
#8902 = VERTEX_POINT('',#8903);
#8903 = CARTESIAN_POINT('',(38.884233474731,-39.77628755569,0.89));
#8904 = LINE('',#8905,#8906);
#8905 = CARTESIAN_POINT('',(38.884233474731,-39.77628755569,
    24.020000457764));
#8906 = VECTOR('',#8907,1.);
#8907 = DIRECTION('',(0.,0.,-1.));
#8908 = ORIENTED_EDGE('',*,*,#5466,.F.);
#8909 = ORIENTED_EDGE('',*,*,#8887,.T.);
#8910 = ORIENTED_EDGE('',*,*,#8911,.T.);
#8911 = EDGE_CURVE('',#8880,#8902,#8912,.T.);
#8912 = LINE('',#8913,#8914);
#8913 = CARTESIAN_POINT('',(38.51428781835,-38.21565818681,0.89));
#8914 = VECTOR('',#8915,1.);
#8915 = DIRECTION('',(-0.230657017288,0.97303511775,0.));
#8916 = PLANE('',#8917);
#8917 = AXIS2_PLACEMENT_3D('',#8918,#8919,#8920);
#8918 = CARTESIAN_POINT('',(38.944483757019,-40.03045558929,
    12.010000228882));
#8919 = DIRECTION('',(0.97303511775,0.230657017288,0.));
#8920 = DIRECTION('',(-0.230657017288,0.97303511775,0.));
#8921 = ADVANCED_FACE('',(#8922),#8940,.F.);
#8922 = FACE_BOUND('',#8923,.F.);
#8923 = EDGE_LOOP('',(#8924,#8925,#8926,#8934));
#8924 = ORIENTED_EDGE('',*,*,#5458,.F.);
#8925 = ORIENTED_EDGE('',*,*,#8901,.T.);
#8926 = ORIENTED_EDGE('',*,*,#8927,.T.);
#8927 = EDGE_CURVE('',#8902,#8928,#8930,.T.);
#8928 = VERTEX_POINT('',#8929);
#8929 = CARTESIAN_POINT('',(38.649732589722,-39.30943250656,0.89));
#8930 = LINE('',#8931,#8932);
#8931 = CARTESIAN_POINT('',(37.090828664322,-36.20589552564,0.89));
#8932 = VECTOR('',#8933,1.);
#8933 = DIRECTION('',(-0.448856449596,0.893603876254,0.));
#8934 = ORIENTED_EDGE('',*,*,#8935,.F.);
#8935 = EDGE_CURVE('',#5451,#8928,#8936,.T.);
#8936 = LINE('',#8937,#8938);
#8937 = CARTESIAN_POINT('',(38.649732589722,-39.30943250656,
    24.020000457764));
#8938 = VECTOR('',#8939,1.);
#8939 = DIRECTION('',(0.,0.,-1.));
#8940 = PLANE('',#8941);
#8941 = AXIS2_PLACEMENT_3D('',#8942,#8943,#8944);
#8942 = CARTESIAN_POINT('',(38.766983032227,-39.54286003112,
    12.010000228882));
#8943 = DIRECTION('',(0.893603876254,0.448856449596,0.));
#8944 = DIRECTION('',(-0.448856449596,0.893603876254,0.));
#8945 = ADVANCED_FACE('',(#8946),#8964,.F.);
#8946 = FACE_BOUND('',#8947,.F.);
#8947 = EDGE_LOOP('',(#8948,#8956,#8962,#8963));
#8948 = ORIENTED_EDGE('',*,*,#8949,.T.);
#8949 = EDGE_CURVE('',#8928,#8950,#8952,.T.);
#8950 = VERTEX_POINT('',#8951);
#8951 = CARTESIAN_POINT('',(38.313932418823,-38.90924263,0.89));
#8952 = LINE('',#8953,#8954);
#8953 = CARTESIAN_POINT('',(35.009833083896,-34.97158202239,0.89));
#8954 = VECTOR('',#8955,1.);
#8955 = DIRECTION('',(-0.64278872521,0.766043507082,0.));
#8956 = ORIENTED_EDGE('',*,*,#8957,.T.);
#8957 = EDGE_CURVE('',#8950,#5443,#8958,.T.);
#8958 = LINE('',#8959,#8960);
#8959 = CARTESIAN_POINT('',(38.313932418823,-38.90924263,0.));
#8960 = VECTOR('',#8961,1.);
#8961 = DIRECTION('',(0.,0.,1.));
#8962 = ORIENTED_EDGE('',*,*,#5450,.F.);
#8963 = ORIENTED_EDGE('',*,*,#8935,.T.);
#8964 = PLANE('',#8965);
#8965 = AXIS2_PLACEMENT_3D('',#8966,#8967,#8968);
#8966 = CARTESIAN_POINT('',(38.481832504272,-39.10933756828,
    12.010000228882));
#8967 = DIRECTION('',(0.766043507082,0.64278872521,0.));
#8968 = DIRECTION('',(-0.64278872521,0.766043507082,0.));
#8969 = ADVANCED_FACE('',(#8970),#8988,.F.);
#8970 = FACE_BOUND('',#8971,.F.);
#8971 = EDGE_LOOP('',(#8972,#8980,#8981,#8982));
#8972 = ORIENTED_EDGE('',*,*,#8973,.F.);
#8973 = EDGE_CURVE('',#5435,#8974,#8976,.T.);
#8974 = VERTEX_POINT('',#8975);
#8975 = CARTESIAN_POINT('',(37.894933700562,-38.59727287292,0.89));
#8976 = LINE('',#8977,#8978);
#8977 = CARTESIAN_POINT('',(37.894933700562,-38.59727287292,
    24.020000457764));
#8978 = VECTOR('',#8979,1.);
#8979 = DIRECTION('',(0.,0.,-1.));
#8980 = ORIENTED_EDGE('',*,*,#5442,.F.);
#8981 = ORIENTED_EDGE('',*,*,#8957,.F.);
#8982 = ORIENTED_EDGE('',*,*,#8983,.T.);
#8983 = EDGE_CURVE('',#8950,#8974,#8984,.T.);
#8984 = LINE('',#8985,#8986);
#8985 = CARTESIAN_POINT('',(32.668147947683,-34.70561638194,0.89));
#8986 = VECTOR('',#8987,1.);
#8987 = DIRECTION('',(-0.802089476739,0.597203877503,0.));
#8988 = PLANE('',#8989);
#8989 = AXIS2_PLACEMENT_3D('',#8990,#8991,#8992);
#8990 = CARTESIAN_POINT('',(38.104433059692,-38.75325775146,
    12.010000228882));
#8991 = DIRECTION('',(0.597203877503,0.802089476739,0.));
#8992 = DIRECTION('',(0.802089476739,-0.597203877503,0.));
#8993 = ADVANCED_FACE('',(#8994),#9012,.F.);
#8994 = FACE_BOUND('',#8995,.F.);
#8995 = EDGE_LOOP('',(#8996,#9004,#9010,#9011));
#8996 = ORIENTED_EDGE('',*,*,#8997,.T.);
#8997 = EDGE_CURVE('',#8974,#8998,#9000,.T.);
#8998 = VERTEX_POINT('',#8999);
#8999 = CARTESIAN_POINT('',(12.229932308197,-23.77953243255,0.89));
#9000 = LINE('',#9001,#9002);
#9001 = CARTESIAN_POINT('',(25.127977819248,-31.22624508411,0.89));
#9002 = VECTOR('',#9003,1.);
#9003 = DIRECTION('',(-0.866024746599,0.500001138276,0.));
#9004 = ORIENTED_EDGE('',*,*,#9005,.F.);
#9005 = EDGE_CURVE('',#5427,#8998,#9006,.T.);
#9006 = LINE('',#9007,#9008);
#9007 = CARTESIAN_POINT('',(12.229932308197,-23.77953243255,
    24.020000457764));
#9008 = VECTOR('',#9009,1.);
#9009 = DIRECTION('',(0.,0.,-1.));
#9010 = ORIENTED_EDGE('',*,*,#5434,.F.);
#9011 = ORIENTED_EDGE('',*,*,#8973,.T.);
#9012 = PLANE('',#9013);
#9013 = AXIS2_PLACEMENT_3D('',#9014,#9015,#9016);
#9014 = CARTESIAN_POINT('',(25.062433004379,-31.18840265274,
    12.010000228882));
#9015 = DIRECTION('',(0.500001138276,0.866024746599,0.));
#9016 = DIRECTION('',(0.866024746599,-0.500001138276,0.));
#9017 = ADVANCED_FACE('',(#9018),#9036,.F.);
#9018 = FACE_BOUND('',#9019,.F.);
#9019 = EDGE_LOOP('',(#9020,#9021,#9022,#9030));
#9020 = ORIENTED_EDGE('',*,*,#5426,.F.);
#9021 = ORIENTED_EDGE('',*,*,#9005,.T.);
#9022 = ORIENTED_EDGE('',*,*,#9023,.T.);
#9023 = EDGE_CURVE('',#8998,#9024,#9026,.T.);
#9024 = VERTEX_POINT('',#9025);
#9025 = CARTESIAN_POINT('',(11.750242233276,-23.57263278961,0.89));
#9026 = LINE('',#9027,#9028);
#9027 = CARTESIAN_POINT('',(18.351706108103,-26.41997233241,0.89));
#9028 = VECTOR('',#9029,1.);
#9029 = DIRECTION('',(-0.918228956039,0.396049977013,0.));
#9030 = ORIENTED_EDGE('',*,*,#9031,.F.);
#9031 = EDGE_CURVE('',#5419,#9024,#9032,.T.);
#9032 = LINE('',#9033,#9034);
#9033 = CARTESIAN_POINT('',(11.750242233276,-23.57263278961,
    24.020000457764));
#9034 = VECTOR('',#9035,1.);
#9035 = DIRECTION('',(0.,0.,-1.));
#9036 = PLANE('',#9037);
#9037 = AXIS2_PLACEMENT_3D('',#9038,#9039,#9040);
#9038 = CARTESIAN_POINT('',(11.990087270737,-23.67608261108,
    12.010000228882));
#9039 = DIRECTION('',(0.396049977013,0.918228956039,0.));
#9040 = DIRECTION('',(0.918228956039,-0.396049977013,0.));
#9041 = ADVANCED_FACE('',(#9042),#9060,.F.);
#9042 = FACE_BOUND('',#9043,.F.);
#9043 = EDGE_LOOP('',(#9044,#9045,#9046,#9054));
#9044 = ORIENTED_EDGE('',*,*,#5418,.F.);
#9045 = ORIENTED_EDGE('',*,*,#9031,.T.);
#9046 = ORIENTED_EDGE('',*,*,#9047,.T.);
#9047 = EDGE_CURVE('',#9024,#9048,#9050,.T.);
#9048 = VERTEX_POINT('',#9049);
#9049 = CARTESIAN_POINT('',(11.23576259613,-23.48193264007,0.89));
#9050 = LINE('',#9051,#9052);
#9051 = CARTESIAN_POINT('',(16.952256261225,-24.48972146748,0.89));
#9052 = VECTOR('',#9053,1.);
#9053 = DIRECTION('',(-0.984813150972,0.17361756153,0.));
#9054 = ORIENTED_EDGE('',*,*,#9055,.T.);
#9055 = EDGE_CURVE('',#9048,#5411,#9056,.T.);
#9056 = LINE('',#9057,#9058);
#9057 = CARTESIAN_POINT('',(11.23576259613,-23.48193264007,0.));
#9058 = VECTOR('',#9059,1.);
#9059 = DIRECTION('',(0.,0.,1.));
#9060 = PLANE('',#9061);
#9061 = AXIS2_PLACEMENT_3D('',#9062,#9063,#9064);
#9062 = CARTESIAN_POINT('',(11.493002414703,-23.52728271484,
    12.010000228882));
#9063 = DIRECTION('',(0.17361756153,0.984813150972,0.));
#9064 = DIRECTION('',(0.984813150972,-0.17361756153,0.));
#9065 = ADVANCED_FACE('',(#9066),#9084,.F.);
#9066 = FACE_BOUND('',#9067,.F.);
#9067 = EDGE_LOOP('',(#9068,#9076,#9082,#9083));
#9068 = ORIENTED_EDGE('',*,*,#9069,.T.);
#9069 = EDGE_CURVE('',#9048,#9070,#9072,.T.);
#9070 = VERTEX_POINT('',#9071);
#9071 = CARTESIAN_POINT('',(10.714221954346,-23.51233196258,0.89));
#9072 = LINE('',#9073,#9074);
#9073 = CARTESIAN_POINT('',(14.828227524331,-23.27253668661,0.89));
#9074 = VECTOR('',#9075,1.);
#9075 = DIRECTION('',(-0.998305597424,-5.818878029437E-02,0.));
#9076 = ORIENTED_EDGE('',*,*,#9077,.T.);
#9077 = EDGE_CURVE('',#9070,#5403,#9078,.T.);
#9078 = LINE('',#9079,#9080);
#9079 = CARTESIAN_POINT('',(10.714221954346,-23.51233196258,0.));
#9080 = VECTOR('',#9081,1.);
#9081 = DIRECTION('',(0.,0.,1.));
#9082 = ORIENTED_EDGE('',*,*,#5410,.F.);
#9083 = ORIENTED_EDGE('',*,*,#9055,.F.);
#9084 = PLANE('',#9085);
#9085 = AXIS2_PLACEMENT_3D('',#9086,#9087,#9088);
#9086 = CARTESIAN_POINT('',(10.974992275238,-23.49713230133,
    12.010000228882));
#9087 = DIRECTION('',(-5.818878029437E-02,0.998305597424,0.));
#9088 = DIRECTION('',(0.998305597424,5.818878029437E-02,0.));
#9089 = ADVANCED_FACE('',(#9090),#9108,.F.);
#9090 = FACE_BOUND('',#9091,.F.);
#9091 = EDGE_LOOP('',(#9092,#9093,#9101,#9107));
#9092 = ORIENTED_EDGE('',*,*,#9077,.F.);
#9093 = ORIENTED_EDGE('',*,*,#9094,.T.);
#9094 = EDGE_CURVE('',#9070,#9095,#9097,.T.);
#9095 = VERTEX_POINT('',#9096);
#9096 = CARTESIAN_POINT('',(10.213751792908,-23.66213321685,0.89));
#9097 = LINE('',#9098,#9099);
#9098 = CARTESIAN_POINT('',(12.35036339361,-23.02260038885,0.89));
#9099 = VECTOR('',#9100,1.);
#9100 = DIRECTION('',(-0.958005118823,-0.286751098181,0.));
#9101 = ORIENTED_EDGE('',*,*,#9102,.T.);
#9102 = EDGE_CURVE('',#9095,#5395,#9103,.T.);
#9103 = LINE('',#9104,#9105);
#9104 = CARTESIAN_POINT('',(10.213751792908,-23.66213321685,0.));
#9105 = VECTOR('',#9106,1.);
#9106 = DIRECTION('',(0.,0.,1.));
#9107 = ORIENTED_EDGE('',*,*,#5402,.F.);
#9108 = PLANE('',#9109);
#9109 = AXIS2_PLACEMENT_3D('',#9110,#9111,#9112);
#9110 = CARTESIAN_POINT('',(10.463986873627,-23.58723258972,
    12.010000228882));
#9111 = DIRECTION('',(-0.286751098181,0.958005118823,0.));
#9112 = DIRECTION('',(0.958005118823,0.286751098181,0.));
#9113 = ADVANCED_FACE('',(#9114),#9132,.F.);
#9114 = FACE_BOUND('',#9115,.F.);
#9115 = EDGE_LOOP('',(#9116,#9124,#9130,#9131));
#9116 = ORIENTED_EDGE('',*,*,#9117,.T.);
#9117 = EDGE_CURVE('',#9095,#9118,#9120,.T.);
#9118 = VERTEX_POINT('',#9119);
#9119 = CARTESIAN_POINT('',(9.761322021484,-23.92333316803,0.89));
#9120 = LINE('',#9121,#9122);
#9121 = CARTESIAN_POINT('',(9.962394918001,-23.80724834322,0.89));
#9122 = VECTOR('',#9123,1.);
#9123 = DIRECTION('',(-0.866034106043,-0.499984926942,0.));
#9124 = ORIENTED_EDGE('',*,*,#9125,.T.);
#9125 = EDGE_CURVE('',#9118,#5387,#9126,.T.);
#9126 = LINE('',#9127,#9128);
#9127 = CARTESIAN_POINT('',(9.761322021484,-23.92333316803,0.));
#9128 = VECTOR('',#9129,1.);
#9129 = DIRECTION('',(0.,0.,1.));
#9130 = ORIENTED_EDGE('',*,*,#5394,.F.);
#9131 = ORIENTED_EDGE('',*,*,#9102,.F.);
#9132 = PLANE('',#9133);
#9133 = AXIS2_PLACEMENT_3D('',#9134,#9135,#9136);
#9134 = CARTESIAN_POINT('',(9.987536907196,-23.79273319244,
    12.010000228882));
#9135 = DIRECTION('',(-0.499984926942,0.866034106043,0.));
#9136 = DIRECTION('',(0.866034106043,0.499984926942,0.));
#9137 = ADVANCED_FACE('',(#9138),#9156,.F.);
#9138 = FACE_BOUND('',#9139,.F.);
#9139 = EDGE_LOOP('',(#9140,#9148,#9154,#9155));
#9140 = ORIENTED_EDGE('',*,*,#9141,.T.);
#9141 = EDGE_CURVE('',#9118,#9142,#9144,.T.);
#9142 = VERTEX_POINT('',#9143);
#9143 = CARTESIAN_POINT('',(9.381332397461,-24.281832695,0.89));
#9144 = LINE('',#9145,#9146);
#9145 = CARTESIAN_POINT('',(8.098138847343,-25.49245596378,0.89));
#9146 = VECTOR('',#9147,1.);
#9147 = DIRECTION('',(-0.727375737454,-0.686239416358,0.));
#9148 = ORIENTED_EDGE('',*,*,#9149,.T.);
#9149 = EDGE_CURVE('',#9142,#5379,#9150,.T.);
#9150 = LINE('',#9151,#9152);
#9151 = CARTESIAN_POINT('',(9.381332397461,-24.281832695,0.));
#9152 = VECTOR('',#9153,1.);
#9153 = DIRECTION('',(0.,0.,1.));
#9154 = ORIENTED_EDGE('',*,*,#5386,.F.);
#9155 = ORIENTED_EDGE('',*,*,#9125,.F.);
#9156 = PLANE('',#9157);
#9157 = AXIS2_PLACEMENT_3D('',#9158,#9159,#9160);
#9158 = CARTESIAN_POINT('',(9.571327209473,-24.10258293151,
    12.010000228882));
#9159 = DIRECTION('',(-0.686239416358,0.727375737454,0.));
#9160 = DIRECTION('',(0.727375737454,0.686239416358,0.));
#9161 = ADVANCED_FACE('',(#9162),#9180,.F.);
#9162 = FACE_BOUND('',#9163,.F.);
#9163 = EDGE_LOOP('',(#9164,#9172,#9178,#9179));
#9164 = ORIENTED_EDGE('',*,*,#9165,.T.);
#9165 = EDGE_CURVE('',#9142,#9166,#9168,.T.);
#9166 = VERTEX_POINT('',#9167);
#9167 = CARTESIAN_POINT('',(9.094232559204,-24.71833229064,0.89));
#9168 = LINE('',#9169,#9170);
#9169 = CARTESIAN_POINT('',(7.087933525055,-27.76866043594,0.89));
#9170 = VECTOR('',#9171,1.);
#9171 = DIRECTION('',(-0.549521721385,-0.835479429864,0.));
#9172 = ORIENTED_EDGE('',*,*,#9173,.T.);
#9173 = EDGE_CURVE('',#9166,#5371,#9174,.T.);
#9174 = LINE('',#9175,#9176);
#9175 = CARTESIAN_POINT('',(9.094232559204,-24.71833229064,0.));
#9176 = VECTOR('',#9177,1.);
#9177 = DIRECTION('',(0.,0.,1.));
#9178 = ORIENTED_EDGE('',*,*,#5378,.F.);
#9179 = ORIENTED_EDGE('',*,*,#9149,.F.);
#9180 = PLANE('',#9181);
#9181 = AXIS2_PLACEMENT_3D('',#9182,#9183,#9184);
#9182 = CARTESIAN_POINT('',(9.237782478333,-24.50008249282,
    12.010000228882));
#9183 = DIRECTION('',(-0.835479429864,0.549521721385,0.));
#9184 = DIRECTION('',(-0.549521721385,-0.835479429864,0.));
#9185 = ADVANCED_FACE('',(#9186),#9204,.F.);
#9186 = FACE_BOUND('',#9187,.F.);
#9187 = EDGE_LOOP('',(#9188,#9196,#9202,#9203));
#9188 = ORIENTED_EDGE('',*,*,#9189,.T.);
#9189 = EDGE_CURVE('',#9166,#9190,#9192,.T.);
#9190 = VERTEX_POINT('',#9191);
#9191 = CARTESIAN_POINT('',(8.915532112122,-25.20923233032,0.89));
#9192 = LINE('',#9193,#9194);
#9193 = CARTESIAN_POINT('',(7.09340335151,-30.21472109924,0.89));
#9194 = VECTOR('',#9195,1.);
#9195 = DIRECTION('',(-0.342066531816,-0.93967573546,0.));
#9196 = ORIENTED_EDGE('',*,*,#9197,.T.);
#9197 = EDGE_CURVE('',#9190,#5363,#9198,.T.);
#9198 = LINE('',#9199,#9200);
#9199 = CARTESIAN_POINT('',(8.915532112122,-25.20923233032,0.));
#9200 = VECTOR('',#9201,1.);
#9201 = DIRECTION('',(0.,0.,1.));
#9202 = ORIENTED_EDGE('',*,*,#5370,.F.);
#9203 = ORIENTED_EDGE('',*,*,#9173,.F.);
#9204 = PLANE('',#9205);
#9205 = AXIS2_PLACEMENT_3D('',#9206,#9207,#9208);
#9206 = CARTESIAN_POINT('',(9.004882335663,-24.96378231048,
    12.010000228882));
#9207 = DIRECTION('',(-0.93967573546,0.342066531816,0.));
#9208 = DIRECTION('',(-0.342066531816,-0.93967573546,0.));
#9209 = ADVANCED_FACE('',(#9210),#9221,.F.);
#9210 = FACE_BOUND('',#9211,.F.);
#9211 = EDGE_LOOP('',(#9212,#9218,#9219,#9220));
#9212 = ORIENTED_EDGE('',*,*,#9213,.T.);
#9213 = EDGE_CURVE('',#9190,#8439,#9214,.T.);
#9214 = LINE('',#9215,#9216);
#9215 = CARTESIAN_POINT('',(8.077445649005,-32.38548615602,0.89));
#9216 = VECTOR('',#9217,1.);
#9217 = DIRECTION('',(-0.115997700963,-0.993249481939,0.));
#9218 = ORIENTED_EDGE('',*,*,#8455,.F.);
#9219 = ORIENTED_EDGE('',*,*,#5362,.F.);
#9220 = ORIENTED_EDGE('',*,*,#9197,.F.);
#9221 = PLANE('',#9222);
#9222 = AXIS2_PLACEMENT_3D('',#9223,#9224,#9225);
#9223 = CARTESIAN_POINT('',(8.885231971741,-25.46868228912,
    12.010000228882));
#9224 = DIRECTION('',(-0.993249481939,0.115997700963,0.));
#9225 = DIRECTION('',(-0.115997700963,-0.993249481939,0.));
#9226 = ADVANCED_FACE('',(#9227),#9261,.T.);
#9227 = FACE_BOUND('',#9228,.T.);
#9228 = EDGE_LOOP('',(#9229,#9237,#9238,#9246));
#9229 = ORIENTED_EDGE('',*,*,#9230,.T.);
#9230 = EDGE_CURVE('',#9231,#5652,#9233,.T.);
#9231 = VERTEX_POINT('',#9232);
#9232 = CARTESIAN_POINT('',(-4.187157747818,-100.5744264899,2.09));
#9233 = ( BOUNDED_CURVE() B_SPLINE_CURVE(2,(#9234,#9235,#9236),
.UNSPECIFIED.,.F.,.F.) B_SPLINE_CURVE_WITH_KNOTS((3,3),(0.,
6.360407649854),.PIECEWISE_BEZIER_KNOTS.) CURVE() 
GEOMETRIC_REPRESENTATION_ITEM() RATIONAL_B_SPLINE_CURVE((1.,
0.707106781187,1.)) REPRESENTATION_ITEM('') );
#9234 = CARTESIAN_POINT('',(-4.187157747818,-100.5744264899,2.09));
#9235 = CARTESIAN_POINT('',(-3.687841483733,-100.5482870863,2.09));
#9236 = CARTESIAN_POINT('',(-3.687841483733,-100.5482870863,1.59));
#9237 = ORIENTED_EDGE('',*,*,#5659,.T.);
#9238 = ORIENTED_EDGE('',*,*,#9239,.F.);
#9239 = EDGE_CURVE('',#9240,#5643,#9242,.T.);
#9240 = VERTEX_POINT('',#9241);
#9241 = CARTESIAN_POINT('',(-4.187255807016,-13.05304139311,2.09));
#9242 = ( BOUNDED_CURVE() B_SPLINE_CURVE(2,(#9243,#9244,#9245),
.UNSPECIFIED.,.F.,.F.) B_SPLINE_CURVE_WITH_KNOTS((3,3),(0.,
87.465524590473),.PIECEWISE_BEZIER_KNOTS.) CURVE() 
GEOMETRIC_REPRESENTATION_ITEM() RATIONAL_B_SPLINE_CURVE((1.,
0.707106781187,1.)) REPRESENTATION_ITEM('') );
#9243 = CARTESIAN_POINT('',(-4.187255807016,-13.05304139311,2.09));
#9244 = CARTESIAN_POINT('',(-3.687841483733,-13.07723506376,2.09));
#9245 = CARTESIAN_POINT('',(-3.687841483733,-13.07723506376,1.59));
#9246 = ORIENTED_EDGE('',*,*,#9247,.F.);
#9247 = EDGE_CURVE('',#9231,#9240,#9248,.T.);
#9248 = ( BOUNDED_CURVE() B_SPLINE_CURVE(11,(#9249,#9250,#9251,#9252,
    #9253,#9254,#9255,#9256,#9257,#9258,#9259,#9260),.UNSPECIFIED.,.F.,
.F.) B_SPLINE_CURVE_WITH_KNOTS((12,12),(6.360407649854,93.825932240326),
.PIECEWISE_BEZIER_KNOTS.) CURVE() GEOMETRIC_REPRESENTATION_ITEM() 
RATIONAL_B_SPLINE_CURVE((1.,1.,1.,1.,1.,1.,1.,1.,1.,1.,1.,1.)) 
REPRESENTATION_ITEM('') );
#9249 = CARTESIAN_POINT('',(-4.187157747818,-100.5744264899,2.09));
#9250 = CARTESIAN_POINT('',(-4.188894146702,-92.56547794149,2.09));
#9251 = CARTESIAN_POINT('',(-4.186663400717,-84.68013664477,2.09));
#9252 = CARTESIAN_POINT('',(-4.188723090804,-76.6338195116,2.09));
#9253 = CARTESIAN_POINT('',(-4.187261738434,-68.79224944862,2.09));
#9254 = CARTESIAN_POINT('',(-4.188079788056,-60.73403871599,2.09));
#9255 = CARTESIAN_POINT('',(-4.187992965259,-52.88956142464,2.09));
#9256 = CARTESIAN_POINT('',(-4.187362269509,-44.83810298969,2.09));
#9257 = CARTESIAN_POINT('',(-4.18859458883,-36.98447490441,2.09));
#9258 = CARTESIAN_POINT('',(-4.186831228198,-28.9509414967,2.09));
#9259 = CARTESIAN_POINT('',(-4.188743717584,-21.05585507657,2.09));
#9260 = CARTESIAN_POINT('',(-4.187255807016,-13.05304139311,2.09));
#9261 = ( BOUNDED_SURFACE() B_SPLINE_SURFACE(2,11,(
    (#9262,#9263,#9264,#9265,#9266,#9267,#9268,#9269,#9270,#9271,#9272
      ,#9273)
    ,(#9274,#9275,#9276,#9277,#9278,#9279,#9280,#9281,#9282,#9283,#9284
      ,#9285)
    ,(#9286,#9287,#9288,#9289,#9290,#9291,#9292,#9293,#9294,#9295,#9296
,#9297
    )),.UNSPECIFIED.,.F.,.F.,.F.) B_SPLINE_SURFACE_WITH_KNOTS((3,3),(12,
    12),(0.,87.465524590473),(6.360407649854,93.825932240326),
.PIECEWISE_BEZIER_KNOTS.) GEOMETRIC_REPRESENTATION_ITEM() 
RATIONAL_B_SPLINE_SURFACE((
    (1.,1.,1.,1.,1.,1.,1.,1.,1.,1.,1.,1.)
    ,(0.707106781187,0.707106781187,0.707106781187,0.707106781187
      ,0.707106781187,0.707106781187,0.707106781187,0.707106781187
      ,0.707106781187,0.707106781187,0.707106781187,0.707106781187)
,(1.,1.,1.,1.,1.,1.,1.,1.,1.,1.,1.,1.
))) REPRESENTATION_ITEM('') SURFACE() );
#9262 = CARTESIAN_POINT('',(-4.187157747818,-100.5744264899,2.09));
#9263 = CARTESIAN_POINT('',(-4.188894146702,-92.56547794149,2.09));
#9264 = CARTESIAN_POINT('',(-4.186663400717,-84.68013664477,2.09));
#9265 = CARTESIAN_POINT('',(-4.188723090804,-76.6338195116,2.09));
#9266 = CARTESIAN_POINT('',(-4.187261738434,-68.79224944862,2.09));
#9267 = CARTESIAN_POINT('',(-4.188079788056,-60.73403871599,2.09));
#9268 = CARTESIAN_POINT('',(-4.187992965259,-52.88956142464,2.09));
#9269 = CARTESIAN_POINT('',(-4.187362269509,-44.83810298969,2.09));
#9270 = CARTESIAN_POINT('',(-4.18859458883,-36.98447490441,2.09));
#9271 = CARTESIAN_POINT('',(-4.186831228198,-28.9509414967,2.09));
#9272 = CARTESIAN_POINT('',(-4.188743717584,-21.05585507657,2.09));
#9273 = CARTESIAN_POINT('',(-4.187255807016,-13.05304139311,2.09));
#9274 = CARTESIAN_POINT('',(-3.687841483733,-100.5482870863,2.09));
#9275 = CARTESIAN_POINT('',(-3.687841483733,-92.57250732084,2.09));
#9276 = CARTESIAN_POINT('',(-3.687841483733,-84.69086413906,2.09));
#9277 = CARTESIAN_POINT('',(-3.687841483733,-76.63936524929,2.09));
#9278 = CARTESIAN_POINT('',(-3.687841483733,-68.7951316714,2.09));
#9279 = CARTESIAN_POINT('',(-3.687841483733,-60.73353653839,2.09));
#9280 = CARTESIAN_POINT('',(-3.687841483733,-52.8900606475,2.09));
#9281 = CARTESIAN_POINT('',(-3.687841483733,-44.83545641972,2.09));
#9282 = CARTESIAN_POINT('',(-3.687841483733,-36.9793037941,2.09));
#9283 = CARTESIAN_POINT('',(-3.687841483733,-28.94104598701,2.09));
#9284 = CARTESIAN_POINT('',(-3.687841483733,-21.04933477,2.09));
#9285 = CARTESIAN_POINT('',(-3.687841483733,-13.07723506376,2.09));
#9286 = CARTESIAN_POINT('',(-3.687841483733,-100.5482870863,1.59));
#9287 = CARTESIAN_POINT('',(-3.687841483733,-92.57250732084,1.59));
#9288 = CARTESIAN_POINT('',(-3.687841483733,-84.69086413906,1.59));
#9289 = CARTESIAN_POINT('',(-3.687841483733,-76.6393652493,1.59));
#9290 = CARTESIAN_POINT('',(-3.687841483733,-68.79513167139,1.59));
#9291 = CARTESIAN_POINT('',(-3.687841483733,-60.73353653841,1.59));
#9292 = CARTESIAN_POINT('',(-3.687841483733,-52.89006064749,1.59));
#9293 = CARTESIAN_POINT('',(-3.687841483733,-44.83545641973,1.59));
#9294 = CARTESIAN_POINT('',(-3.687841483733,-36.97930379409,1.59));
#9295 = CARTESIAN_POINT('',(-3.687841483733,-28.94104598701,1.59));
#9296 = CARTESIAN_POINT('',(-3.687841483733,-21.04933477,1.59));
#9297 = CARTESIAN_POINT('',(-3.687841483733,-13.07723506376,1.59));
#9298 = ADVANCED_FACE('',(#9299),#9446,.T.);
#9299 = FACE_BOUND('',#9300,.T.);
#9300 = EDGE_LOOP('',(#9301,#9309,#9310,#9311));
#9301 = ORIENTED_EDGE('',*,*,#9302,.T.);
#9302 = EDGE_CURVE('',#9303,#5683,#9305,.T.);
#9303 = VERTEX_POINT('',#9304);
#9304 = CARTESIAN_POINT('',(0.362558914343,-105.0986874844,2.09));
#9305 = ( BOUNDED_CURVE() B_SPLINE_CURVE(2,(#9306,#9307,#9308),
.UNSPECIFIED.,.F.,.F.) B_SPLINE_CURVE_WITH_KNOTS((3,3),(0.,
6.360407649854),.PIECEWISE_BEZIER_KNOTS.) CURVE() 
GEOMETRIC_REPRESENTATION_ITEM() RATIONAL_B_SPLINE_CURVE((1.,
0.707106781187,1.)) REPRESENTATION_ITEM('') );
#9306 = CARTESIAN_POINT('',(0.362558914343,-105.0986874844,2.09));
#9307 = CARTESIAN_POINT('',(0.362558914343,-104.5986874844,2.09));
#9308 = CARTESIAN_POINT('',(0.362558914343,-104.5986874844,1.59));
#9309 = ORIENTED_EDGE('',*,*,#5692,.T.);
#9310 = ORIENTED_EDGE('',*,*,#9230,.F.);
#9311 = ORIENTED_EDGE('',*,*,#9312,.F.);
#9312 = EDGE_CURVE('',#9303,#9231,#9313,.T.);
#9313 = ( BOUNDED_CURVE() B_SPLINE_CURVE(14,(#9314,#9315,#9316,#9317,
    #9318,#9319,#9320,#9321,#9322,#9323,#9324,#9325,#9326,#9327,#9328,
    #9329,#9330,#9331,#9332,#9333,#9334,#9335,#9336,#9337,#9338,#9339,
    #9340,#9341,#9342,#9343,#9344,#9345,#9346,#9347,#9348,#9349,#9350,
    #9351,#9352,#9353,#9354,#9355,#9356,#9357,#9358,#9359,#9360,#9361,
    #9362,#9363,#9364,#9365,#9366,#9367,#9368,#9369,#9370,#9371,#9372,
    #9373,#9374,#9375,#9376,#9377,#9378,#9379,#9380,#9381,#9382,#9383,
    #9384,#9385,#9386,#9387,#9388,#9389,#9390,#9391,#9392,#9393,#9394,
    #9395,#9396,#9397,#9398,#9399,#9400,#9401,#9402,#9403,#9404,#9405,
    #9406,#9407,#9408,#9409,#9410,#9411,#9412,#9413,#9414,#9415,#9416,
    #9417,#9418,#9419,#9420,#9421,#9422,#9423,#9424,#9425,#9426,#9427,
    #9428,#9429,#9430,#9431,#9432,#9433,#9434,#9435,#9436,#9437,#9438,
    #9439,#9440,#9441,#9442,#9443,#9444,#9445),.UNSPECIFIED.,.F.,.F.) 
B_SPLINE_CURVE_WITH_KNOTS((15,13,13,13,13,13,13,13,13,13,15),(-2.673E-14
    ,1.28395763141E-02,2.567915262822E-02,5.135830525647E-02,
    0.102716610513,0.205433221026,0.410866442052,0.821732884104,
1.643465768208,3.286931536416,6.360407649854),.UNSPECIFIED.) CURVE() 
GEOMETRIC_REPRESENTATION_ITEM() RATIONAL_B_SPLINE_CURVE((1.,
    1.000000000001,0.999999999996,1.00000000001,0.99999999998,
    1.000000000032,0.999999999959,1.000000000043,0.999999999963,
    1.000000000027,0.999999999985,1.000000000007,0.999999999998,1.,1.,
    1.000000000001,0.999999999999,1.000000000001,1.000000000001,
    0.999999999996,1.000000000007,0.999999999993,1.000000000006,
    0.999999999996,1.000000000002,0.999999999999,1.,1.,1.,1.,
    0.999999999999,1.000000000003,0.999999999995,1.000000000006,
    0.999999999993,1.000000000005,0.999999999996,1.000000000002,
    0.999999999999,1.,1.,1.000000000001,0.999999999998,1.000000000004,
    0.999999999995,1.000000000006,0.999999999995,1.000000000004,
    0.999999999998,1.000000000001,0.999999999999,1.,1.,1.,1.,
    1.000000000001,0.999999999997,1.000000000004,0.999999999995,
    1.000000000005,0.999999999997,1.000000000002,0.999999999999,1.,1.,1.
    ,1.,0.999999999998,1.000000000005,0.999999999989,1.000000000018,
    0.999999999976,1.000000000026,0.999999999976,1.000000000017,
    0.99999999999,1.000000000005,0.999999999998,1.,1.,1.000000000001,
    0.999999999998,1.000000000002,0.999999999998,0.999999999999,
    1.000000000003,0.999999999995,1.000000000005,0.999999999997,
    1.000000000002,0.999999999999,1.,1.,1.000000000001,0.999999999998,
    1.000000000003,0.999999999994,1.000000000007,0.999999999992,
    1.000000000007,0.999999999995,1.000000000003,0.999999999999,1.,1.,1.
    ,1.000000000001,0.999999999998,1.000000000004,0.999999999994,
    1.000000000007,0.999999999993,1.000000000006,0.999999999996,
    1.000000000002,0.999999999999,1.,1.,1.,0.999999999999,1.000000000004
    ,0.999999999992,1.000000000013,0.999999999984,1.000000000016,
    0.999999999987,1.000000000009,0.999999999995,1.000000000002,
0.999999999999,1.,1.)) REPRESENTATION_ITEM('') );
#9314 = CARTESIAN_POINT('',(0.362558914343,-105.0986874844,2.09));
#9315 = CARTESIAN_POINT('',(0.361641898884,-105.0986874844,2.09));
#9316 = CARTESIAN_POINT('',(0.35977859187,-105.0986872331,2.09));
#9317 = CARTESIAN_POINT('',(0.361986074897,-105.0986867306,2.09));
#9318 = CARTESIAN_POINT('',(0.352484852598,-105.0986859768,
    2.089999999999));
#9319 = CARTESIAN_POINT('',(0.36761115435,-105.0986849716,2.090000000001
    ));
#9320 = CARTESIAN_POINT('',(0.343281084907,-105.0986837153,
    2.089999999998));
#9321 = CARTESIAN_POINT('',(0.368077785278,-105.0986822076,
    2.090000000002));
#9322 = CARTESIAN_POINT('',(0.344961828434,-105.0986804488,
    2.089999999998));
#9323 = CARTESIAN_POINT('',(0.358387420065,-105.0986784385,
    2.090000000002));
#9324 = CARTESIAN_POINT('',(0.350270739827,-105.0986761771,
    2.089999999999));
#9325 = CARTESIAN_POINT('',(0.35172815907,-105.0986736643,2.09));
#9326 = CARTESIAN_POINT('',(0.35012866822,-105.0986709002,2.09));
#9327 = CARTESIAN_POINT('',(0.349163670644,-105.0986678849,2.09));
#9328 = CARTESIAN_POINT('',(0.347102850659,-105.0986613517,2.09));
#9329 = CARTESIAN_POINT('',(0.346072440006,-105.0986578338,2.09));
#9330 = CARTESIAN_POINT('',(0.345042028748,-105.0986540646,2.09));
#9331 = CARTESIAN_POINT('',(0.344011617001,-105.0986500441,
    2.090000000001));
#9332 = CARTESIAN_POINT('',(0.342981204739,-105.0986457723,
    2.089999999999));
#9333 = CARTESIAN_POINT('',(0.341950792199,-105.0986412493,
    2.090000000002));
#9334 = CARTESIAN_POINT('',(0.340920379215,-105.0986364749,
    2.089999999998));
#9335 = CARTESIAN_POINT('',(0.339889966142,-105.0986314494,
    2.090000000002));
#9336 = CARTESIAN_POINT('',(0.338859552766,-105.0986261724,
    2.089999999999));
#9337 = CARTESIAN_POINT('',(0.337829139396,-105.0986206442,
    2.090000000001));
#9338 = CARTESIAN_POINT('',(0.336798725936,-105.0986148647,2.09));
#9339 = CARTESIAN_POINT('',(0.335768312554,-105.0986088339,2.09));
#9340 = CARTESIAN_POINT('',(0.334737899276,-105.0986025518,2.09));
#9341 = CARTESIAN_POINT('',(0.331646660011,-105.0985829517,2.09));
#9342 = CARTESIAN_POINT('',(0.329585834586,-105.0985688798,2.09));
#9343 = CARTESIAN_POINT('',(0.327525010465,-105.0985538026,
    2.089999999999));
#9344 = CARTESIAN_POINT('',(0.325464188258,-105.0985377204,
    2.090000000002));
#9345 = CARTESIAN_POINT('',(0.32340336843,-105.0985206328,2.089999999997
    ));
#9346 = CARTESIAN_POINT('',(0.321342551727,-105.0985025402,
    2.090000000005));
#9347 = CARTESIAN_POINT('',(0.319281738453,-105.0984834423,
    2.089999999995));
#9348 = CARTESIAN_POINT('',(0.317220929491,-105.0984633392,
    2.090000000005));
#9349 = CARTESIAN_POINT('',(0.315160125084,-105.0984422309,
    2.089999999997));
#9350 = CARTESIAN_POINT('',(0.313099326073,-105.0984201174,
    2.090000000002));
#9351 = CARTESIAN_POINT('',(0.311038532829,-105.0983969987,
    2.089999999999));
#9352 = CARTESIAN_POINT('',(0.308977746031,-105.0983728748,2.09));
#9353 = CARTESIAN_POINT('',(0.306916966193,-105.0983477457,2.09));
#9354 = CARTESIAN_POINT('',(0.30073464931,-105.0982693427,2.09));
#9355 = CARTESIAN_POINT('',(0.296613134897,-105.098213053,2.09));
#9356 = CARTESIAN_POINT('',(0.292491655177,-105.0981527425,2.09));
#9357 = CARTESIAN_POINT('',(0.288370214641,-105.0980884111,
    2.089999999999));
#9358 = CARTESIAN_POINT('',(0.284248817834,-105.0980200589,
    2.090000000001));
#9359 = CARTESIAN_POINT('',(0.280127469202,-105.0979476859,
    2.089999999998));
#9360 = CARTESIAN_POINT('',(0.276006173353,-105.097871292,2.090000000002
    ));
#9361 = CARTESIAN_POINT('',(0.271884934666,-105.0977908774,
    2.089999999998));
#9362 = CARTESIAN_POINT('',(0.267763757796,-105.097706442,2.090000000001
    ));
#9363 = CARTESIAN_POINT('',(0.263642647116,-105.0976179859,
    2.089999999999));
#9364 = CARTESIAN_POINT('',(0.25952160724,-105.0975255091,2.09));
#9365 = CARTESIAN_POINT('',(0.255400642612,-105.0974290116,2.09));
#9366 = CARTESIAN_POINT('',(0.251279757774,-105.0973284935,2.09));
#9367 = CARTESIAN_POINT('',(0.238917356123,-105.0970148772,2.09));
#9368 = CARTESIAN_POINT('',(0.230676092457,-105.0967897164,2.09));
#9369 = CARTESIAN_POINT('',(0.222435202024,-105.0965484733,2.09));
#9370 = CARTESIAN_POINT('',(0.214194720611,-105.096291149,2.09));
#9371 = CARTESIAN_POINT('',(0.205954684029,-105.0960177442,2.09));
#9372 = CARTESIAN_POINT('',(0.197715128046,-105.0957282602,2.09));
#9373 = CARTESIAN_POINT('',(0.189476088497,-105.0954226978,2.09));
#9374 = CARTESIAN_POINT('',(0.181237601127,-105.095101058,2.09));
#9375 = CARTESIAN_POINT('',(0.172999701783,-105.0947633418,2.09));
#9376 = CARTESIAN_POINT('',(0.164762426215,-105.0944095502,2.09));
#9377 = CARTESIAN_POINT('',(0.15652581025,-105.0940396842,2.09));
#9378 = CARTESIAN_POINT('',(0.148289889665,-105.0936537447,2.09));
#9379 = CARTESIAN_POINT('',(0.140054700263,-105.0932517328,2.09));
#9380 = CARTESIAN_POINT('',(0.115351432984,-105.0919974827,2.09));
#9381 = CARTESIAN_POINT('',(9.888566029289E-02,-105.0910970184,2.09));
#9382 = CARTESIAN_POINT('',(8.242324177568E-02,-105.0901322766,2.09));
#9383 = CARTESIAN_POINT('',(6.596445942682E-02,-105.089103277,2.09));
#9384 = CARTESIAN_POINT('',(4.950959528149E-02,-105.0880100396,2.09));
#9385 = CARTESIAN_POINT('',(3.305893129744E-02,-105.0868525841,2.09));
#9386 = CARTESIAN_POINT('',(1.661274955321E-02,-105.0856309305,2.09));
#9387 = CARTESIAN_POINT('',(1.713319708905E-04,-105.0843450986,2.09));
#9388 = CARTESIAN_POINT('',(-1.626503935731E-02,-105.0829951083,2.09));
#9389 = CARTESIAN_POINT('',(-3.269608249513E-02,-105.0815809794,2.09));
#9390 = CARTESIAN_POINT('',(-4.912151538603E-02,-105.0801027318,2.09));
#9391 = CARTESIAN_POINT('',(-6.554105605081E-02,-105.0785603854,2.09));
#9392 = CARTESIAN_POINT('',(-8.195442246965E-02,-105.0769539601,2.09));
#9393 = CARTESIAN_POINT('',(-0.131175152979,-105.0719425067,2.09));
#9394 = CARTESIAN_POINT('',(-0.163963084812,-105.0683451343,2.09));
#9395 = CARTESIAN_POINT('',(-0.196722938166,-105.0644916945,2.09));
#9396 = CARTESIAN_POINT('',(-0.229452523077,-105.0603825234,2.09));
#9397 = CARTESIAN_POINT('',(-0.262149649561,-105.0560179572,2.09));
#9398 = CARTESIAN_POINT('',(-0.294812127671,-105.0513983319,
    2.090000000001));
#9399 = CARTESIAN_POINT('',(-0.327437767407,-105.0465239837,
    2.089999999999));
#9400 = CARTESIAN_POINT('',(-0.360024378829,-105.0413952486,
    2.090000000001));
#9401 = CARTESIAN_POINT('',(-0.392569771941,-105.0360124627,
    2.089999999999));
#9402 = CARTESIAN_POINT('',(-0.425071756792,-105.0303759623,2.09));
#9403 = CARTESIAN_POINT('',(-0.4575281434,-105.0244860833,2.09));
#9404 = CARTESIAN_POINT('',(-0.489936741799,-105.018343162,2.09));
#9405 = CARTESIAN_POINT('',(-0.522295362019,-105.0119475343,2.09));
#9406 = CARTESIAN_POINT('',(-0.619214718228,-104.9920035408,2.09));
#9407 = CARTESIAN_POINT('',(-0.683619290734,-104.9776989273,2.09));
#9408 = CARTESIAN_POINT('',(-0.747798349647,-104.9623893071,2.09));
#9409 = CARTESIAN_POINT('',(-0.81173483156,-104.946078586,2.09));
#9410 = CARTESIAN_POINT('',(-0.875411791623,-104.9287709646,
    2.089999999999));
#9411 = CARTESIAN_POINT('',(-0.938812403532,-104.9104709388,
    2.090000000001));
#9412 = CARTESIAN_POINT('',(-1.001919959555,-104.8911832987,
    2.089999999999));
#9413 = CARTESIAN_POINT('',(-1.064717870485,-104.8709131298,
    2.090000000001));
#9414 = CARTESIAN_POINT('',(-1.127189665711,-104.8496658118,
    2.089999999999));
#9415 = CARTESIAN_POINT('',(-1.189318993126,-104.82744702,2.09));
#9416 = CARTESIAN_POINT('',(-1.251089619225,-104.8042627239,2.09));
#9417 = CARTESIAN_POINT('',(-1.312485429022,-104.7801191882,2.09));
#9418 = CARTESIAN_POINT('',(-1.373490426107,-104.7550229721,2.09));
#9419 = CARTESIAN_POINT('',(-1.555285345622,-104.6768968461,2.09));
#9420 = CARTESIAN_POINT('',(-1.674857096688,-104.621028804,2.09));
#9421 = CARTESIAN_POINT('',(-1.79267526844,-104.5614319454,2.09));
#9422 = CARTESIAN_POINT('',(-1.908613834552,-104.4981657794,2.09));
#9423 = CARTESIAN_POINT('',(-2.022549459731,-104.4312941832,2.09));
#9424 = CARTESIAN_POINT('',(-2.134361499731,-104.3608854013,2.09));
#9425 = CARTESIAN_POINT('',(-2.243932001345,-104.2870120462,2.09));
#9426 = CARTESIAN_POINT('',(-2.351145702393,-104.2097510982,2.09));
#9427 = CARTESIAN_POINT('',(-2.45589003176,-104.1291839051,2.09));
#9428 = CARTESIAN_POINT('',(-2.558055109341,-104.0453961827,2.09));
#9429 = CARTESIAN_POINT('',(-2.657533746097,-103.9584780143,2.09));
#9430 = CARTESIAN_POINT('',(-2.754221444011,-103.8685238511,2.09));
#9431 = CARTESIAN_POINT('',(-2.848016396114,-103.7756325121,2.09));
#9432 = CARTESIAN_POINT('',(-3.108632046401,-103.5008894546,2.09));
#9433 = CARTESIAN_POINT('',(-3.26804153133,-103.3120145743,2.09));
#9434 = CARTESIAN_POINT('',(-3.416167799142,-103.113684318,2.09));
#9435 = CARTESIAN_POINT('',(-3.552818426622,-102.9070499029,2.09));
#9436 = CARTESIAN_POINT('',(-3.677325841863,-102.6927013137,2.09));
#9437 = CARTESIAN_POINT('',(-3.789010963254,-102.4711263083,
    2.090000000001));
#9438 = CARTESIAN_POINT('',(-3.887593912913,-102.2431018257,
    2.089999999999));
#9439 = CARTESIAN_POINT('',(-3.973040867091,-102.0095161332,
    2.090000000001));
#9440 = CARTESIAN_POINT('',(-4.04507907279,-101.7709589838,
    2.089999999999));
#9441 = CARTESIAN_POINT('',(-4.102929493965,-101.5277592942,2.09));
#9442 = CARTESIAN_POINT('',(-4.145698457429,-101.2809954138,2.09));
#9443 = CARTESIAN_POINT('',(-4.17333604277,-101.0343519211,2.09));
#9444 = CARTESIAN_POINT('',(-4.187109806818,-100.7955490685,2.09));
#9445 = CARTESIAN_POINT('',(-4.187157747818,-100.5744264899,2.09));
#9446 = ( BOUNDED_SURFACE() B_SPLINE_SURFACE(2,14,(
    (#9447,#9448,#9449,#9450,#9451,#9452,#9453,#9454,#9455,#9456,#9457
      ,#9458,#9459,#9460,#9461,#9462,#9463,#9464,#9465,#9466,#9467,#9468
      ,#9469,#9470,#9471,#9472,#9473,#9474,#9475,#9476,#9477,#9478,#9479
      ,#9480,#9481,#9482,#9483,#9484,#9485,#9486,#9487,#9488,#9489,#9490
      ,#9491,#9492,#9493,#9494,#9495,#9496,#9497,#9498,#9499,#9500,#9501
      ,#9502,#9503,#9504,#9505,#9506,#9507,#9508,#9509,#9510,#9511,#9512
      ,#9513,#9514,#9515,#9516,#9517,#9518,#9519,#9520,#9521,#9522,#9523
      ,#9524,#9525,#9526,#9527,#9528,#9529,#9530,#9531,#9532,#9533,#9534
      ,#9535,#9536,#9537,#9538,#9539,#9540,#9541,#9542,#9543,#9544,#9545
      ,#9546,#9547,#9548,#9549,#9550,#9551,#9552,#9553,#9554,#9555,#9556
      ,#9557,#9558,#9559,#9560,#9561,#9562,#9563,#9564,#9565,#9566,#9567
      ,#9568,#9569,#9570,#9571,#9572,#9573,#9574,#9575,#9576,#9577,#9578
      )
    ,(#9579,#9580,#9581,#9582,#9583,#9584,#9585,#9586,#9587,#9588,#9589
      ,#9590,#9591,#9592,#9593,#9594,#9595,#9596,#9597,#9598,#9599,#9600
      ,#9601,#9602,#9603,#9604,#9605,#9606,#9607,#9608,#9609,#9610,#9611
      ,#9612,#9613,#9614,#9615,#9616,#9617,#9618,#9619,#9620,#9621,#9622
      ,#9623,#9624,#9625,#9626,#9627,#9628,#9629,#9630,#9631,#9632,#9633
      ,#9634,#9635,#9636,#9637,#9638,#9639,#9640,#9641,#9642,#9643,#9644
      ,#9645,#9646,#9647,#9648,#9649,#9650,#9651,#9652,#9653,#9654,#9655
      ,#9656,#9657,#9658,#9659,#9660,#9661,#9662,#9663,#9664,#9665,#9666
      ,#9667,#9668,#9669,#9670,#9671,#9672,#9673,#9674,#9675,#9676,#9677
      ,#9678,#9679,#9680,#9681,#9682,#9683,#9684,#9685,#9686,#9687,#9688
      ,#9689,#9690,#9691,#9692,#9693,#9694,#9695,#9696,#9697,#9698,#9699
      ,#9700,#9701,#9702,#9703,#9704,#9705,#9706,#9707,#9708,#9709,#9710
      )
    ,(#9711,#9712,#9713,#9714,#9715,#9716,#9717,#9718,#9719,#9720,#9721
      ,#9722,#9723,#9724,#9725,#9726,#9727,#9728,#9729,#9730,#9731,#9732
      ,#9733,#9734,#9735,#9736,#9737,#9738,#9739,#9740,#9741,#9742,#9743
      ,#9744,#9745,#9746,#9747,#9748,#9749,#9750,#9751,#9752,#9753,#9754
      ,#9755,#9756,#9757,#9758,#9759,#9760,#9761,#9762,#9763,#9764,#9765
      ,#9766,#9767,#9768,#9769,#9770,#9771,#9772,#9773,#9774,#9775,#9776
      ,#9777,#9778,#9779,#9780,#9781,#9782,#9783,#9784,#9785,#9786,#9787
      ,#9788,#9789,#9790,#9791,#9792,#9793,#9794,#9795,#9796,#9797,#9798
      ,#9799,#9800,#9801,#9802,#9803,#9804,#9805,#9806,#9807,#9808,#9809
      ,#9810,#9811,#9812,#9813,#9814,#9815,#9816,#9817,#9818,#9819,#9820
      ,#9821,#9822,#9823,#9824,#9825,#9826,#9827,#9828,#9829,#9830,#9831
      ,#9832,#9833,#9834,#9835,#9836,#9837,#9838,#9839,#9840,#9841,#9842
)),.UNSPECIFIED.,.F.,.F.,.F.) B_SPLINE_SURFACE_WITH_KNOTS((3,3),(15,13,
    13,13,13,13,13,13,13,13,15),(0.,6.360407649854),(-2.673E-14,
    1.28395763141E-02,2.567915262822E-02,5.135830525647E-02,
    0.102716610513,0.205433221026,0.410866442052,0.821732884104,
    1.643465768208,3.286931536416,6.360407649854),.UNSPECIFIED.) 
GEOMETRIC_REPRESENTATION_ITEM() RATIONAL_B_SPLINE_SURFACE((
    (1.,1.000000000001,0.999999999996,1.00000000001,0.99999999998
      ,1.000000000032,0.999999999959,1.000000000043,0.999999999963
      ,1.000000000027,0.999999999985,1.000000000007,0.999999999998,1.,1.
      ,1.000000000001,0.999999999999,1.000000000001,1.000000000001
      ,0.999999999996,1.000000000007,0.999999999993,1.000000000006
      ,0.999999999996,1.000000000002,0.999999999999,1.,1.,1.,1.
      ,0.999999999999,1.000000000003,0.999999999995,1.000000000006
      ,0.999999999993,1.000000000005,0.999999999996,1.000000000002
      ,0.999999999999,1.,1.,1.000000000001,0.999999999998,1.000000000004
      ,0.999999999995,1.000000000006,0.999999999995,1.000000000004
      ,0.999999999998,1.000000000001,0.999999999999,1.,1.,1.,1.
      ,1.000000000001,0.999999999997,1.000000000004,0.999999999995
      ,1.000000000005,0.999999999997,1.000000000002,0.999999999999,1.,1.
      ,1.,1.,0.999999999998,1.000000000005,0.999999999989,1.000000000018
      ,0.999999999976,1.000000000026,0.999999999976,1.000000000017
      ,0.99999999999,1.000000000005,0.999999999998,1.,1.,1.000000000001
      ,0.999999999998,1.000000000002,0.999999999998,0.999999999999
      ,1.000000000003,0.999999999995,1.000000000005,0.999999999997
      ,1.000000000002,0.999999999999,1.,1.,1.000000000001,0.999999999998
      ,1.000000000003,0.999999999994,1.000000000007,0.999999999992
      ,1.000000000007,0.999999999995,1.000000000003,0.999999999999,1.,1.
      ,1.,1.000000000001,0.999999999998,1.000000000004,0.999999999994
      ,1.000000000007,0.999999999993,1.000000000006,0.999999999996
      ,1.000000000002,0.999999999999,1.,1.,1.,0.999999999999
      ,1.000000000004,0.999999999992,1.000000000013,0.999999999984
      ,1.000000000016,0.999999999987,1.000000000009,0.999999999995
      ,1.000000000002,0.999999999999,1.,1.)
    ,(0.707106781187,0.707106781187,0.707106781184,0.707106781192
      ,0.707106781175,0.707106781204,0.707106781164,0.707106781209
      ,0.707106781168,0.707106781199,0.707106781179,0.70710678119
      ,0.707106781186,0.707106781187,0.707106781186,0.707106781187
      ,0.707106781186,0.707106781188,0.707106781185,0.707106781187
      ,0.707106781187,0.707106781185,0.707106781188,0.707106781186
      ,0.707106781187,0.707106781186,0.707106781187,0.707106781186
      ,0.707106781187,0.707106781186,0.707106781189,0.707106781184
      ,0.70710678119,0.707106781183,0.707106781189,0.707106781185
      ,0.707106781187,0.707106781186,0.707106781187,0.707106781187
      ,0.707106781186,0.707106781187,0.707106781185,0.70710678119
      ,0.707106781182,0.707106781192,0.707106781181,0.707106781191
      ,0.707106781183,0.707106781189,0.707106781186,0.707106781187
      ,0.707106781186,0.707106781187,0.707106781186,0.707106781188
      ,0.707106781183,0.707106781193,0.707106781179,0.707106781194
      ,0.70710678118,0.707106781191,0.707106781184,0.707106781187
      ,0.707106781186,0.707106781187,0.707106781187,0.707106781186
      ,0.70710678119,0.70710678118,0.707106781198,0.707106781172
      ,0.707106781203,0.707106781172,0.707106781198,0.70710678118
      ,0.70710678119,0.707106781186,0.707106781187,0.707106781186
      ,0.707106781186,0.707106781188,0.707106781183,0.707106781193
      ,0.707106781175,0.707106781201,0.707106781172,0.707106781198
      ,0.707106781179,0.70710678119,0.707106781185,0.707106781187
      ,0.707106781186,0.707106781187,0.707106781185,0.707106781189
      ,0.707106781183,0.707106781191,0.707106781183,0.70710678119
      ,0.707106781185,0.707106781187,0.707106781186,0.707106781187
      ,0.707106781187,0.707106781186,0.707106781187,0.707106781184
      ,0.707106781191,0.707106781179,0.707106781197,0.707106781176
      ,0.707106781196,0.70710678118,0.70710678119,0.707106781185
      ,0.707106781187,0.707106781186,0.707106781187,0.707106781185
      ,0.70710678119,0.707106781181,0.707106781196,0.707106781176
      ,0.707106781197,0.707106781178,0.707106781192,0.707106781184
      ,0.707106781188,0.707106781186,0.707106781187,0.707106781187)
    ,(1.,1.000000000001,0.999999999996,1.00000000001,0.99999999998
      ,1.000000000032,0.999999999959,1.000000000043,0.999999999963
      ,1.000000000027,0.999999999985,1.000000000007,0.999999999998,1.,1.
      ,1.000000000001,0.999999999999,1.000000000001,1.000000000001
      ,0.999999999996,1.000000000007,0.999999999993,1.000000000006
      ,0.999999999996,1.000000000002,0.999999999999,1.,1.,1.,1.
      ,0.999999999999,1.000000000003,0.999999999995,1.000000000006
      ,0.999999999993,1.000000000005,0.999999999996,1.000000000002
      ,0.999999999999,1.,1.,1.000000000001,0.999999999998,1.000000000004
      ,0.999999999995,1.000000000006,0.999999999995,1.000000000004
      ,0.999999999998,1.000000000001,0.999999999999,1.,1.,1.,1.
      ,1.000000000001,0.999999999997,1.000000000004,0.999999999995
      ,1.000000000005,0.999999999997,1.000000000002,0.999999999999,1.,1.
      ,1.,1.,0.999999999998,1.000000000005,0.999999999989,1.000000000018
      ,0.999999999976,1.000000000026,0.999999999976,1.000000000017
      ,0.99999999999,1.000000000005,0.999999999998,1.,1.,1.000000000001
      ,0.999999999998,1.000000000002,0.999999999998,0.999999999999
      ,1.000000000003,0.999999999995,1.000000000005,0.999999999997
      ,1.000000000002,0.999999999999,1.,1.,1.000000000001,0.999999999998
      ,1.000000000003,0.999999999994,1.000000000007,0.999999999992
      ,1.000000000007,0.999999999995,1.000000000003,0.999999999999,1.,1.
      ,1.,1.000000000001,0.999999999998,1.000000000004,0.999999999994
      ,1.000000000007,0.999999999993,1.000000000006,0.999999999996
      ,1.000000000002,0.999999999999,1.,1.,1.,0.999999999999
      ,1.000000000004,0.999999999992,1.000000000013,0.999999999984
      ,1.000000000016,0.999999999987,1.000000000009,0.999999999995
,1.000000000002,0.999999999999,1.,1.
  ))) REPRESENTATION_ITEM('') SURFACE() );
#9447 = CARTESIAN_POINT('',(0.362558914343,-105.0986874844,2.09));
#9448 = CARTESIAN_POINT('',(0.361641898884,-105.0986874844,2.09));
#9449 = CARTESIAN_POINT('',(0.35977859187,-105.0986872331,2.09));
#9450 = CARTESIAN_POINT('',(0.361986074897,-105.0986867306,2.09));
#9451 = CARTESIAN_POINT('',(0.352484852598,-105.0986859768,
    2.089999999999));
#9452 = CARTESIAN_POINT('',(0.36761115435,-105.0986849716,2.090000000001
    ));
#9453 = CARTESIAN_POINT('',(0.343281084907,-105.0986837153,
    2.089999999998));
#9454 = CARTESIAN_POINT('',(0.368077785278,-105.0986822076,
    2.090000000002));
#9455 = CARTESIAN_POINT('',(0.344961828434,-105.0986804488,
    2.089999999998));
#9456 = CARTESIAN_POINT('',(0.358387420065,-105.0986784385,
    2.090000000002));
#9457 = CARTESIAN_POINT('',(0.350270739827,-105.0986761771,
    2.089999999999));
#9458 = CARTESIAN_POINT('',(0.35172815907,-105.0986736643,2.09));
#9459 = CARTESIAN_POINT('',(0.35012866822,-105.0986709002,2.09));
#9460 = CARTESIAN_POINT('',(0.349163670644,-105.0986678849,2.09));
#9461 = CARTESIAN_POINT('',(0.347102850659,-105.0986613517,2.09));
#9462 = CARTESIAN_POINT('',(0.346072440006,-105.0986578338,2.09));
#9463 = CARTESIAN_POINT('',(0.345042028748,-105.0986540646,2.09));
#9464 = CARTESIAN_POINT('',(0.344011617001,-105.0986500441,
    2.090000000001));
#9465 = CARTESIAN_POINT('',(0.342981204739,-105.0986457723,
    2.089999999999));
#9466 = CARTESIAN_POINT('',(0.341950792199,-105.0986412493,
    2.090000000002));
#9467 = CARTESIAN_POINT('',(0.340920379215,-105.0986364749,
    2.089999999998));
#9468 = CARTESIAN_POINT('',(0.339889966142,-105.0986314494,
    2.090000000002));
#9469 = CARTESIAN_POINT('',(0.338859552766,-105.0986261724,
    2.089999999999));
#9470 = CARTESIAN_POINT('',(0.337829139396,-105.0986206442,
    2.090000000001));
#9471 = CARTESIAN_POINT('',(0.336798725936,-105.0986148647,2.09));
#9472 = CARTESIAN_POINT('',(0.335768312554,-105.0986088339,2.09));
#9473 = CARTESIAN_POINT('',(0.334737899276,-105.0986025518,2.09));
#9474 = CARTESIAN_POINT('',(0.331646660011,-105.0985829517,2.09));
#9475 = CARTESIAN_POINT('',(0.329585834586,-105.0985688798,2.09));
#9476 = CARTESIAN_POINT('',(0.327525010465,-105.0985538026,
    2.089999999999));
#9477 = CARTESIAN_POINT('',(0.325464188258,-105.0985377204,
    2.090000000002));
#9478 = CARTESIAN_POINT('',(0.32340336843,-105.0985206328,2.089999999997
    ));
#9479 = CARTESIAN_POINT('',(0.321342551727,-105.0985025402,
    2.090000000005));
#9480 = CARTESIAN_POINT('',(0.319281738453,-105.0984834423,
    2.089999999995));
#9481 = CARTESIAN_POINT('',(0.317220929491,-105.0984633392,
    2.090000000005));
#9482 = CARTESIAN_POINT('',(0.315160125084,-105.0984422309,
    2.089999999997));
#9483 = CARTESIAN_POINT('',(0.313099326073,-105.0984201174,
    2.090000000002));
#9484 = CARTESIAN_POINT('',(0.311038532829,-105.0983969987,
    2.089999999999));
#9485 = CARTESIAN_POINT('',(0.308977746031,-105.0983728748,2.09));
#9486 = CARTESIAN_POINT('',(0.306916966193,-105.0983477457,2.09));
#9487 = CARTESIAN_POINT('',(0.30073464931,-105.0982693427,2.09));
#9488 = CARTESIAN_POINT('',(0.296613134897,-105.098213053,2.09));
#9489 = CARTESIAN_POINT('',(0.292491655177,-105.0981527425,2.09));
#9490 = CARTESIAN_POINT('',(0.288370214641,-105.0980884111,
    2.089999999999));
#9491 = CARTESIAN_POINT('',(0.284248817834,-105.0980200589,
    2.090000000001));
#9492 = CARTESIAN_POINT('',(0.280127469202,-105.0979476859,
    2.089999999998));
#9493 = CARTESIAN_POINT('',(0.276006173353,-105.097871292,2.090000000002
    ));
#9494 = CARTESIAN_POINT('',(0.271884934666,-105.0977908774,
    2.089999999998));
#9495 = CARTESIAN_POINT('',(0.267763757796,-105.097706442,2.090000000001
    ));
#9496 = CARTESIAN_POINT('',(0.263642647116,-105.0976179859,
    2.089999999999));
#9497 = CARTESIAN_POINT('',(0.25952160724,-105.0975255091,2.09));
#9498 = CARTESIAN_POINT('',(0.255400642612,-105.0974290116,2.09));
#9499 = CARTESIAN_POINT('',(0.251279757774,-105.0973284935,2.09));
#9500 = CARTESIAN_POINT('',(0.238917356123,-105.0970148772,2.09));
#9501 = CARTESIAN_POINT('',(0.230676092457,-105.0967897164,2.09));
#9502 = CARTESIAN_POINT('',(0.222435202024,-105.0965484733,2.09));
#9503 = CARTESIAN_POINT('',(0.214194720611,-105.096291149,2.09));
#9504 = CARTESIAN_POINT('',(0.205954684029,-105.0960177442,2.09));
#9505 = CARTESIAN_POINT('',(0.197715128046,-105.0957282602,2.09));
#9506 = CARTESIAN_POINT('',(0.189476088497,-105.0954226978,2.09));
#9507 = CARTESIAN_POINT('',(0.181237601127,-105.095101058,2.09));
#9508 = CARTESIAN_POINT('',(0.172999701783,-105.0947633418,2.09));
#9509 = CARTESIAN_POINT('',(0.164762426215,-105.0944095502,2.09));
#9510 = CARTESIAN_POINT('',(0.15652581025,-105.0940396842,2.09));
#9511 = CARTESIAN_POINT('',(0.148289889665,-105.0936537447,2.09));
#9512 = CARTESIAN_POINT('',(0.140054700263,-105.0932517328,2.09));
#9513 = CARTESIAN_POINT('',(0.115351432984,-105.0919974827,2.09));
#9514 = CARTESIAN_POINT('',(9.888566029289E-02,-105.0910970184,2.09));
#9515 = CARTESIAN_POINT('',(8.242324177568E-02,-105.0901322766,2.09));
#9516 = CARTESIAN_POINT('',(6.596445942682E-02,-105.089103277,2.09));
#9517 = CARTESIAN_POINT('',(4.950959528149E-02,-105.0880100396,2.09));
#9518 = CARTESIAN_POINT('',(3.305893129744E-02,-105.0868525841,2.09));
#9519 = CARTESIAN_POINT('',(1.661274955321E-02,-105.0856309305,2.09));
#9520 = CARTESIAN_POINT('',(1.713319708905E-04,-105.0843450986,2.09));
#9521 = CARTESIAN_POINT('',(-1.626503935731E-02,-105.0829951083,2.09));
#9522 = CARTESIAN_POINT('',(-3.269608249513E-02,-105.0815809794,2.09));
#9523 = CARTESIAN_POINT('',(-4.912151538603E-02,-105.0801027318,2.09));
#9524 = CARTESIAN_POINT('',(-6.554105605081E-02,-105.0785603854,2.09));
#9525 = CARTESIAN_POINT('',(-8.195442246965E-02,-105.0769539601,2.09));
#9526 = CARTESIAN_POINT('',(-0.131175152979,-105.0719425067,2.09));
#9527 = CARTESIAN_POINT('',(-0.163963084812,-105.0683451343,2.09));
#9528 = CARTESIAN_POINT('',(-0.196722938166,-105.0644916945,2.09));
#9529 = CARTESIAN_POINT('',(-0.229452523077,-105.0603825234,2.09));
#9530 = CARTESIAN_POINT('',(-0.262149649561,-105.0560179572,2.09));
#9531 = CARTESIAN_POINT('',(-0.294812127671,-105.0513983319,
    2.090000000001));
#9532 = CARTESIAN_POINT('',(-0.327437767407,-105.0465239837,
    2.089999999999));
#9533 = CARTESIAN_POINT('',(-0.360024378829,-105.0413952486,
    2.090000000001));
#9534 = CARTESIAN_POINT('',(-0.392569771941,-105.0360124627,
    2.089999999999));
#9535 = CARTESIAN_POINT('',(-0.425071756792,-105.0303759623,2.09));
#9536 = CARTESIAN_POINT('',(-0.4575281434,-105.0244860833,2.09));
#9537 = CARTESIAN_POINT('',(-0.489936741799,-105.018343162,2.09));
#9538 = CARTESIAN_POINT('',(-0.522295362019,-105.0119475343,2.09));
#9539 = CARTESIAN_POINT('',(-0.619214718228,-104.9920035408,2.09));
#9540 = CARTESIAN_POINT('',(-0.683619290734,-104.9776989273,2.09));
#9541 = CARTESIAN_POINT('',(-0.747798349647,-104.9623893071,2.09));
#9542 = CARTESIAN_POINT('',(-0.81173483156,-104.946078586,2.09));
#9543 = CARTESIAN_POINT('',(-0.875411791623,-104.9287709646,
    2.089999999999));
#9544 = CARTESIAN_POINT('',(-0.938812403532,-104.9104709388,
    2.090000000001));
#9545 = CARTESIAN_POINT('',(-1.001919959555,-104.8911832987,
    2.089999999999));
#9546 = CARTESIAN_POINT('',(-1.064717870485,-104.8709131298,
    2.090000000001));
#9547 = CARTESIAN_POINT('',(-1.127189665711,-104.8496658118,
    2.089999999999));
#9548 = CARTESIAN_POINT('',(-1.189318993126,-104.82744702,2.09));
#9549 = CARTESIAN_POINT('',(-1.251089619225,-104.8042627239,2.09));
#9550 = CARTESIAN_POINT('',(-1.312485429022,-104.7801191882,2.09));
#9551 = CARTESIAN_POINT('',(-1.373490426107,-104.7550229721,2.09));
#9552 = CARTESIAN_POINT('',(-1.555285345622,-104.6768968461,2.09));
#9553 = CARTESIAN_POINT('',(-1.674857096688,-104.621028804,2.09));
#9554 = CARTESIAN_POINT('',(-1.79267526844,-104.5614319454,2.09));
#9555 = CARTESIAN_POINT('',(-1.908613834552,-104.4981657794,2.09));
#9556 = CARTESIAN_POINT('',(-2.022549459731,-104.4312941832,2.09));
#9557 = CARTESIAN_POINT('',(-2.134361499731,-104.3608854013,2.09));
#9558 = CARTESIAN_POINT('',(-2.243932001345,-104.2870120462,2.09));
#9559 = CARTESIAN_POINT('',(-2.351145702393,-104.2097510982,2.09));
#9560 = CARTESIAN_POINT('',(-2.45589003176,-104.1291839051,2.09));
#9561 = CARTESIAN_POINT('',(-2.558055109341,-104.0453961827,2.09));
#9562 = CARTESIAN_POINT('',(-2.657533746097,-103.9584780143,2.09));
#9563 = CARTESIAN_POINT('',(-2.754221444011,-103.8685238511,2.09));
#9564 = CARTESIAN_POINT('',(-2.848016396114,-103.7756325121,2.09));
#9565 = CARTESIAN_POINT('',(-3.108632046401,-103.5008894546,2.09));
#9566 = CARTESIAN_POINT('',(-3.26804153133,-103.3120145743,2.09));
#9567 = CARTESIAN_POINT('',(-3.416167799142,-103.113684318,2.09));
#9568 = CARTESIAN_POINT('',(-3.552818426622,-102.9070499029,2.09));
#9569 = CARTESIAN_POINT('',(-3.677325841863,-102.6927013137,2.09));
#9570 = CARTESIAN_POINT('',(-3.789010963254,-102.4711263083,
    2.090000000001));
#9571 = CARTESIAN_POINT('',(-3.887593912913,-102.2431018257,
    2.089999999999));
#9572 = CARTESIAN_POINT('',(-3.973040867091,-102.0095161332,
    2.090000000001));
#9573 = CARTESIAN_POINT('',(-4.04507907279,-101.7709589838,
    2.089999999999));
#9574 = CARTESIAN_POINT('',(-4.102929493965,-101.5277592942,2.09));
#9575 = CARTESIAN_POINT('',(-4.145698457429,-101.2809954138,2.09));
#9576 = CARTESIAN_POINT('',(-4.17333604277,-101.0343519211,2.09));
#9577 = CARTESIAN_POINT('',(-4.187109806818,-100.7955490685,2.09));
#9578 = CARTESIAN_POINT('',(-4.187157747818,-100.5744264899,2.09));
#9579 = CARTESIAN_POINT('',(0.362558914343,-104.5986874844,2.09));
#9580 = CARTESIAN_POINT('',(0.361641898885,-104.5986874844,2.09));
#9581 = CARTESIAN_POINT('',(0.360723547665,-104.5986872607,2.09));
#9582 = CARTESIAN_POINT('',(0.359810935577,-104.5986868134,2.09));
#9583 = CARTESIAN_POINT('',(0.358881811257,-104.5986861424,2.09));
#9584 = CARTESIAN_POINT('',(0.357987414233,-104.5986852478,2.09));
#9585 = CARTESIAN_POINT('',(0.357037376786,-104.5986841294,2.09));
#9586 = CARTESIAN_POINT('',(0.356156614334,-104.5986827875,
    2.090000000001));
#9587 = CARTESIAN_POINT('',(0.355208286946,-104.5986812218,
    2.089999999999));
#9588 = CARTESIAN_POINT('',(0.354311487684,-104.5986794325,2.09));
#9589 = CARTESIAN_POINT('',(0.353384309741,-104.5986774195,2.09));
#9590 = CARTESIAN_POINT('',(0.35247063195,-104.5986751828,2.09));
#9591 = CARTESIAN_POINT('',(0.351552642725,-104.5986727225,2.09));
#9592 = CARTESIAN_POINT('',(0.350635547582,-104.5986700385,2.09));
#9593 = CARTESIAN_POINT('',(0.348801171627,-104.5986642231,2.09));
#9594 = CARTESIAN_POINT('',(0.347883983056,-104.5986610918,2.09));
#9595 = CARTESIAN_POINT('',(0.346966793957,-104.5986577368,2.09));
#9596 = CARTESIAN_POINT('',(0.346049604388,-104.5986541581,
    2.090000000001));
#9597 = CARTESIAN_POINT('',(0.345132414423,-104.5986503557,
    2.089999999999));
#9598 = CARTESIAN_POINT('',(0.344215224103,-104.5986463296,
    2.090000000002));
#9599 = CARTESIAN_POINT('',(0.343298033528,-104.5986420799,
    2.089999999998));
#9600 = CARTESIAN_POINT('',(0.342380842713,-104.5986376065,
    2.090000000002));
#9601 = CARTESIAN_POINT('',(0.341463651772,-104.5986329094,
    2.089999999999));
#9602 = CARTESIAN_POINT('',(0.340546460722,-104.5986279886,
    2.090000000001));
#9603 = CARTESIAN_POINT('',(0.339629269662,-104.5986228442,2.09));
#9604 = CARTESIAN_POINT('',(0.338712078632,-104.5986174761,2.09));
#9605 = CARTESIAN_POINT('',(0.337794887707,-104.5986118843,2.09));
#9606 = CARTESIAN_POINT('',(0.335043315423,-104.5985944378,2.09));
#9607 = CARTESIAN_POINT('',(0.333208934559,-104.5985819121,2.09));
#9608 = CARTESIAN_POINT('',(0.33137455486,-104.5985684917,2.09));
#9609 = CARTESIAN_POINT('',(0.329540176822,-104.5985541765,2.09));
#9610 = CARTESIAN_POINT('',(0.327705800967,-104.5985389666,
    2.089999999999));
#9611 = CARTESIAN_POINT('',(0.325871427768,-104.598522862,2.090000000001
    ));
#9612 = CARTESIAN_POINT('',(0.32403705777,-104.5985058625,2.089999999999
    ));
#9613 = CARTESIAN_POINT('',(0.322202691431,-104.5984879684,
    2.090000000001));
#9614 = CARTESIAN_POINT('',(0.320368329298,-104.5984691795,2.09));
#9615 = CARTESIAN_POINT('',(0.318533971842,-104.5984494959,2.09));
#9616 = CARTESIAN_POINT('',(0.316699619586,-104.5984289175,2.09));
#9617 = CARTESIAN_POINT('',(0.314865273026,-104.5984074443,2.09));
#9618 = CARTESIAN_POINT('',(0.313030932668,-104.5983850764,2.09));
#9619 = CARTESIAN_POINT('',(0.307527931711,-104.5983152883,2.09));
#9620 = CARTESIAN_POINT('',(0.303859291243,-104.5982651838,2.09));
#9621 = CARTESIAN_POINT('',(0.300190681634,-104.5982115003,2.09));
#9622 = CARTESIAN_POINT('',(0.296522106878,-104.5981542377,
    2.089999999999));
#9623 = CARTESIAN_POINT('',(0.292853571034,-104.598093396,2.090000000001
    ));
#9624 = CARTESIAN_POINT('',(0.28918507804,-104.5980289754,2.089999999998
    ));
#9625 = CARTESIAN_POINT('',(0.285516632021,-104.5979609757,
    2.090000000002));
#9626 = CARTESIAN_POINT('',(0.281848236862,-104.5978893971,
    2.089999999998));
#9627 = CARTESIAN_POINT('',(0.278179896706,-104.5978142395,
    2.090000000001));
#9628 = CARTESIAN_POINT('',(0.274511615461,-104.597735503,2.089999999999
    ));
#9629 = CARTESIAN_POINT('',(0.270843397217,-104.5976531876,2.09));
#9630 = CARTESIAN_POINT('',(0.267175245946,-104.5975672933,2.09));
#9631 = CARTESIAN_POINT('',(0.263507165681,-104.5974778201,2.09));
#9632 = CARTESIAN_POINT('',(0.252503149934,-104.5971986642,2.09));
#9633 = CARTESIAN_POINT('',(0.245167439753,-104.5969982441,2.09));
#9634 = CARTESIAN_POINT('',(0.237832061749,-104.596783509,2.09));
#9635 = CARTESIAN_POINT('',(0.230497047806,-104.5965544595,
    2.090000000001));
#9636 = CARTESIAN_POINT('',(0.223162429755,-104.5963110966,
    2.089999999999));
#9637 = CARTESIAN_POINT('',(0.215828239521,-104.5960534212,
    2.090000000001));
#9638 = CARTESIAN_POINT('',(0.208494508892,-104.5957814341,
    2.089999999999));
#9639 = CARTESIAN_POINT('',(0.201161269826,-104.5954951362,
    2.090000000001));
#9640 = CARTESIAN_POINT('',(0.193828554098,-104.5951945284,
    2.089999999999));
#9641 = CARTESIAN_POINT('',(0.186496393653,-104.5948796116,2.09));
#9642 = CARTESIAN_POINT('',(0.179164820302,-104.5945503866,2.09));
#9643 = CARTESIAN_POINT('',(0.171833865944,-104.5942068543,2.09));
#9644 = CARTESIAN_POINT('',(0.16450356243,-104.5938490157,2.09));
#9645 = CARTESIAN_POINT('',(0.142514700041,-104.592732583,2.09));
#9646 = CARTESIAN_POINT('',(0.127858193105,-104.5919310622,2.09));
#9647 = CARTESIAN_POINT('',(0.113204671868,-104.5910723265,2.09));
#9648 = CARTESIAN_POINT('',(9.855438734665E-02,-104.5901563938,2.09));
#9649 = CARTESIAN_POINT('',(8.390759061172E-02,-104.5891832818,2.09));
#9650 = CARTESIAN_POINT('',(6.926453263861E-02,-104.588153008,2.09));
#9651 = CARTESIAN_POINT('',(5.4625464541E-02,-104.5870655902,2.09));
#9652 = CARTESIAN_POINT('',(3.999063726548E-02,-104.5859210461,2.09));
#9653 = CARTESIAN_POINT('',(2.536030192914E-02,-104.5847193933,2.09));
#9654 = CARTESIAN_POINT('',(1.073470950105E-02,-104.5834606496,2.09));
#9655 = CARTESIAN_POINT('',(-3.885888940054E-03,-104.5821448326,2.09));
#9656 = CARTESIAN_POINT('',(-1.850124238472E-02,-104.58077196,2.09));
#9657 = CARTESIAN_POINT('',(-3.311109978641E-02,-104.5793420494,2.09));
#9658 = CARTESIAN_POINT('',(-7.692343077261E-02,-104.5748812572,2.09));
#9659 = CARTESIAN_POINT('',(-0.106108606658,-104.5716791661,2.09));
#9660 = CARTESIAN_POINT('',(-0.135268788358,-104.5682491445,2.09));
#9661 = CARTESIAN_POINT('',(-0.164402026403,-104.5645914916,2.09));
#9662 = CARTESIAN_POINT('',(-0.193506371455,-104.5607065068,2.09));
#9663 = CARTESIAN_POINT('',(-0.222579873931,-104.5565944893,2.09));
#9664 = CARTESIAN_POINT('',(-0.251620584627,-104.5522557382,2.09));
#9665 = CARTESIAN_POINT('',(-0.280626553847,-104.5476905529,2.09));
#9666 = CARTESIAN_POINT('',(-0.309595832431,-104.5428992324,2.09));
#9667 = CARTESIAN_POINT('',(-0.338526470728,-104.5378820761,2.09));
#9668 = CARTESIAN_POINT('',(-0.367416519465,-104.5326393833,2.09));
#9669 = CARTESIAN_POINT('',(-0.396264029126,-104.527171453,2.09));
#9670 = CARTESIAN_POINT('',(-0.425067050324,-104.5214785847,2.09));
#9671 = CARTESIAN_POINT('',(-0.511336800204,-104.5037260628,2.09));
#9672 = CARTESIAN_POINT('',(-0.568664518222,-104.4909932605,2.09));
#9673 = CARTESIAN_POINT('',(-0.625791493583,-104.4773658856,2.09));
#9674 = CARTESIAN_POINT('',(-0.682702538102,-104.4628474156,2.09));
#9675 = CARTESIAN_POINT('',(-0.739382569471,-104.4474415901,
    2.090000000001));
#9676 = CARTESIAN_POINT('',(-0.795816611296,-104.4311524107,
    2.089999999999));
#9677 = CARTESIAN_POINT('',(-0.851989793054,-104.4139841414,
    2.090000000001));
#9678 = CARTESIAN_POINT('',(-0.907887350134,-104.3959413084,
    2.089999999999));
#9679 = CARTESIAN_POINT('',(-0.963494623809,-104.3770286997,
    2.090000000001));
#9680 = CARTESIAN_POINT('',(-1.018797061245,-104.357251366,
    2.089999999999));
#9681 = CARTESIAN_POINT('',(-1.073780215507,-104.3366146197,2.09));
#9682 = CARTESIAN_POINT('',(-1.128429745546,-104.3151240358,2.09));
#9683 = CARTESIAN_POINT('',(-1.182731416212,-104.292785451,2.09));
#9684 = CARTESIAN_POINT('',(-1.344550462314,-104.2232439919,2.09));
#9685 = CARTESIAN_POINT('',(-1.450983710062,-104.1735147573,2.09));
#9686 = CARTESIAN_POINT('',(-1.555856172301,-104.1204663662,2.09));
#9687 = CARTESIAN_POINT('',(-1.659055583538,-104.0641518203,2.09));
#9688 = CARTESIAN_POINT('',(-1.760472081951,-104.0046280183,
    2.090000000001));
#9689 = CARTESIAN_POINT('',(-1.859998209417,-103.9419557556,
    2.089999999999));
#9690 = CARTESIAN_POINT('',(-1.957528911493,-103.8761997241,
    2.090000000001));
#9691 = CARTESIAN_POINT('',(-2.052961537411,-103.8074285125,
    2.089999999999));
#9692 = CARTESIAN_POINT('',(-2.146195840118,-103.7357146062,
    2.090000000001));
#9693 = CARTESIAN_POINT('',(-2.237133976204,-103.6611343874,2.09));
#9694 = CARTESIAN_POINT('',(-2.325680505987,-103.5837681349,2.09));
#9695 = CARTESIAN_POINT('',(-2.411742393438,-103.5037000241,2.09));
#9696 = CARTESIAN_POINT('',(-2.495229006231,-103.4210181273,2.09));
#9697 = CARTESIAN_POINT('',(-2.727200926505,-103.1764733521,2.09));
#9698 = CARTESIAN_POINT('',(-2.869047453753,-103.0083865346,2.09));
#9699 = CARTESIAN_POINT('',(-3.001010083442,-102.8317870548,2.09));
#9700 = CARTESIAN_POINT('',(-3.12258833625,-102.6478854972,
    2.090000000001));
#9701 = CARTESIAN_POINT('',(-3.233329364906,-102.4571445698,
    2.089999999999));
#9702 = CARTESIAN_POINT('',(-3.332786057279,-102.2599035277,
    2.090000000001));
#9703 = CARTESIAN_POINT('',(-3.420531596544,-102.0570055617,
    2.089999999999));
#9704 = CARTESIAN_POINT('',(-3.496217384968,-101.8496687609,
    2.090000000001));
#9705 = CARTESIAN_POINT('',(-3.559621496619,-101.6388596601,2.09));
#9706 = CARTESIAN_POINT('',(-3.610633287995,-101.4248777577,2.09));
#9707 = CARTESIAN_POINT('',(-3.649156462312,-101.2077397369,2.09));
#9708 = CARTESIAN_POINT('',(-3.674987755085,-100.9882634346,2.09));
#9709 = CARTESIAN_POINT('',(-3.687841483733,-100.7684938934,2.09));
#9710 = CARTESIAN_POINT('',(-3.687841483733,-100.5482870863,2.09));
#9711 = CARTESIAN_POINT('',(0.362558914343,-104.5986874844,1.59));
#9712 = CARTESIAN_POINT('',(0.361641898884,-104.5986874844,1.59));
#9713 = CARTESIAN_POINT('',(0.360723547666,-104.5986872607,1.59));
#9714 = CARTESIAN_POINT('',(0.359810935573,-104.5986868134,1.59));
#9715 = CARTESIAN_POINT('',(0.358881811267,-104.5986861424,
    1.590000000001));
#9716 = CARTESIAN_POINT('',(0.357987414216,-104.5986852478,
    1.589999999999));
#9717 = CARTESIAN_POINT('',(0.357037376811,-104.5986841295,
    1.590000000001));
#9718 = CARTESIAN_POINT('',(0.356156614304,-104.5986827874,
    1.589999999999));
#9719 = CARTESIAN_POINT('',(0.355208286976,-104.5986812218,
    1.590000000001));
#9720 = CARTESIAN_POINT('',(0.35431148766,-104.5986794325,1.589999999999
    ));
#9721 = CARTESIAN_POINT('',(0.353384309756,-104.5986774195,1.59));
#9722 = CARTESIAN_POINT('',(0.352470631943,-104.5986751828,1.59));
#9723 = CARTESIAN_POINT('',(0.351552642727,-104.5986727225,1.59));
#9724 = CARTESIAN_POINT('',(0.350635547582,-104.5986700385,1.59));
#9725 = CARTESIAN_POINT('',(0.348801171627,-104.5986642231,1.59));
#9726 = CARTESIAN_POINT('',(0.347883983057,-104.5986610918,1.59));
#9727 = CARTESIAN_POINT('',(0.346966793954,-104.5986577368,1.59));
#9728 = CARTESIAN_POINT('',(0.346049604396,-104.5986541581,
    1.590000000001));
#9729 = CARTESIAN_POINT('',(0.345132414409,-104.5986503557,
    1.589999999999));
#9730 = CARTESIAN_POINT('',(0.344215224124,-104.5986463296,
    1.590000000001));
#9731 = CARTESIAN_POINT('',(0.343298033505,-104.5986420799,
    1.589999999999));
#9732 = CARTESIAN_POINT('',(0.342380842735,-104.5986376065,
    1.590000000001));
#9733 = CARTESIAN_POINT('',(0.341463651755,-104.5986329094,
    1.589999999999));
#9734 = CARTESIAN_POINT('',(0.340546460733,-104.5986279887,
    1.590000000001));
#9735 = CARTESIAN_POINT('',(0.339629269657,-104.5986228442,1.59));
#9736 = CARTESIAN_POINT('',(0.338712078634,-104.5986174761,1.59));
#9737 = CARTESIAN_POINT('',(0.337794887707,-104.5986118843,1.59));
#9738 = CARTESIAN_POINT('',(0.335043315423,-104.5985944378,1.59));
#9739 = CARTESIAN_POINT('',(0.333208934561,-104.5985819121,1.59));
#9740 = CARTESIAN_POINT('',(0.331374554853,-104.5985684917,1.59));
#9741 = CARTESIAN_POINT('',(0.329540176837,-104.5985541765,1.59));
#9742 = CARTESIAN_POINT('',(0.327705800941,-104.5985389666,
    1.590000000001));
#9743 = CARTESIAN_POINT('',(0.325871427801,-104.598522862,1.589999999999
    ));
#9744 = CARTESIAN_POINT('',(0.324037057733,-104.5985058625,
    1.590000000001));
#9745 = CARTESIAN_POINT('',(0.322202691463,-104.5984879684,
    1.589999999999));
#9746 = CARTESIAN_POINT('',(0.320368329275,-104.5984691795,
    1.590000000001));
#9747 = CARTESIAN_POINT('',(0.318533971854,-104.5984494959,
    1.589999999999));
#9748 = CARTESIAN_POINT('',(0.316699619581,-104.5984289175,1.59));
#9749 = CARTESIAN_POINT('',(0.314865273028,-104.5984074443,1.59));
#9750 = CARTESIAN_POINT('',(0.313030932668,-104.5983850764,1.59));
#9751 = CARTESIAN_POINT('',(0.307527931712,-104.5983152883,1.59));
#9752 = CARTESIAN_POINT('',(0.303859291243,-104.5982651838,1.59));
#9753 = CARTESIAN_POINT('',(0.300190681635,-104.5982115003,1.59));
#9754 = CARTESIAN_POINT('',(0.296522106877,-104.5981542377,
    1.590000000001));
#9755 = CARTESIAN_POINT('',(0.292853571035,-104.598093396,1.589999999999
    ));
#9756 = CARTESIAN_POINT('',(0.28918507804,-104.5980289753,1.590000000001
    ));
#9757 = CARTESIAN_POINT('',(0.28551663202,-104.5979609757,1.589999999999
    ));
#9758 = CARTESIAN_POINT('',(0.281848236864,-104.597889397,1.590000000001
    ));
#9759 = CARTESIAN_POINT('',(0.278179896704,-104.5978142395,
    1.589999999999));
#9760 = CARTESIAN_POINT('',(0.274511615463,-104.597735503,1.59));
#9761 = CARTESIAN_POINT('',(0.270843397216,-104.5976531876,1.59));
#9762 = CARTESIAN_POINT('',(0.267175245946,-104.5975672933,1.59));
#9763 = CARTESIAN_POINT('',(0.263507165681,-104.5974778201,1.59));
#9764 = CARTESIAN_POINT('',(0.252503149935,-104.5971986642,1.59));
#9765 = CARTESIAN_POINT('',(0.245167439751,-104.5969982441,1.59));
#9766 = CARTESIAN_POINT('',(0.237832061755,-104.596783509,1.59));
#9767 = CARTESIAN_POINT('',(0.230497047792,-104.5965544595,
    1.589999999999));
#9768 = CARTESIAN_POINT('',(0.223162429778,-104.5963110966,
    1.590000000001));
#9769 = CARTESIAN_POINT('',(0.21582823949,-104.5960534212,1.589999999998
    ));
#9770 = CARTESIAN_POINT('',(0.208494508928,-104.5957814341,
    1.590000000002));
#9771 = CARTESIAN_POINT('',(0.201161269792,-104.5954951362,
    1.589999999998));
#9772 = CARTESIAN_POINT('',(0.193828554124,-104.5951945284,
    1.590000000002));
#9773 = CARTESIAN_POINT('',(0.186496393637,-104.5948796116,
    1.589999999999));
#9774 = CARTESIAN_POINT('',(0.179164820309,-104.5945503866,1.59));
#9775 = CARTESIAN_POINT('',(0.171833865941,-104.5942068543,1.59));
#9776 = CARTESIAN_POINT('',(0.164503562431,-104.5938490157,1.59));
#9777 = CARTESIAN_POINT('',(0.14251470004,-104.592732583,1.59));
#9778 = CARTESIAN_POINT('',(0.127858193106,-104.5919310622,1.59));
#9779 = CARTESIAN_POINT('',(0.113204671865,-104.5910723265,1.59));
#9780 = CARTESIAN_POINT('',(9.855438735225E-02,-104.5901563938,1.59));
#9781 = CARTESIAN_POINT('',(8.390759060343E-02,-104.5891832818,1.59));
#9782 = CARTESIAN_POINT('',(6.926453264859E-02,-104.588153008,1.59));
#9783 = CARTESIAN_POINT('',(5.462546453098E-02,-104.5870655902,
    1.590000000001));
#9784 = CARTESIAN_POINT('',(3.999063727402E-02,-104.5859210461,1.59));
#9785 = CARTESIAN_POINT('',(2.536030192287E-02,-104.5847193933,1.59));
#9786 = CARTESIAN_POINT('',(1.073470950499E-02,-104.5834606496,1.59));
#9787 = CARTESIAN_POINT('',(-3.885888942128E-03,-104.5821448326,1.59));
#9788 = CARTESIAN_POINT('',(-1.850124238386E-02,-104.58077196,1.59));
#9789 = CARTESIAN_POINT('',(-3.311109978667E-02,-104.5793420494,1.59));
#9790 = CARTESIAN_POINT('',(-7.692343077197E-02,-104.5748812572,1.59));
#9791 = CARTESIAN_POINT('',(-0.106108606661,-104.5716791661,1.59));
#9792 = CARTESIAN_POINT('',(-0.135268788348,-104.5682491445,1.59));
#9793 = CARTESIAN_POINT('',(-0.164402026422,-104.5645914916,
    1.589999999999));
#9794 = CARTESIAN_POINT('',(-0.193506371422,-104.5607065068,
    1.590000000001));
#9795 = CARTESIAN_POINT('',(-0.222579873976,-104.5565944893,
    1.589999999998));
#9796 = CARTESIAN_POINT('',(-0.251620584578,-104.5522557382,
    1.590000000002));
#9797 = CARTESIAN_POINT('',(-0.280626553891,-104.5476905528,
    1.589999999998));
#9798 = CARTESIAN_POINT('',(-0.309595832398,-104.5428992324,
    1.590000000001));
#9799 = CARTESIAN_POINT('',(-0.338526470747,-104.5378820761,
    1.589999999999));
#9800 = CARTESIAN_POINT('',(-0.367416519456,-104.5326393833,1.59));
#9801 = CARTESIAN_POINT('',(-0.396264029129,-104.527171453,1.59));
#9802 = CARTESIAN_POINT('',(-0.425067050324,-104.5214785847,1.59));
#9803 = CARTESIAN_POINT('',(-0.511336800204,-104.5037260628,1.59));
#9804 = CARTESIAN_POINT('',(-0.568664518221,-104.4909932605,1.59));
#9805 = CARTESIAN_POINT('',(-0.625791493585,-104.4773658856,1.59));
#9806 = CARTESIAN_POINT('',(-0.682702538099,-104.4628474157,1.59));
#9807 = CARTESIAN_POINT('',(-0.739382569475,-104.4474415901,1.59));
#9808 = CARTESIAN_POINT('',(-0.795816611291,-104.4311524107,1.59));
#9809 = CARTESIAN_POINT('',(-0.851989793059,-104.4139841414,1.59));
#9810 = CARTESIAN_POINT('',(-0.90788735013,-104.3959413084,1.59));
#9811 = CARTESIAN_POINT('',(-0.963494623812,-104.3770286997,1.59));
#9812 = CARTESIAN_POINT('',(-1.018797061244,-104.357251366,1.59));
#9813 = CARTESIAN_POINT('',(-1.073780215507,-104.3366146197,1.59));
#9814 = CARTESIAN_POINT('',(-1.128429745545,-104.3151240358,1.59));
#9815 = CARTESIAN_POINT('',(-1.182731416212,-104.292785451,1.59));
#9816 = CARTESIAN_POINT('',(-1.344550462314,-104.2232439919,1.59));
#9817 = CARTESIAN_POINT('',(-1.450983710062,-104.1735147573,1.59));
#9818 = CARTESIAN_POINT('',(-1.555856172302,-104.1204663662,1.59));
#9819 = CARTESIAN_POINT('',(-1.659055583537,-104.0641518203,1.59));
#9820 = CARTESIAN_POINT('',(-1.760472081952,-104.0046280183,1.59));
#9821 = CARTESIAN_POINT('',(-1.859998209416,-103.9419557556,1.59));
#9822 = CARTESIAN_POINT('',(-1.957528911493,-103.876199724,
    1.590000000001));
#9823 = CARTESIAN_POINT('',(-2.052961537412,-103.8074285125,
    1.589999999999));
#9824 = CARTESIAN_POINT('',(-2.146195840117,-103.7357146062,1.59));
#9825 = CARTESIAN_POINT('',(-2.237133976205,-103.6611343874,1.59));
#9826 = CARTESIAN_POINT('',(-2.325680505987,-103.5837681349,1.59));
#9827 = CARTESIAN_POINT('',(-2.411742393438,-103.5037000241,1.59));
#9828 = CARTESIAN_POINT('',(-2.495229006231,-103.4210181273,1.59));
#9829 = CARTESIAN_POINT('',(-2.727200926505,-103.1764733521,1.59));
#9830 = CARTESIAN_POINT('',(-2.869047453753,-103.0083865346,1.59));
#9831 = CARTESIAN_POINT('',(-3.001010083443,-102.8317870548,1.59));
#9832 = CARTESIAN_POINT('',(-3.122588336248,-102.6478854972,
    1.589999999999));
#9833 = CARTESIAN_POINT('',(-3.233329364909,-102.4571445698,
    1.590000000002));
#9834 = CARTESIAN_POINT('',(-3.332786057277,-102.2599035277,
    1.589999999998));
#9835 = CARTESIAN_POINT('',(-3.420531596545,-102.0570055617,
    1.590000000003));
#9836 = CARTESIAN_POINT('',(-3.496217384969,-101.849668761,
    1.589999999997));
#9837 = CARTESIAN_POINT('',(-3.559621496618,-101.6388596601,
    1.590000000002));
#9838 = CARTESIAN_POINT('',(-3.610633287996,-101.4248777578,
    1.589999999999));
#9839 = CARTESIAN_POINT('',(-3.649156462311,-101.2077397369,
    1.590000000001));
#9840 = CARTESIAN_POINT('',(-3.674987755085,-100.9882634346,1.59));
#9841 = CARTESIAN_POINT('',(-3.687841483733,-100.7684938934,1.59));
#9842 = CARTESIAN_POINT('',(-3.687841483733,-100.5482870863,1.59));
#9843 = ADVANCED_FACE('',(#9844),#9874,.T.);
#9844 = FACE_BOUND('',#9845,.T.);
#9845 = EDGE_LOOP('',(#9846,#9847,#9848,#9856));
#9846 = ORIENTED_EDGE('',*,*,#9239,.T.);
#9847 = ORIENTED_EDGE('',*,*,#5845,.T.);
#9848 = ORIENTED_EDGE('',*,*,#9849,.F.);
#9849 = EDGE_CURVE('',#9850,#5838,#9852,.T.);
#9850 = VERTEX_POINT('',#9851);
#9851 = CARTESIAN_POINT('',(0.254149440247,-8.606287503312,2.09));
#9852 = ( BOUNDED_CURVE() B_SPLINE_CURVE(2,(#9853,#9854,#9855),
.UNSPECIFIED.,.F.,.F.) B_SPLINE_CURVE_WITH_KNOTS((3,3),(0.,
6.236833900659),.PIECEWISE_BEZIER_KNOTS.) CURVE() 
GEOMETRIC_REPRESENTATION_ITEM() RATIONAL_B_SPLINE_CURVE((1.,
0.707106781187,1.)) REPRESENTATION_ITEM('') );
#9853 = CARTESIAN_POINT('',(0.254149440247,-8.606287503312,2.09));
#9854 = CARTESIAN_POINT('',(0.283997796243,-9.105395783792,2.09));
#9855 = CARTESIAN_POINT('',(0.283997796243,-9.105395783792,1.59));
#9856 = ORIENTED_EDGE('',*,*,#9857,.F.);
#9857 = EDGE_CURVE('',#9240,#9850,#9858,.T.);
#9858 = ( BOUNDED_CURVE() B_SPLINE_CURVE(14,(#9859,#9860,#9861,#9862,
    #9863,#9864,#9865,#9866,#9867,#9868,#9869,#9870,#9871,#9872,#9873),
.UNSPECIFIED.,.F.,.F.) B_SPLINE_CURVE_WITH_KNOTS((15,15),(
93.825932240326,100.06276614098),.PIECEWISE_BEZIER_KNOTS.) CURVE() 
GEOMETRIC_REPRESENTATION_ITEM() RATIONAL_B_SPLINE_CURVE((1.,
    0.999999999999,1.000000000002,0.999999999993,1.000000000014,
    0.999999999977,1.000000000031,0.999999999967,1.000000000029,
    0.99999999998,1.000000000012,0.999999999995,1.000000000002,1.,1.)) 
REPRESENTATION_ITEM('') );
#9859 = CARTESIAN_POINT('',(-4.187255807016,-13.05304139311,2.09));
#9860 = CARTESIAN_POINT('',(-4.187172444897,-12.6046733736,2.09));
#9861 = CARTESIAN_POINT('',(-4.129067288066,-12.07383083611,2.09));
#9862 = CARTESIAN_POINT('',(-4.015685070106,-11.56138139635,2.09));
#9863 = CARTESIAN_POINT('',(-3.797503187139,-11.12552584491,2.09));
#9864 = CARTESIAN_POINT('',(-3.629953810381,-10.62436477967,2.09));
#9865 = CARTESIAN_POINT('',(-3.247314664727,-10.25104811143,2.09));
#9866 = CARTESIAN_POINT('',(-3.000344061038,-9.811466312366,2.09));
#9867 = CARTESIAN_POINT('',(-2.531959476168,-9.52364189453,2.09));
#9868 = CARTESIAN_POINT('',(-2.170862443619,-9.184319110227,2.09));
#9869 = CARTESIAN_POINT('',(-1.674926105649,-8.985519525951,2.09));
#9870 = CARTESIAN_POINT('',(-1.228467777023,-8.777616903558,2.09));
#9871 = CARTESIAN_POINT('',(-0.709413196477,-8.664832996635,2.09));
#9872 = CARTESIAN_POINT('',(-0.195271112723,-8.606413365208,2.09));
#9873 = CARTESIAN_POINT('',(0.254149440247,-8.606287503312,2.09));
#9874 = ( BOUNDED_SURFACE() B_SPLINE_SURFACE(2,14,(
    (#9875,#9876,#9877,#9878,#9879,#9880,#9881,#9882,#9883,#9884,#9885
      ,#9886,#9887,#9888,#9889)
    ,(#9890,#9891,#9892,#9893,#9894,#9895,#9896,#9897,#9898,#9899,#9900
      ,#9901,#9902,#9903,#9904)
    ,(#9905,#9906,#9907,#9908,#9909,#9910,#9911,#9912,#9913,#9914,#9915
      ,#9916,#9917,#9918,#9919
)),.UNSPECIFIED.,.F.,.F.,.F.) B_SPLINE_SURFACE_WITH_KNOTS((3,3),(15,15),
  (0.,6.236833900659),(93.825932240326,100.06276614098),
.PIECEWISE_BEZIER_KNOTS.) GEOMETRIC_REPRESENTATION_ITEM() 
RATIONAL_B_SPLINE_SURFACE((
    (1.,0.999999999999,1.000000000002,0.999999999993,1.000000000014
      ,0.999999999977,1.000000000031,0.999999999967,1.000000000029
      ,0.99999999998,1.000000000012,0.999999999995,1.000000000002,1.,1.)
    ,(0.707106781187,0.707106781186,0.707106781188,0.707106781182
      ,0.707106781197,0.70710678117,0.707106781209,0.707106781163
      ,0.707106781208,0.707106781171,0.707106781196,0.707106781182
      ,0.707106781188,0.707106781186,0.707106781187)
    ,(1.,0.999999999999,1.000000000002,0.999999999993,1.000000000014
      ,0.999999999977,1.000000000031,0.999999999967,1.000000000029
      ,0.99999999998,1.000000000012,0.999999999995,1.000000000002,1.,1.
))) REPRESENTATION_ITEM('') SURFACE() );
#9875 = CARTESIAN_POINT('',(-4.187255807016,-13.05304139311,2.09));
#9876 = CARTESIAN_POINT('',(-4.187172444897,-12.6046733736,2.09));
#9877 = CARTESIAN_POINT('',(-4.129067288066,-12.07383083611,2.09));
#9878 = CARTESIAN_POINT('',(-4.015685070106,-11.56138139635,2.09));
#9879 = CARTESIAN_POINT('',(-3.797503187139,-11.12552584491,2.09));
#9880 = CARTESIAN_POINT('',(-3.629953810381,-10.62436477967,2.09));
#9881 = CARTESIAN_POINT('',(-3.247314664727,-10.25104811143,2.09));
#9882 = CARTESIAN_POINT('',(-3.000344061038,-9.811466312366,2.09));
#9883 = CARTESIAN_POINT('',(-2.531959476168,-9.52364189453,2.09));
#9884 = CARTESIAN_POINT('',(-2.170862443619,-9.184319110227,2.09));
#9885 = CARTESIAN_POINT('',(-1.674926105649,-8.985519525951,2.09));
#9886 = CARTESIAN_POINT('',(-1.228467777023,-8.777616903558,2.09));
#9887 = CARTESIAN_POINT('',(-0.709413196477,-8.664832996635,2.09));
#9888 = CARTESIAN_POINT('',(-0.195271112723,-8.606413365208,2.09));
#9889 = CARTESIAN_POINT('',(0.254149440247,-8.606287503312,2.09));
#9890 = CARTESIAN_POINT('',(-3.687841483733,-13.07723506376,2.09));
#9891 = CARTESIAN_POINT('',(-3.687841483733,-12.63058783468,2.09));
#9892 = CARTESIAN_POINT('',(-3.633913351123,-12.18600472565,2.09));
#9893 = CARTESIAN_POINT('',(-3.524866621682,-11.73786256544,
    2.090000000001));
#9894 = CARTESIAN_POINT('',(-3.367746574316,-11.35396629362,
    2.089999999999));
#9895 = CARTESIAN_POINT('',(-3.156277737029,-10.86480282219,
    2.090000000002));
#9896 = CARTESIAN_POINT('',(-2.885892523323,-10.61363560652,
    2.089999999997));
#9897 = CARTESIAN_POINT('',(-2.611650538739,-10.13326143341,
    2.090000000003));
#9898 = CARTESIAN_POINT('',(-2.222962945717,-9.949582184011,
    2.089999999997));
#9899 = CARTESIAN_POINT('',(-1.90372649702,-9.610165043433,
    2.090000000002));
#9900 = CARTESIAN_POINT('',(-1.445956527463,-9.437480666981,
    2.089999999999));
#9901 = CARTESIAN_POINT('',(-1.058056072719,-9.266176056851,
    2.090000000001));
#9902 = CARTESIAN_POINT('',(-0.60779992573,-9.15976632913,2.09));
#9903 = CARTESIAN_POINT('',(-0.163318161255,-9.105395783792,2.09));
#9904 = CARTESIAN_POINT('',(0.283997796243,-9.105395783792,2.09));
#9905 = CARTESIAN_POINT('',(-3.687841483733,-13.07723506376,1.59));
#9906 = CARTESIAN_POINT('',(-3.687841483733,-12.63058783468,1.59));
#9907 = CARTESIAN_POINT('',(-3.633913351123,-12.18600472565,1.59));
#9908 = CARTESIAN_POINT('',(-3.524866621683,-11.73786256544,1.59));
#9909 = CARTESIAN_POINT('',(-3.367746574314,-11.35396629362,1.59));
#9910 = CARTESIAN_POINT('',(-3.156277737032,-10.86480282219,1.59));
#9911 = CARTESIAN_POINT('',(-2.88589252332,-10.61363560653,
    1.589999999999));
#9912 = CARTESIAN_POINT('',(-2.611650538742,-10.13326143341,
    1.590000000001));
#9913 = CARTESIAN_POINT('',(-2.222962945714,-9.949582184016,
    1.589999999999));
#9914 = CARTESIAN_POINT('',(-1.903726497022,-9.610165043429,
    1.590000000001));
#9915 = CARTESIAN_POINT('',(-1.445956527462,-9.437480666983,1.59));
#9916 = CARTESIAN_POINT('',(-1.058056072719,-9.266176056851,1.59));
#9917 = CARTESIAN_POINT('',(-0.60779992573,-9.15976632913,1.59));
#9918 = CARTESIAN_POINT('',(-0.163318161255,-9.105395783792,1.59));
#9919 = CARTESIAN_POINT('',(0.283997796243,-9.105395783792,1.59));
#9920 = ADVANCED_FACE('',(#9921),#9949,.T.);
#9921 = FACE_BOUND('',#9922,.T.);
#9922 = EDGE_LOOP('',(#9923,#9931,#9932,#9933));
#9923 = ORIENTED_EDGE('',*,*,#9924,.T.);
#9924 = EDGE_CURVE('',#9925,#5874,#9927,.T.);
#9925 = VERTEX_POINT('',#9926);
#9926 = CARTESIAN_POINT('',(88.351907833437,-105.0980106189,2.09));
#9927 = ( BOUNDED_CURVE() B_SPLINE_CURVE(2,(#9928,#9929,#9930),
.UNSPECIFIED.,.F.,.F.) B_SPLINE_CURVE_WITH_KNOTS((3,3),(0.,
5.889171850685),.PIECEWISE_BEZIER_KNOTS.) CURVE() 
GEOMETRIC_REPRESENTATION_ITEM() RATIONAL_B_SPLINE_CURVE((1.,
0.707106781187,1.)) REPRESENTATION_ITEM('') );
#9928 = CARTESIAN_POINT('',(88.351907833437,-105.0980106189,2.09));
#9929 = CARTESIAN_POINT('',(88.3259,-104.5986874844,2.09));
#9930 = CARTESIAN_POINT('',(88.3259,-104.5986874844,1.59));
#9931 = ORIENTED_EDGE('',*,*,#5881,.T.);
#9932 = ORIENTED_EDGE('',*,*,#9302,.F.);
#9933 = ORIENTED_EDGE('',*,*,#9934,.F.);
#9934 = EDGE_CURVE('',#9925,#9303,#9935,.T.);
#9935 = ( BOUNDED_CURVE() B_SPLINE_CURVE(12,(#9936,#9937,#9938,#9939,
    #9940,#9941,#9942,#9943,#9944,#9945,#9946,#9947,#9948),
.UNSPECIFIED.,.F.,.F.) B_SPLINE_CURVE_WITH_KNOTS((13,13),(
287.90668440042,375.87934300912),.PIECEWISE_BEZIER_KNOTS.) CURVE() 
GEOMETRIC_REPRESENTATION_ITEM() RATIONAL_B_SPLINE_CURVE((1.,1.,1.,
    0.999999999999,1.000000000002,0.999999999998,1.000000000002,
0.999999999998,1.000000000001,1.,1.,1.,1.)) REPRESENTATION_ITEM('') );
#9936 = CARTESIAN_POINT('',(88.351907833437,-105.0980106189,2.09));
#9937 = CARTESIAN_POINT('',(80.969654555864,-105.0995863728,2.09));
#9938 = CARTESIAN_POINT('',(73.689991734413,-105.0978822975,2.09));
#9939 = CARTESIAN_POINT('',(66.299287501156,-105.0990900569,2.09));
#9940 = CARTESIAN_POINT('',(59.022334841612,-105.0984838455,2.09));
#9941 = CARTESIAN_POINT('',(51.657912097472,-105.0987846764,2.09));
#9942 = CARTESIAN_POINT('',(44.354102413173,-105.0986490774,2.09));
#9943 = CARTESIAN_POINT('',(37.008580757429,-105.0986980556,2.09));
#9944 = CARTESIAN_POINT('',(29.685827391121,-105.0986862311,2.09));
#9945 = CARTESIAN_POINT('',(22.352813078847,-105.0986872066,2.09));
#9946 = CARTESIAN_POINT('',(15.023197195937,-105.0986875906,2.09));
#9947 = CARTESIAN_POINT('',(7.692837338146,-105.0986874844,2.09));
#9948 = CARTESIAN_POINT('',(0.362558914343,-105.0986874844,2.09));
#9949 = ( BOUNDED_SURFACE() B_SPLINE_SURFACE(2,12,(
    (#9950,#9951,#9952,#9953,#9954,#9955,#9956,#9957,#9958,#9959,#9960
      ,#9961,#9962)
    ,(#9963,#9964,#9965,#9966,#9967,#9968,#9969,#9970,#9971,#9972,#9973
      ,#9974,#9975)
    ,(#9976,#9977,#9978,#9979,#9980,#9981,#9982,#9983,#9984,#9985,#9986
      ,#9987,#9988
)),.UNSPECIFIED.,.F.,.F.,.F.) B_SPLINE_SURFACE_WITH_KNOTS((3,3),(13,13),
  (0.,87.9726586087),(287.90668440042,375.87934300912),
.PIECEWISE_BEZIER_KNOTS.) GEOMETRIC_REPRESENTATION_ITEM() 
RATIONAL_B_SPLINE_SURFACE((
    (1.,1.,1.,0.999999999999,1.000000000002,0.999999999998
      ,1.000000000002,0.999999999998,1.000000000001,1.,1.,1.,1.)
    ,(0.707106781187,0.707106781186,0.707106781187,0.707106781186
      ,0.707106781188,0.707106781184,0.707106781189,0.707106781185
      ,0.707106781188,0.707106781186,0.707106781187,0.707106781187
      ,0.707106781187)
    ,(1.,1.,1.,0.999999999999,1.000000000002,0.999999999998
      ,1.000000000002,0.999999999998,1.000000000001,1.,1.,1.,1.
))) REPRESENTATION_ITEM('') SURFACE() );
#9950 = CARTESIAN_POINT('',(88.351907833437,-105.0980106189,2.09));
#9951 = CARTESIAN_POINT('',(80.969654555864,-105.0995863728,2.09));
#9952 = CARTESIAN_POINT('',(73.689991734413,-105.0978822975,2.09));
#9953 = CARTESIAN_POINT('',(66.299287501156,-105.0990900569,2.09));
#9954 = CARTESIAN_POINT('',(59.022334841612,-105.0984838455,2.09));
#9955 = CARTESIAN_POINT('',(51.657912097472,-105.0987846764,2.09));
#9956 = CARTESIAN_POINT('',(44.354102413173,-105.0986490774,2.09));
#9957 = CARTESIAN_POINT('',(37.008580757429,-105.0986980556,2.09));
#9958 = CARTESIAN_POINT('',(29.685827391121,-105.0986862311,2.09));
#9959 = CARTESIAN_POINT('',(22.352813078847,-105.0986872066,2.09));
#9960 = CARTESIAN_POINT('',(15.023197195937,-105.0986875906,2.09));
#9961 = CARTESIAN_POINT('',(7.692837338146,-105.0986874844,2.09));
#9962 = CARTESIAN_POINT('',(0.362558914343,-105.0986874844,2.09));
#9963 = CARTESIAN_POINT('',(88.3259,-104.5986874844,2.09));
#9964 = CARTESIAN_POINT('',(80.973899545688,-104.5986874844,2.09));
#9965 = CARTESIAN_POINT('',(73.70005662275,-104.5986874844,2.09));
#9966 = CARTESIAN_POINT('',(66.306052431032,-104.5986874844,2.09));
#9967 = CARTESIAN_POINT('',(59.026226583868,-104.5986874844,2.09));
#9968 = CARTESIAN_POINT('',(51.658516826052,-104.5986874844,2.09));
#9969 = CARTESIAN_POINT('',(44.354729936134,-104.5986874844,2.09));
#9970 = CARTESIAN_POINT('',(37.00831174311,-104.5986874844,2.09));
#9971 = CARTESIAN_POINT('',(29.685947287437,-104.5986874844,2.09));
#9972 = CARTESIAN_POINT('',(22.35277831696,-104.5986874844,2.09));
#9973 = CARTESIAN_POINT('',(15.023202327458,-104.5986874844,2.09));
#9974 = CARTESIAN_POINT('',(7.692837338146,-104.5986874844,2.09));
#9975 = CARTESIAN_POINT('',(0.362558914343,-104.5986874844,2.09));
#9976 = CARTESIAN_POINT('',(88.3259,-104.5986874844,1.59));
#9977 = CARTESIAN_POINT('',(80.973899545685,-104.5986874844,1.59));
#9978 = CARTESIAN_POINT('',(73.700056622758,-104.5986874844,1.59));
#9979 = CARTESIAN_POINT('',(66.306052431015,-104.5986874844,1.59));
#9980 = CARTESIAN_POINT('',(59.026226583894,-104.5986874844,1.59));
#9981 = CARTESIAN_POINT('',(51.658516826023,-104.5986874844,1.59));
#9982 = CARTESIAN_POINT('',(44.354729936155,-104.5986874844,1.59));
#9983 = CARTESIAN_POINT('',(37.0083117431,-104.5986874844,1.59));
#9984 = CARTESIAN_POINT('',(29.685947287438,-104.5986874844,1.59));
#9985 = CARTESIAN_POINT('',(22.352778316962,-104.5986874844,1.59));
#9986 = CARTESIAN_POINT('',(15.023202327456,-104.5986874844,1.59));
#9987 = CARTESIAN_POINT('',(7.692837338146,-104.5986874844,1.59));
#9988 = CARTESIAN_POINT('',(0.362558914343,-104.5986874844,1.59));
#9989 = ADVANCED_FACE('',(#9990),#10018,.T.);
#9990 = FACE_BOUND('',#9991,.T.);
#9991 = EDGE_LOOP('',(#9992,#9993,#9994,#10002));
#9992 = ORIENTED_EDGE('',*,*,#9849,.T.);
#9993 = ORIENTED_EDGE('',*,*,#5915,.T.);
#9994 = ORIENTED_EDGE('',*,*,#9995,.F.);
#9995 = EDGE_CURVE('',#9996,#5906,#9998,.T.);
#9996 = VERTEX_POINT('',#9997);
#9997 = CARTESIAN_POINT('',(88.395827748881,-8.605421524178,2.09));
#9998 = ( BOUNDED_CURVE() B_SPLINE_CURVE(2,(#9999,#10000,#10001),
.UNSPECIFIED.,.F.,.F.) B_SPLINE_CURVE_WITH_KNOTS((3,3),(0.,
88.099504038705),.PIECEWISE_BEZIER_KNOTS.) CURVE() 
GEOMETRIC_REPRESENTATION_ITEM() RATIONAL_B_SPLINE_CURVE((1.,
0.707106781187,1.)) REPRESENTATION_ITEM('') );
#9999 = CARTESIAN_POINT('',(88.395827748881,-8.605421524178,2.09));
#10000 = CARTESIAN_POINT('',(88.390754315784,-9.105395783792,2.09));
#10001 = CARTESIAN_POINT('',(88.390754315784,-9.105395783792,1.59));
#10002 = ORIENTED_EDGE('',*,*,#10003,.F.);
#10003 = EDGE_CURVE('',#9850,#9996,#10004,.T.);
#10004 = ( BOUNDED_CURVE() B_SPLINE_CURVE(12,(#10005,#10006,#10007,
    #10008,#10009,#10010,#10011,#10012,#10013,#10014,#10015,#10016,
#10017),.UNSPECIFIED.,.F.,.F.) B_SPLINE_CURVE_WITH_KNOTS((13,13),(
100.06276614098,188.16227017969),.PIECEWISE_BEZIER_KNOTS.) CURVE() 
GEOMETRIC_REPRESENTATION_ITEM() RATIONAL_B_SPLINE_CURVE((1.,1.,1.,1.,1.,
    0.999999999999,1.000000000001,0.999999999999,1.000000000001,1.,1.,1.
,1.)) REPRESENTATION_ITEM('') );
#10005 = CARTESIAN_POINT('',(0.254149440247,-8.606287503312,2.09));
#10006 = CARTESIAN_POINT('',(7.660580843455,-8.604213304661,2.09));
#10007 = CARTESIAN_POINT('',(14.934861072229,-8.606449698861,2.09));
#10008 = CARTESIAN_POINT('',(22.356871589188,-8.604881508349,2.09));
#10009 = CARTESIAN_POINT('',(29.629428697505,-8.60563772592,2.09));
#10010 = CARTESIAN_POINT('',(37.016572535428,-8.605300740393,2.09));
#10011 = CARTESIAN_POINT('',(44.324813109938,-8.605414009073,2.09));
#10012 = CARTESIAN_POINT('',(51.685708453577,-8.605397554728,2.09));
#10013 = CARTESIAN_POINT('',(59.019275442324,-8.605397793565,2.09));
#10014 = CARTESIAN_POINT('',(66.362493559893,-8.605382285571,2.09));
#10015 = CARTESIAN_POINT('',(73.705971235357,-8.605426403829,2.09));
#10016 = CARTESIAN_POINT('',(81.047380477827,-8.605361464178,2.09));
#10017 = CARTESIAN_POINT('',(88.395827748881,-8.605421524178,2.09));
#10018 = ( BOUNDED_SURFACE() B_SPLINE_SURFACE(2,12,(
    (#10019,#10020,#10021,#10022,#10023,#10024,#10025,#10026,#10027
      ,#10028,#10029,#10030,#10031)
    ,(#10032,#10033,#10034,#10035,#10036,#10037,#10038,#10039,#10040
      ,#10041,#10042,#10043,#10044)
    ,(#10045,#10046,#10047,#10048,#10049,#10050,#10051,#10052,#10053
      ,#10054,#10055,#10056,#10057
)),.UNSPECIFIED.,.F.,.F.,.F.) B_SPLINE_SURFACE_WITH_KNOTS((3,3),(13,13),
  (0.,88.099504038705),(100.06276614098,188.16227017969),
.PIECEWISE_BEZIER_KNOTS.) GEOMETRIC_REPRESENTATION_ITEM() 
RATIONAL_B_SPLINE_SURFACE((
    (1.,1.,1.,1.,1.,0.999999999999,1.000000000001,0.999999999999
      ,1.000000000001,1.,1.,1.,1.)
    ,(0.707106781187,0.707106781187,0.707106781187,0.707106781187
      ,0.707106781187,0.707106781186,0.707106781187,0.707106781186
      ,0.707106781187,0.707106781186,0.707106781187,0.707106781187
      ,0.707106781187)
    ,(1.,1.,1.,1.,1.,0.999999999999,1.000000000001,0.999999999999
,1.000000000001,1.,1.,1.,1.))) REPRESENTATION_ITEM('') SURFACE() );
#10019 = CARTESIAN_POINT('',(0.254149440247,-8.606287503312,2.09));
#10020 = CARTESIAN_POINT('',(7.660580843455,-8.604213304661,2.09));
#10021 = CARTESIAN_POINT('',(14.934861072229,-8.606449698861,2.09));
#10022 = CARTESIAN_POINT('',(22.356871589188,-8.604881508349,2.09));
#10023 = CARTESIAN_POINT('',(29.629428697505,-8.60563772592,2.09));
#10024 = CARTESIAN_POINT('',(37.016572535428,-8.605300740393,2.09));
#10025 = CARTESIAN_POINT('',(44.324813109938,-8.605414009073,2.09));
#10026 = CARTESIAN_POINT('',(51.685708453577,-8.605397554728,2.09));
#10027 = CARTESIAN_POINT('',(59.019275442324,-8.605397793565,2.09));
#10028 = CARTESIAN_POINT('',(66.362493559893,-8.605382285571,2.09));
#10029 = CARTESIAN_POINT('',(73.705971235357,-8.605426403829,2.09));
#10030 = CARTESIAN_POINT('',(81.047380477827,-8.605361464178,2.09));
#10031 = CARTESIAN_POINT('',(88.395827748881,-8.605421524178,2.09));
#10032 = CARTESIAN_POINT('',(0.283997796243,-9.105395783792,2.09));
#10033 = CARTESIAN_POINT('',(7.655745556503,-9.105395783792,2.09));
#10034 = CARTESIAN_POINT('',(14.923227235861,-9.105395783792,2.09));
#10035 = CARTESIAN_POINT('',(22.349226954787,-9.105395783792,2.09));
#10036 = CARTESIAN_POINT('',(29.62479023033,-9.105395783792,2.09));
#10037 = CARTESIAN_POINT('',(37.016060351348,-9.105395783792,2.09));
#10038 = CARTESIAN_POINT('',(44.323980318287,-9.105395783792,2.09));
#10039 = CARTESIAN_POINT('',(51.686327412072,-9.105395783792,2.09));
#10040 = CARTESIAN_POINT('',(59.019764609639,-9.105395783792,2.09));
#10041 = CARTESIAN_POINT('',(66.363927206864,-9.105395783792,2.09));
#10042 = CARTESIAN_POINT('',(73.707886280857,-9.105395783792,2.09));
#10043 = CARTESIAN_POINT('',(81.048225808936,-9.105395783792,2.09));
#10044 = CARTESIAN_POINT('',(88.390754315784,-9.105395783792,2.09));
#10045 = CARTESIAN_POINT('',(0.283997796243,-9.105395783792,1.59));
#10046 = CARTESIAN_POINT('',(7.655745556503,-9.105395783792,1.59));
#10047 = CARTESIAN_POINT('',(14.923227235863,-9.105395783792,1.59));
#10048 = CARTESIAN_POINT('',(22.349226954783,-9.105395783792,1.59));
#10049 = CARTESIAN_POINT('',(29.624790230337,-9.105395783792,1.59));
#10050 = CARTESIAN_POINT('',(37.016060351342,-9.105395783792,1.59));
#10051 = CARTESIAN_POINT('',(44.323980318292,-9.105395783792,1.59));
#10052 = CARTESIAN_POINT('',(51.686327412068,-9.105395783792,1.59));
#10053 = CARTESIAN_POINT('',(59.019764609641,-9.105395783792,1.59));
#10054 = CARTESIAN_POINT('',(66.363927206862,-9.105395783792,1.59));
#10055 = CARTESIAN_POINT('',(73.707886280858,-9.105395783792,1.59));
#10056 = CARTESIAN_POINT('',(81.048225808936,-9.105395783792,1.59));
#10057 = CARTESIAN_POINT('',(88.390754315784,-9.105395783792,1.59));
#10058 = ADVANCED_FACE('',(#10059),#10089,.T.);
#10059 = FACE_BOUND('',#10060,.T.);
#10060 = EDGE_LOOP('',(#10061,#10069,#10070,#10071));
#10061 = ORIENTED_EDGE('',*,*,#10062,.T.);
#10062 = EDGE_CURVE('',#10063,#5940,#10065,.T.);
#10063 = VERTEX_POINT('',#10064);
#10064 = CARTESIAN_POINT('',(92.574793623902,-100.877164345,2.09));
#10065 = ( BOUNDED_CURVE() B_SPLINE_CURVE(2,(#10066,#10067,#10068),
.UNSPECIFIED.,.F.,.F.) B_SPLINE_CURVE_WITH_KNOTS((3,3),(0.,
88.067542967045),.PIECEWISE_BEZIER_KNOTS.) CURVE() 
GEOMETRIC_REPRESENTATION_ITEM() RATIONAL_B_SPLINE_CURVE((1.,
0.707106781187,1.)) REPRESENTATION_ITEM('') );
#10066 = CARTESIAN_POINT('',(92.574793623902,-100.877164345,2.09));
#10067 = CARTESIAN_POINT('',(92.075587484448,-100.849,2.09));
#10068 = CARTESIAN_POINT('',(92.075587484448,-100.849,1.59));
#10069 = ORIENTED_EDGE('',*,*,#5949,.T.);
#10070 = ORIENTED_EDGE('',*,*,#9924,.F.);
#10071 = ORIENTED_EDGE('',*,*,#10072,.F.);
#10072 = EDGE_CURVE('',#10063,#9925,#10073,.T.);
#10073 = ( BOUNDED_CURVE() B_SPLINE_CURVE(14,(#10074,#10075,#10076,
    #10077,#10078,#10079,#10080,#10081,#10082,#10083,#10084,#10085,
    #10086,#10087,#10088),.UNSPECIFIED.,.F.,.F.) 
B_SPLINE_CURVE_WITH_KNOTS((15,15),(282.01751254974,287.90668440042),
.PIECEWISE_BEZIER_KNOTS.) CURVE() GEOMETRIC_REPRESENTATION_ITEM() 
RATIONAL_B_SPLINE_CURVE((1.,1.,1.,0.999999999999,1.000000000001,
    0.999999999998,1.000000000001,0.999999999999,1.,1.,1.,1.,1.,1.,1.)) 
REPRESENTATION_ITEM('') );
#10074 = CARTESIAN_POINT('',(92.574793623902,-100.877164345,2.09));
#10075 = CARTESIAN_POINT('',(92.574687740714,-101.3011394578,2.09));
#10076 = CARTESIAN_POINT('',(92.519345524899,-101.7948446313,2.09));
#10077 = CARTESIAN_POINT('',(92.412827888188,-102.2877170219,2.09));
#10078 = CARTESIAN_POINT('',(92.210102330716,-102.7100804089,2.09));
#10079 = CARTESIAN_POINT('',(92.032501470076,-103.1788535966,2.09));
#10080 = CARTESIAN_POINT('',(91.695245338688,-103.5308768557,2.09));
#10081 = CARTESIAN_POINT('',(91.436946060963,-103.9608196416,2.09));
#10082 = CARTESIAN_POINT('',(91.007483123866,-104.2153287276,2.09));
#10083 = CARTESIAN_POINT('',(90.656442154463,-104.5608274264,2.09));
#10084 = CARTESIAN_POINT('',(90.183861392193,-104.73007022,2.09));
#10085 = CARTESIAN_POINT('',(89.766396180287,-104.9357619007,2.09));
#10086 = CARTESIAN_POINT('',(89.275480866509,-105.0427171378,2.09));
#10087 = CARTESIAN_POINT('',(88.775500723883,-105.0979202023,2.09));
#10088 = CARTESIAN_POINT('',(88.351907833437,-105.0980106189,2.09));
#10089 = ( BOUNDED_SURFACE() B_SPLINE_SURFACE(2,14,(
    (#10090,#10091,#10092,#10093,#10094,#10095,#10096,#10097,#10098
      ,#10099,#10100,#10101,#10102,#10103,#10104)
    ,(#10105,#10106,#10107,#10108,#10109,#10110,#10111,#10112,#10113
      ,#10114,#10115,#10116,#10117,#10118,#10119)
    ,(#10120,#10121,#10122,#10123,#10124,#10125,#10126,#10127,#10128
      ,#10129,#10130,#10131,#10132,#10133,#10134
)),.UNSPECIFIED.,.F.,.F.,.F.) B_SPLINE_SURFACE_WITH_KNOTS((3,3),(15,15),
  (0.,5.889171850685),(282.01751254974,287.90668440042),
.PIECEWISE_BEZIER_KNOTS.) GEOMETRIC_REPRESENTATION_ITEM() 
RATIONAL_B_SPLINE_SURFACE((
    (1.,1.,1.,0.999999999999,1.000000000001,0.999999999998
      ,1.000000000001,0.999999999999,1.,1.,1.,1.,1.,1.,1.)
    ,(0.707106781187,0.707106781187,0.707106781187,0.707106781187
      ,0.707106781186,0.707106781187,0.707106781185,0.707106781189
      ,0.707106781184,0.707106781188,0.707106781185,0.707106781187
      ,0.707106781186,0.707106781187,0.707106781187)
    ,(1.,1.,1.,0.999999999999,1.000000000001,0.999999999998
      ,1.000000000001,0.999999999999,1.,1.,1.,1.,1.,1.,1.
))) REPRESENTATION_ITEM('') SURFACE() );
#10090 = CARTESIAN_POINT('',(92.574793623902,-100.877164345,2.09));
#10091 = CARTESIAN_POINT('',(92.574687740714,-101.3011394578,2.09));
#10092 = CARTESIAN_POINT('',(92.519345524899,-101.7948446313,2.09));
#10093 = CARTESIAN_POINT('',(92.412827888188,-102.2877170219,2.09));
#10094 = CARTESIAN_POINT('',(92.210102330716,-102.7100804089,2.09));
#10095 = CARTESIAN_POINT('',(92.032501470076,-103.1788535966,2.09));
#10096 = CARTESIAN_POINT('',(91.695245338688,-103.5308768557,2.09));
#10097 = CARTESIAN_POINT('',(91.436946060963,-103.9608196416,2.09));
#10098 = CARTESIAN_POINT('',(91.007483123866,-104.2153287276,2.09));
#10099 = CARTESIAN_POINT('',(90.656442154463,-104.5608274264,2.09));
#10100 = CARTESIAN_POINT('',(90.183861392193,-104.73007022,2.09));
#10101 = CARTESIAN_POINT('',(89.766396180287,-104.9357619007,2.09));
#10102 = CARTESIAN_POINT('',(89.275480866509,-105.0427171378,2.09));
#10103 = CARTESIAN_POINT('',(88.775500723883,-105.0979202023,2.09));
#10104 = CARTESIAN_POINT('',(88.351907833437,-105.0980106189,2.09));
#10105 = CARTESIAN_POINT('',(92.075587484448,-100.849,2.09));
#10106 = CARTESIAN_POINT('',(92.075587484448,-101.2710983591,2.09));
#10107 = CARTESIAN_POINT('',(92.02441229745,-101.6906505584,2.09));
#10108 = CARTESIAN_POINT('',(91.92302477137,-102.1158200145,2.09));
#10109 = CARTESIAN_POINT('',(91.765858600408,-102.4781696133,2.09));
#10110 = CARTESIAN_POINT('',(91.59141321786,-102.9247057672,
    2.090000000001));
#10111 = CARTESIAN_POINT('',(91.289694302177,-103.1995205086,
    2.089999999999));
#10112 = CARTESIAN_POINT('',(91.094215345443,-103.5993874888,
    2.090000000001));
#10113 = CARTESIAN_POINT('',(90.65996794479,-103.828243255,
    2.089999999999));
#10114 = CARTESIAN_POINT('',(90.411494089543,-104.1045840776,
    2.090000000001));
#10115 = CARTESIAN_POINT('',(89.952183990323,-104.2934474272,2.09));
#10116 = CARTESIAN_POINT('',(89.591854339214,-104.4452859259,2.09));
#10117 = CARTESIAN_POINT('',(89.167337298168,-104.5476779196,2.09));
#10118 = CARTESIAN_POINT('',(88.747756986736,-104.5986874844,2.09));
#10119 = CARTESIAN_POINT('',(88.3259,-104.5986874844,2.09));
#10120 = CARTESIAN_POINT('',(92.075587484448,-100.849,1.59));
#10121 = CARTESIAN_POINT('',(92.075587484448,-101.2710983591,1.59));
#10122 = CARTESIAN_POINT('',(92.024412297449,-101.6906505584,1.59));
#10123 = CARTESIAN_POINT('',(91.923024771371,-102.1158200145,1.59));
#10124 = CARTESIAN_POINT('',(91.765858600409,-102.4781696133,1.59));
#10125 = CARTESIAN_POINT('',(91.591413217853,-102.9247057672,
    1.589999999999));
#10126 = CARTESIAN_POINT('',(91.289694302193,-103.1995205086,
    1.590000000001));
#10127 = CARTESIAN_POINT('',(91.09421534542,-103.5993874889,
    1.589999999999));
#10128 = CARTESIAN_POINT('',(90.659967944813,-103.828243255,
    1.590000000001));
#10129 = CARTESIAN_POINT('',(90.411494089526,-104.1045840776,
    1.589999999999));
#10130 = CARTESIAN_POINT('',(89.952183990333,-104.2934474272,1.59));
#10131 = CARTESIAN_POINT('',(89.591854339211,-104.4452859259,1.59));
#10132 = CARTESIAN_POINT('',(89.167337298169,-104.5476779196,1.59));
#10133 = CARTESIAN_POINT('',(88.747756986736,-104.5986874844,1.59));
#10134 = CARTESIAN_POINT('',(88.3259,-104.5986874844,1.59));
#10135 = ADVANCED_FACE('',(#10136),#10177,.T.);
#10136 = FACE_BOUND('',#10137,.T.);
#10137 = EDGE_LOOP('',(#10138,#10139,#10140,#10148));
#10138 = ORIENTED_EDGE('',*,*,#9995,.T.);
#10139 = ORIENTED_EDGE('',*,*,#5985,.T.);
#10140 = ORIENTED_EDGE('',*,*,#10141,.F.);
#10141 = EDGE_CURVE('',#10142,#5978,#10144,.T.);
#10142 = VERTEX_POINT('',#10143);
#10143 = CARTESIAN_POINT('',(92.574887746936,-12.7637856569,2.09));
#10144 = ( BOUNDED_CURVE() B_SPLINE_CURVE(2,(#10145,#10146,#10147),
.UNSPECIFIED.,.F.,.F.) B_SPLINE_CURVE_WITH_KNOTS((3,3),(0.,
5.787699403007),.PIECEWISE_BEZIER_KNOTS.) CURVE() 
GEOMETRIC_REPRESENTATION_ITEM() RATIONAL_B_SPLINE_CURVE((1.,
0.707106781187,1.)) REPRESENTATION_ITEM('') );
#10145 = CARTESIAN_POINT('',(92.574887746936,-12.7637856569,2.09));
#10146 = CARTESIAN_POINT('',(92.075587484448,-12.79022895245,2.09));
#10147 = CARTESIAN_POINT('',(92.075587484448,-12.79022895245,1.59));
#10148 = ORIENTED_EDGE('',*,*,#10149,.F.);
#10149 = EDGE_CURVE('',#9996,#10142,#10150,.T.);
#10150 = ( BOUNDED_CURVE() B_SPLINE_CURVE(9,(#10151,#10152,#10153,#10154
    ,#10155,#10156,#10157,#10158,#10159,#10160,#10161,#10162,#10163,
    #10164,#10165,#10166,#10167,#10168,#10169,#10170,#10171,#10172,
    #10173,#10174,#10175,#10176),.UNSPECIFIED.,.F.,.F.) 
B_SPLINE_CURVE_WITH_KNOTS((10,8,8,10),(188.16227017969,188.68901200257,
191.12938589847,193.94996958269),.UNSPECIFIED.) CURVE() 
GEOMETRIC_REPRESENTATION_ITEM() RATIONAL_B_SPLINE_CURVE((1.,1.,1.,1.,1.,
    1.,1.,1.,1.,1.,1.,1.,1.,1.,1.,1.,1.,1.,1.,1.,1.,1.,1.,1.,1.,1.)) 
REPRESENTATION_ITEM('') );
#10151 = CARTESIAN_POINT('',(88.395827748881,-8.605421524178,2.09));
#10152 = CARTESIAN_POINT('',(88.454409002014,-8.605422002972,2.09));
#10153 = CARTESIAN_POINT('',(88.52186870444,-8.606520990106,2.09));
#10154 = CARTESIAN_POINT('',(88.589723539965,-8.608887201879,2.09));
#10155 = CARTESIAN_POINT('',(88.656536991154,-8.612496842161,2.09));
#10156 = CARTESIAN_POINT('',(88.722854485916,-8.617282385686,2.09));
#10157 = CARTESIAN_POINT('',(88.789081664263,-8.623212586043,2.09));
#10158 = CARTESIAN_POINT('',(88.85519213147,-8.630309920797,2.09));
#10159 = CARTESIAN_POINT('',(88.921151063856,-8.638611686105,2.09));
#10160 = CARTESIAN_POINT('',(89.291743343322,-8.691951691017,2.09));
#10161 = CARTESIAN_POINT('',(89.592850532807,-8.761050432153,2.09));
#10162 = CARTESIAN_POINT('',(89.887936052776,-8.855004747743,2.09));
#10163 = CARTESIAN_POINT('',(90.174707584693,-8.973249087735,2.09));
#10164 = CARTESIAN_POINT('',(90.450902650987,-9.114953365865,2.09));
#10165 = CARTESIAN_POINT('',(90.714314725883,-9.278998115397,2.09));
#10166 = CARTESIAN_POINT('',(90.962849846681,-9.463996215674,2.09));
#10167 = CARTESIAN_POINT('',(91.194613725463,-9.668361189484,2.09));
#10168 = CARTESIAN_POINT('',(91.654695112459,-10.1470799961,2.09));
#10169 = CARTESIAN_POINT('',(91.876950887828,-10.42722650753,2.09));
#10170 = CARTESIAN_POINT('',(92.071120149454,-10.72923575502,2.09));
#10171 = CARTESIAN_POINT('',(92.238949205154,-11.04591720203,2.09));
#10172 = CARTESIAN_POINT('',(92.368999057979,-11.38373292848,2.09));
#10173 = CARTESIAN_POINT('',(92.477179875266,-11.72405204275,2.09));
#10174 = CARTESIAN_POINT('',(92.542421391819,-12.08722400418,2.09));
#10175 = CARTESIAN_POINT('',(92.574818189047,-12.44814299751,2.09));
#10176 = CARTESIAN_POINT('',(92.574887746936,-12.7637856569,2.09));
#10177 = ( BOUNDED_SURFACE() B_SPLINE_SURFACE(2,9,(
    (#10178,#10179,#10180,#10181,#10182,#10183,#10184,#10185,#10186
      ,#10187,#10188,#10189,#10190,#10191,#10192,#10193,#10194,#10195
      ,#10196,#10197,#10198,#10199,#10200,#10201,#10202,#10203)
    ,(#10204,#10205,#10206,#10207,#10208,#10209,#10210,#10211,#10212
      ,#10213,#10214,#10215,#10216,#10217,#10218,#10219,#10220,#10221
      ,#10222,#10223,#10224,#10225,#10226,#10227,#10228,#10229)
    ,(#10230,#10231,#10232,#10233,#10234,#10235,#10236,#10237,#10238
      ,#10239,#10240,#10241,#10242,#10243,#10244,#10245,#10246,#10247
      ,#10248,#10249,#10250,#10251,#10252,#10253,#10254,#10255
)),.UNSPECIFIED.,.F.,.F.,.F.) B_SPLINE_SURFACE_WITH_KNOTS((3,3),(10,8,8,
    10),(0.,5.787699403007),(188.16227017969,188.68901200257,
    191.12938589847,193.94996958269),.UNSPECIFIED.) 
GEOMETRIC_REPRESENTATION_ITEM() RATIONAL_B_SPLINE_SURFACE((
    (1.,1.,1.,1.,1.,1.,1.,1.,1.,1.,1.,1.,1.,1.,1.,1.,1.,1.,1.,1.,1.,1.
      ,1.,1.,1.,1.)
    ,(0.707106781187,0.707106781187,0.707106781187,0.707106781187
      ,0.707106781187,0.707106781187,0.707106781187,0.707106781187
      ,0.707106781187,0.707106781187,0.707106781187,0.707106781186
      ,0.707106781187,0.707106781186,0.707106781187,0.707106781187
      ,0.707106781187,0.707106781187,0.707106781187,0.707106781187
      ,0.707106781186,0.707106781187,0.707106781186,0.707106781187
      ,0.707106781187,0.707106781187)
    ,(1.,1.,1.,1.,1.,1.,1.,1.,1.,1.,1.,1.,1.,1.,1.,1.,1.,1.,1.,1.,1.,1.
,1.,1.,1.,1.))) REPRESENTATION_ITEM('') SURFACE() );
#10178 = CARTESIAN_POINT('',(88.395827748881,-8.605421524178,2.09));
#10179 = CARTESIAN_POINT('',(88.454409002014,-8.605422002972,2.09));
#10180 = CARTESIAN_POINT('',(88.52186870444,-8.606520990106,2.09));
#10181 = CARTESIAN_POINT('',(88.589723539965,-8.608887201879,2.09));
#10182 = CARTESIAN_POINT('',(88.656536991154,-8.612496842161,2.09));
#10183 = CARTESIAN_POINT('',(88.722854485916,-8.617282385686,2.09));
#10184 = CARTESIAN_POINT('',(88.789081664263,-8.623212586043,2.09));
#10185 = CARTESIAN_POINT('',(88.85519213147,-8.630309920797,2.09));
#10186 = CARTESIAN_POINT('',(88.921151063856,-8.638611686105,2.09));
#10187 = CARTESIAN_POINT('',(89.291743343322,-8.691951691017,2.09));
#10188 = CARTESIAN_POINT('',(89.592850532807,-8.761050432153,2.09));
#10189 = CARTESIAN_POINT('',(89.887936052776,-8.855004747743,2.09));
#10190 = CARTESIAN_POINT('',(90.174707584693,-8.973249087735,2.09));
#10191 = CARTESIAN_POINT('',(90.450902650987,-9.114953365865,2.09));
#10192 = CARTESIAN_POINT('',(90.714314725883,-9.278998115397,2.09));
#10193 = CARTESIAN_POINT('',(90.962849846681,-9.463996215674,2.09));
#10194 = CARTESIAN_POINT('',(91.194613725463,-9.668361189484,2.09));
#10195 = CARTESIAN_POINT('',(91.654695112459,-10.1470799961,2.09));
#10196 = CARTESIAN_POINT('',(91.876950887828,-10.42722650753,2.09));
#10197 = CARTESIAN_POINT('',(92.071120149454,-10.72923575502,2.09));
#10198 = CARTESIAN_POINT('',(92.238949205154,-11.04591720203,2.09));
#10199 = CARTESIAN_POINT('',(92.368999057979,-11.38373292848,2.09));
#10200 = CARTESIAN_POINT('',(92.477179875266,-11.72405204275,2.09));
#10201 = CARTESIAN_POINT('',(92.542421391819,-12.08722400418,2.09));
#10202 = CARTESIAN_POINT('',(92.574818189047,-12.44814299751,2.09));
#10203 = CARTESIAN_POINT('',(92.574887746936,-12.7637856569,2.09));
#10204 = CARTESIAN_POINT('',(88.390754315784,-9.105395783792,2.09));
#10205 = CARTESIAN_POINT('',(88.449288384998,-9.105395783792,2.09));
#10206 = CARTESIAN_POINT('',(88.50782009493,-9.10644189609,2.09));
#10207 = CARTESIAN_POINT('',(88.566319967301,-9.108533700172,2.09));
#10208 = CARTESIAN_POINT('',(88.624775393901,-9.111670206947,2.09));
#10209 = CARTESIAN_POINT('',(88.683172625106,-9.115850894811,2.09));
#10210 = CARTESIAN_POINT('',(88.741490499982,-9.121074986959,2.09));
#10211 = CARTESIAN_POINT('',(88.799702255147,-9.127340344299,2.09));
#10212 = CARTESIAN_POINT('',(88.857781749493,-9.134643348294,2.09));
#10213 = CARTESIAN_POINT('',(89.184091767838,-9.181609842576,2.09));
#10214 = CARTESIAN_POINT('',(89.449152714342,-9.242428443766,2.09));
#10215 = CARTESIAN_POINT('',(89.709008750152,-9.3251651713,2.09));
#10216 = CARTESIAN_POINT('',(89.961590651744,-9.429307853731,2.09));
#10217 = CARTESIAN_POINT('',(90.204819633188,-9.554096889705,2.09));
#10218 = CARTESIAN_POINT('',(90.436727916453,-9.698534992183,2.09));
#10219 = CARTESIAN_POINT('',(90.655524742218,-9.861413715694,2.09));
#10220 = CARTESIAN_POINT('',(90.859607821156,-10.04135676659,2.09));
#10221 = CARTESIAN_POINT('',(91.26470934712,-10.46286592375,2.09));
#10222 = CARTESIAN_POINT('',(91.46029074913,-10.70945509294,2.09));
#10223 = CARTESIAN_POINT('',(91.631889453785,-10.97574405956,2.09));
#10224 = CARTESIAN_POINT('',(91.777716320242,-11.25344541729,2.09));
#10225 = CARTESIAN_POINT('',(91.896215737185,-11.5529959242,2.09));
#10226 = CARTESIAN_POINT('',(91.98486354658,-11.84974977252,2.09));
#10227 = CARTESIAN_POINT('',(92.045516803088,-12.16261773759,2.09));
#10228 = CARTESIAN_POINT('',(92.075587484448,-12.47589967974,2.09));
#10229 = CARTESIAN_POINT('',(92.075587484448,-12.79022895245,2.09));
#10230 = CARTESIAN_POINT('',(88.390754315784,-9.105395783792,1.59));
#10231 = CARTESIAN_POINT('',(88.449288384998,-9.105395783792,1.59));
#10232 = CARTESIAN_POINT('',(88.50782009493,-9.10644189609,1.59));
#10233 = CARTESIAN_POINT('',(88.566319967301,-9.108533700172,1.59));
#10234 = CARTESIAN_POINT('',(88.624775393901,-9.111670206947,1.59));
#10235 = CARTESIAN_POINT('',(88.683172625106,-9.115850894811,1.59));
#10236 = CARTESIAN_POINT('',(88.741490499982,-9.121074986959,1.59));
#10237 = CARTESIAN_POINT('',(88.799702255147,-9.127340344299,1.59));
#10238 = CARTESIAN_POINT('',(88.857781749493,-9.134643348294,1.59));
#10239 = CARTESIAN_POINT('',(89.184091767838,-9.181609842576,1.59));
#10240 = CARTESIAN_POINT('',(89.449152714342,-9.242428443766,1.59));
#10241 = CARTESIAN_POINT('',(89.709008750152,-9.325165171301,1.59));
#10242 = CARTESIAN_POINT('',(89.961590651744,-9.429307853731,1.59));
#10243 = CARTESIAN_POINT('',(90.204819633188,-9.554096889705,1.59));
#10244 = CARTESIAN_POINT('',(90.436727916453,-9.698534992183,1.59));
#10245 = CARTESIAN_POINT('',(90.655524742218,-9.861413715694,1.59));
#10246 = CARTESIAN_POINT('',(90.859607821156,-10.04135676659,1.59));
#10247 = CARTESIAN_POINT('',(91.26470934712,-10.46286592375,1.59));
#10248 = CARTESIAN_POINT('',(91.46029074913,-10.70945509294,1.59));
#10249 = CARTESIAN_POINT('',(91.631889453784,-10.97574405956,1.59));
#10250 = CARTESIAN_POINT('',(91.777716320243,-11.25344541729,1.59));
#10251 = CARTESIAN_POINT('',(91.896215737184,-11.5529959242,1.59));
#10252 = CARTESIAN_POINT('',(91.98486354658,-11.84974977252,1.59));
#10253 = CARTESIAN_POINT('',(92.045516803088,-12.16261773759,1.59));
#10254 = CARTESIAN_POINT('',(92.075587484448,-12.47589967974,1.59));
#10255 = CARTESIAN_POINT('',(92.075587484448,-12.79022895245,1.59));
#10256 = ADVANCED_FACE('',(#10257),#10277,.T.);
#10257 = FACE_BOUND('',#10258,.T.);
#10258 = EDGE_LOOP('',(#10259,#10260,#10261,#10262));
#10259 = ORIENTED_EDGE('',*,*,#10141,.T.);
#10260 = ORIENTED_EDGE('',*,*,#6025,.T.);
#10261 = ORIENTED_EDGE('',*,*,#10062,.F.);
#10262 = ORIENTED_EDGE('',*,*,#10263,.F.);
#10263 = EDGE_CURVE('',#10142,#10063,#10264,.T.);
#10264 = ( BOUNDED_CURVE() B_SPLINE_CURVE(11,(#10265,#10266,#10267,
    #10268,#10269,#10270,#10271,#10272,#10273,#10274,#10275,#10276),
.UNSPECIFIED.,.F.,.F.) B_SPLINE_CURVE_WITH_KNOTS((12,12),(
193.94996958269,282.01751254974),.PIECEWISE_BEZIER_KNOTS.) CURVE() 
GEOMETRIC_REPRESENTATION_ITEM() RATIONAL_B_SPLINE_CURVE((1.,1.,1.,1.,1.,
1.,1.,1.,1.,1.,1.,1.)) REPRESENTATION_ITEM('') );
#10265 = CARTESIAN_POINT('',(92.574887746936,-12.7637856569,2.09));
#10266 = CARTESIAN_POINT('',(92.576664688339,-20.82726371739,2.09));
#10267 = CARTESIAN_POINT('',(92.574383015791,-28.76382307129,2.09));
#10268 = CARTESIAN_POINT('',(92.576483163197,-36.86751000167,2.09));
#10269 = CARTESIAN_POINT('',(92.575016714886,-44.75552981872,2.09));
#10270 = CARTESIAN_POINT('',(92.57577525928,-52.87951433847,2.09));
#10271 = CARTESIAN_POINT('',(92.57585286725,-60.7578629409,2.09));
#10272 = CARTESIAN_POINT('',(92.574924574188,-68.88836899621,2.09));
#10273 = CARTESIAN_POINT('',(92.57660403485,-76.76475048679,2.09));
#10274 = CARTESIAN_POINT('',(92.57422289996,-84.88076409201,2.09));
#10275 = CARTESIAN_POINT('',(92.576808851087,-92.80783637512,2.09));
#10276 = CARTESIAN_POINT('',(92.574793623902,-100.877164345,2.09));
#10277 = ( BOUNDED_SURFACE() B_SPLINE_SURFACE(2,11,(
    (#10278,#10279,#10280,#10281,#10282,#10283,#10284,#10285,#10286
      ,#10287,#10288,#10289)
    ,(#10290,#10291,#10292,#10293,#10294,#10295,#10296,#10297,#10298
      ,#10299,#10300,#10301)
    ,(#10302,#10303,#10304,#10305,#10306,#10307,#10308,#10309,#10310
      ,#10311,#10312,#10313
)),.UNSPECIFIED.,.F.,.F.,.F.) B_SPLINE_SURFACE_WITH_KNOTS((3,3),(12,12),
  (0.,88.067542967045),(193.94996958269,282.01751254974),
.PIECEWISE_BEZIER_KNOTS.) GEOMETRIC_REPRESENTATION_ITEM() 
RATIONAL_B_SPLINE_SURFACE((
    (1.,1.,1.,1.,1.,1.,1.,1.,1.,1.,1.,1.)
    ,(0.707106781187,0.707106781187,0.707106781186,0.707106781187
      ,0.707106781186,0.707106781187,0.707106781186,0.707106781187
      ,0.707106781186,0.707106781187,0.707106781187,0.707106781187)
,(1.,1.,1.,1.,1.,1.,1.,1.,1.,1.,1.,1.
))) REPRESENTATION_ITEM('') SURFACE() );
#10278 = CARTESIAN_POINT('',(92.574887746936,-12.7637856569,2.09));
#10279 = CARTESIAN_POINT('',(92.576664688339,-20.82726371739,2.09));
#10280 = CARTESIAN_POINT('',(92.574383015791,-28.76382307129,2.09));
#10281 = CARTESIAN_POINT('',(92.576483163197,-36.86751000167,2.09));
#10282 = CARTESIAN_POINT('',(92.575016714886,-44.75552981872,2.09));
#10283 = CARTESIAN_POINT('',(92.57577525928,-52.87951433847,2.09));
#10284 = CARTESIAN_POINT('',(92.57585286725,-60.7578629409,2.09));
#10285 = CARTESIAN_POINT('',(92.574924574188,-68.88836899621,2.09));
#10286 = CARTESIAN_POINT('',(92.57660403485,-76.76475048679,2.09));
#10287 = CARTESIAN_POINT('',(92.57422289996,-84.88076409201,2.09));
#10288 = CARTESIAN_POINT('',(92.576808851087,-92.80783637512,2.09));
#10289 = CARTESIAN_POINT('',(92.574793623902,-100.877164345,2.09));
#10290 = CARTESIAN_POINT('',(92.075587484448,-12.79022895245,2.09));
#10291 = CARTESIAN_POINT('',(92.075587484448,-20.82015494273,2.09));
#10292 = CARTESIAN_POINT('',(92.075587484448,-28.75295968285,2.09));
#10293 = CARTESIAN_POINT('',(92.075587484447,-36.86194030931,2.09));
#10294 = CARTESIAN_POINT('',(92.075587484451,-44.75250633817,2.09));
#10295 = CARTESIAN_POINT('',(92.075587484444,-52.88022141842,2.09));
#10296 = CARTESIAN_POINT('',(92.075587484452,-60.7571480773,2.09));
#10297 = CARTESIAN_POINT('',(92.075587484445,-68.8916132315,2.09));
#10298 = CARTESIAN_POINT('',(92.075587484449,-76.77063961041,2.09));
#10299 = CARTESIAN_POINT('',(92.075587484448,-84.89237280775,2.09));
#10300 = CARTESIAN_POINT('',(92.075587484448,-92.81539143993,2.09));
#10301 = CARTESIAN_POINT('',(92.075587484448,-100.849,2.09));
#10302 = CARTESIAN_POINT('',(92.075587484448,-12.79022895245,1.59));
#10303 = CARTESIAN_POINT('',(92.075587484448,-20.82015494273,1.59));
#10304 = CARTESIAN_POINT('',(92.075587484448,-28.75295968285,1.59));
#10305 = CARTESIAN_POINT('',(92.075587484448,-36.86194030931,1.59));
#10306 = CARTESIAN_POINT('',(92.075587484448,-44.75250633818,1.59));
#10307 = CARTESIAN_POINT('',(92.075587484448,-52.88022141841,1.59));
#10308 = CARTESIAN_POINT('',(92.075587484448,-60.7571480773,1.59));
#10309 = CARTESIAN_POINT('',(92.075587484448,-68.8916132315,1.59));
#10310 = CARTESIAN_POINT('',(92.075587484448,-76.77063961041,1.59));
#10311 = CARTESIAN_POINT('',(92.075587484448,-84.89237280775,1.59));
#10312 = CARTESIAN_POINT('',(92.075587484448,-92.81539143993,1.59));
#10313 = CARTESIAN_POINT('',(92.075587484448,-100.849,1.59));
#10314 = ADVANCED_FACE('',(#10315,#10384,#10428,#10661),#10721,.F.);
#10315 = FACE_BOUND('',#10316,.F.);
#10316 = EDGE_LOOP('',(#10317,#10326,#10334,#10341,#10349,#10356,#10364,
    #10371,#10379));
#10317 = ORIENTED_EDGE('',*,*,#10318,.T.);
#10318 = EDGE_CURVE('',#10319,#10321,#10323,.T.);
#10319 = VERTEX_POINT('',#10320);
#10320 = CARTESIAN_POINT('',(-0.129672341121,-1.382820330557,-2.09));
#10321 = VERTEX_POINT('',#10322);
#10322 = CARTESIAN_POINT('',(-4.141575699734,-1.522612214129,-2.09));
#10323 = B_SPLINE_CURVE_WITH_KNOTS('',1,(#10324,#10325),.UNSPECIFIED.,
  .F.,.F.,(2,2),(0.,3.290441060311),.PIECEWISE_BEZIER_KNOTS.);
#10324 = CARTESIAN_POINT('',(-0.129672341121,-1.382820330557,-2.09));
#10325 = CARTESIAN_POINT('',(-4.141575699734,-1.522612214129,-2.09));
#10326 = ORIENTED_EDGE('',*,*,#10327,.T.);
#10327 = EDGE_CURVE('',#10321,#10328,#10330,.T.);
#10328 = VERTEX_POINT('',#10329);
#10329 = CARTESIAN_POINT('',(-10.40203696878,-8.005014082736,-2.09));
#10330 = ( BOUNDED_CURVE() B_SPLINE_CURVE(2,(#10331,#10332,#10333),
.UNSPECIFIED.,.F.,.F.) B_SPLINE_CURVE_WITH_KNOTS((3,3),(1.605626515205,
3.14159265359),.PIECEWISE_BEZIER_KNOTS.) CURVE() 
GEOMETRIC_REPRESENTATION_ITEM() RATIONAL_B_SPLINE_CURVE((1.,
0.719313265035,1.)) REPRESENTATION_ITEM('') );
#10331 = CARTESIAN_POINT('',(-4.141575699734,-1.522612214129,-2.09));
#10332 = CARTESIAN_POINT('',(-10.40203696878,-1.740753478911,-2.09));
#10333 = CARTESIAN_POINT('',(-10.40203696878,-8.005014082736,-2.09));
#10334 = ORIENTED_EDGE('',*,*,#10335,.F.);
#10335 = EDGE_CURVE('',#10336,#10328,#10338,.T.);
#10336 = VERTEX_POINT('',#10337);
#10337 = CARTESIAN_POINT('',(-10.40203696878,-103.565915737,-2.09));
#10338 = B_SPLINE_CURVE_WITH_KNOTS('',1,(#10339,#10340),.UNSPECIFIED.,
  .F.,.F.,(2,2),(0.,78.328607913347),.PIECEWISE_BEZIER_KNOTS.);
#10339 = CARTESIAN_POINT('',(-10.40203696878,-103.565915737,-2.09));
#10340 = CARTESIAN_POINT('',(-10.40203696878,-8.005014082736,-2.09));
#10341 = ORIENTED_EDGE('',*,*,#10342,.T.);
#10342 = EDGE_CURVE('',#10336,#10343,#10345,.T.);
#10343 = VERTEX_POINT('',#10344);
#10344 = CARTESIAN_POINT('',(-3.089748344311,-110.8782043614,-2.09));
#10345 = ( BOUNDED_CURVE() B_SPLINE_CURVE(2,(#10346,#10347,#10348),
.UNSPECIFIED.,.F.,.F.) B_SPLINE_CURVE_WITH_KNOTS((3,3),(3.14159265359,
4.712388980385),.PIECEWISE_BEZIER_KNOTS.) CURVE() 
GEOMETRIC_REPRESENTATION_ITEM() RATIONAL_B_SPLINE_CURVE((1.,
0.707106781187,1.)) REPRESENTATION_ITEM('') );
#10346 = CARTESIAN_POINT('',(-10.40203696878,-103.565915737,-2.09));
#10347 = CARTESIAN_POINT('',(-10.40203696878,-110.8782043614,-2.09));
#10348 = CARTESIAN_POINT('',(-3.089748344311,-110.8782043614,-2.09));
#10349 = ORIENTED_EDGE('',*,*,#10350,.F.);
#10350 = EDGE_CURVE('',#10351,#10343,#10353,.T.);
#10351 = VERTEX_POINT('',#10352);
#10352 = CARTESIAN_POINT('',(93.24453769851,-110.8782043614,-2.09));
#10353 = B_SPLINE_CURVE_WITH_KNOTS('',1,(#10354,#10355),.UNSPECIFIED.,
  .F.,.F.,(2,2),(0.,78.962529543296),.PIECEWISE_BEZIER_KNOTS.);
#10354 = CARTESIAN_POINT('',(93.24453769851,-110.8782043614,-2.09));
#10355 = CARTESIAN_POINT('',(-3.089748344311,-110.8782043614,-2.09));
#10356 = ORIENTED_EDGE('',*,*,#10357,.T.);
#10357 = EDGE_CURVE('',#10351,#10358,#10360,.T.);
#10358 = VERTEX_POINT('',#10359);
#10359 = CARTESIAN_POINT('',(99.03440646,-105.0883356,-2.09));
#10360 = ( BOUNDED_CURVE() B_SPLINE_CURVE(2,(#10361,#10362,#10363),
.UNSPECIFIED.,.F.,.F.) B_SPLINE_CURVE_WITH_KNOTS((3,3),(4.712388980385,
6.28318530718),.PIECEWISE_BEZIER_KNOTS.) CURVE() 
GEOMETRIC_REPRESENTATION_ITEM() RATIONAL_B_SPLINE_CURVE((1.,
0.707106781187,1.)) REPRESENTATION_ITEM('') );
#10361 = CARTESIAN_POINT('',(93.24453769851,-110.8782043614,-2.09));
#10362 = CARTESIAN_POINT('',(99.03440646,-110.8782043614,-2.09));
#10363 = CARTESIAN_POINT('',(99.03440646,-105.0883356,-2.09));
#10364 = ORIENTED_EDGE('',*,*,#10365,.F.);
#10365 = EDGE_CURVE('',#10366,#10358,#10368,.T.);
#10366 = VERTEX_POINT('',#10367);
#10367 = CARTESIAN_POINT('',(99.03440646,-5.91907644,-2.09));
#10368 = B_SPLINE_CURVE_WITH_KNOTS('',1,(#10369,#10370),.UNSPECIFIED.,
  .F.,.F.,(2,2),(0.,81.286278),.PIECEWISE_BEZIER_KNOTS.);
#10369 = CARTESIAN_POINT('',(99.03440646,-5.91907644,-2.09));
#10370 = CARTESIAN_POINT('',(99.03440646,-105.0883356,-2.09));
#10371 = ORIENTED_EDGE('',*,*,#10372,.T.);
#10372 = EDGE_CURVE('',#10366,#10373,#10375,.T.);
#10373 = VERTEX_POINT('',#10374);
#10374 = CARTESIAN_POINT('',(94.498150350556,-1.382820330557,-2.09));
#10375 = ( BOUNDED_CURVE() B_SPLINE_CURVE(2,(#10376,#10377,#10378),
.UNSPECIFIED.,.F.,.F.) B_SPLINE_CURVE_WITH_KNOTS((3,3),(0.,
1.570796326795),.PIECEWISE_BEZIER_KNOTS.) CURVE() 
GEOMETRIC_REPRESENTATION_ITEM() RATIONAL_B_SPLINE_CURVE((1.,
0.707106781187,1.)) REPRESENTATION_ITEM('') );
#10376 = CARTESIAN_POINT('',(99.03440646,-5.91907644,-2.09));
#10377 = CARTESIAN_POINT('',(99.03440646,-1.382820330557,-2.09));
#10378 = CARTESIAN_POINT('',(94.498150350556,-1.382820330557,-2.09));
#10379 = ORIENTED_EDGE('',*,*,#10380,.F.);
#10380 = EDGE_CURVE('',#10319,#10373,#10381,.T.);
#10381 = B_SPLINE_CURVE_WITH_KNOTS('',1,(#10382,#10383),.UNSPECIFIED.,
  .F.,.F.,(2,2),(0.,77.563789091539),.PIECEWISE_BEZIER_KNOTS.);
#10382 = CARTESIAN_POINT('',(-0.129672341121,-1.382820330557,-2.09));
#10383 = CARTESIAN_POINT('',(94.498150350556,-1.382820330557,-2.09));
#10384 = FACE_BOUND('',#10385,.F.);
#10385 = EDGE_LOOP('',(#10386,#10387,#10388,#10389,#10390,#10391,#10392,
    #10393,#10394,#10395,#10396,#10397,#10398,#10399,#10400,#10401,
    #10402,#10403,#10404,#10405,#10406,#10407,#10408,#10409,#10410,
    #10411,#10412,#10413,#10414,#10415,#10416,#10417,#10418,#10419,
    #10420,#10421,#10422,#10423,#10424,#10425,#10426,#10427));
#10386 = ORIENTED_EDGE('',*,*,#6109,.T.);
#10387 = ORIENTED_EDGE('',*,*,#6156,.T.);
#10388 = ORIENTED_EDGE('',*,*,#6203,.T.);
#10389 = ORIENTED_EDGE('',*,*,#6249,.T.);
#10390 = ORIENTED_EDGE('',*,*,#6295,.T.);
#10391 = ORIENTED_EDGE('',*,*,#6341,.T.);
#10392 = ORIENTED_EDGE('',*,*,#6386,.F.);
#10393 = ORIENTED_EDGE('',*,*,#6433,.F.);
#10394 = ORIENTED_EDGE('',*,*,#6477,.F.);
#10395 = ORIENTED_EDGE('',*,*,#6524,.F.);
#10396 = ORIENTED_EDGE('',*,*,#6569,.F.);
#10397 = ORIENTED_EDGE('',*,*,#6615,.F.);
#10398 = ORIENTED_EDGE('',*,*,#6661,.F.);
#10399 = ORIENTED_EDGE('',*,*,#6707,.F.);
#10400 = ORIENTED_EDGE('',*,*,#6754,.F.);
#10401 = ORIENTED_EDGE('',*,*,#6800,.F.);
#10402 = ORIENTED_EDGE('',*,*,#6845,.F.);
#10403 = ORIENTED_EDGE('',*,*,#6891,.F.);
#10404 = ORIENTED_EDGE('',*,*,#6938,.F.);
#10405 = ORIENTED_EDGE('',*,*,#6983,.F.);
#10406 = ORIENTED_EDGE('',*,*,#6999,.F.);
#10407 = ORIENTED_EDGE('',*,*,#6953,.F.);
#10408 = ORIENTED_EDGE('',*,*,#6907,.F.);
#10409 = ORIENTED_EDGE('',*,*,#6861,.F.);
#10410 = ORIENTED_EDGE('',*,*,#6815,.F.);
#10411 = ORIENTED_EDGE('',*,*,#6769,.F.);
#10412 = ORIENTED_EDGE('',*,*,#6723,.F.);
#10413 = ORIENTED_EDGE('',*,*,#6677,.T.);
#10414 = ORIENTED_EDGE('',*,*,#6631,.T.);
#10415 = ORIENTED_EDGE('',*,*,#6585,.T.);
#10416 = ORIENTED_EDGE('',*,*,#6539,.T.);
#10417 = ORIENTED_EDGE('',*,*,#6493,.T.);
#10418 = ORIENTED_EDGE('',*,*,#6447,.T.);
#10419 = ORIENTED_EDGE('',*,*,#6400,.T.);
#10420 = ORIENTED_EDGE('',*,*,#6355,.T.);
#10421 = ORIENTED_EDGE('',*,*,#6308,.T.);
#10422 = ORIENTED_EDGE('',*,*,#6262,.T.);
#10423 = ORIENTED_EDGE('',*,*,#6216,.T.);
#10424 = ORIENTED_EDGE('',*,*,#6180,.T.);
#10425 = ORIENTED_EDGE('',*,*,#6125,.T.);
#10426 = ORIENTED_EDGE('',*,*,#6078,.T.);
#10427 = ORIENTED_EDGE('',*,*,#6065,.T.);
#10428 = FACE_BOUND('',#10429,.F.);
#10429 = EDGE_LOOP('',(#10430,#10439,#10446,#10453,#10460,#10467,#10474,
    #10481,#10488,#10495,#10502,#10509,#10516,#10523,#10530,#10537,
    #10544,#10551,#10558,#10565,#10572,#10579,#10586,#10593,#10600,
    #10607,#10614,#10621,#10628,#10635,#10642,#10649,#10656));
#10430 = ORIENTED_EDGE('',*,*,#10431,.T.);
#10431 = EDGE_CURVE('',#10432,#10434,#10436,.T.);
#10432 = VERTEX_POINT('',#10433);
#10433 = CARTESIAN_POINT('',(7.778045749664,-57.32965564727,-2.09));
#10434 = VERTEX_POINT('',#10435);
#10435 = CARTESIAN_POINT('',(7.740425014496,-56.89988632202,-2.09));
#10436 = B_SPLINE_CURVE_WITH_KNOTS('',1,(#10437,#10438),.UNSPECIFIED.,
  .F.,.F.,(2,2),(0.,1.),.PIECEWISE_BEZIER_KNOTS.);
#10437 = CARTESIAN_POINT('',(7.778045749664,-57.32965564727,-2.09));
#10438 = CARTESIAN_POINT('',(7.740425014496,-56.89988632202,-2.09));
#10439 = ORIENTED_EDGE('',*,*,#10440,.T.);
#10440 = EDGE_CURVE('',#10434,#10441,#10443,.T.);
#10441 = VERTEX_POINT('',#10442);
#10442 = CARTESIAN_POINT('',(7.740425014496,-24.30094547271,-2.09));
#10443 = B_SPLINE_CURVE_WITH_KNOTS('',1,(#10444,#10445),.UNSPECIFIED.,
  .F.,.F.,(2,2),(0.,1.),.PIECEWISE_BEZIER_KNOTS.);
#10444 = CARTESIAN_POINT('',(7.740425014496,-56.89988632202,-2.09));
#10445 = CARTESIAN_POINT('',(7.740425014496,-24.30094547271,-2.09));
#10446 = ORIENTED_EDGE('',*,*,#10447,.T.);
#10447 = EDGE_CURVE('',#10441,#10448,#10450,.T.);
#10448 = VERTEX_POINT('',#10449);
#10449 = CARTESIAN_POINT('',(7.807085323334,-23.73015556335,-2.09));
#10450 = B_SPLINE_CURVE_WITH_KNOTS('',1,(#10451,#10452),.UNSPECIFIED.,
  .F.,.F.,(2,2),(0.,1.),.PIECEWISE_BEZIER_KNOTS.);
#10451 = CARTESIAN_POINT('',(7.740425014496,-24.30094547271,-2.09));
#10452 = CARTESIAN_POINT('',(7.807085323334,-23.73015556335,-2.09));
#10453 = ORIENTED_EDGE('',*,*,#10454,.F.);
#10454 = EDGE_CURVE('',#10455,#10448,#10457,.T.);
#10455 = VERTEX_POINT('',#10456);
#10456 = CARTESIAN_POINT('',(8.003655815125,-23.19016551971,-2.09));
#10457 = B_SPLINE_CURVE_WITH_KNOTS('',1,(#10458,#10459),.UNSPECIFIED.,
  .F.,.F.,(2,2),(0.,1.),.PIECEWISE_BEZIER_KNOTS.);
#10458 = CARTESIAN_POINT('',(8.003655815125,-23.19016551971,-2.09));
#10459 = CARTESIAN_POINT('',(7.807085323334,-23.73015556335,-2.09));
#10460 = ORIENTED_EDGE('',*,*,#10461,.F.);
#10461 = EDGE_CURVE('',#10462,#10455,#10464,.T.);
#10462 = VERTEX_POINT('',#10463);
#10463 = CARTESIAN_POINT('',(8.319465637207,-22.7100159645,-2.09));
#10464 = B_SPLINE_CURVE_WITH_KNOTS('',1,(#10465,#10466),.UNSPECIFIED.,
  .F.,.F.,(2,2),(0.,1.),.PIECEWISE_BEZIER_KNOTS.);
#10465 = CARTESIAN_POINT('',(8.319465637207,-22.7100159645,-2.09));
#10466 = CARTESIAN_POINT('',(8.003655815125,-23.19016551971,-2.09));
#10467 = ORIENTED_EDGE('',*,*,#10468,.F.);
#10468 = EDGE_CURVE('',#10469,#10462,#10471,.T.);
#10469 = VERTEX_POINT('',#10470);
#10470 = CARTESIAN_POINT('',(8.737454223633,-22.31566648483,-2.09));
#10471 = B_SPLINE_CURVE_WITH_KNOTS('',1,(#10472,#10473),.UNSPECIFIED.,
  .F.,.F.,(2,2),(0.,1.),.PIECEWISE_BEZIER_KNOTS.);
#10472 = CARTESIAN_POINT('',(8.737454223633,-22.31566648483,-2.09));
#10473 = CARTESIAN_POINT('',(8.319465637207,-22.7100159645,-2.09));
#10474 = ORIENTED_EDGE('',*,*,#10475,.F.);
#10475 = EDGE_CURVE('',#10476,#10469,#10478,.T.);
#10476 = VERTEX_POINT('',#10477);
#10477 = CARTESIAN_POINT('',(9.235126972198,-22.02834653854,-2.09));
#10478 = B_SPLINE_CURVE_WITH_KNOTS('',1,(#10479,#10480),.UNSPECIFIED.,
  .F.,.F.,(2,2),(0.,1.),.PIECEWISE_BEZIER_KNOTS.);
#10479 = CARTESIAN_POINT('',(9.235126972198,-22.02834653854,-2.09));
#10480 = CARTESIAN_POINT('',(8.737454223633,-22.31566648483,-2.09));
#10481 = ORIENTED_EDGE('',*,*,#10482,.F.);
#10482 = EDGE_CURVE('',#10483,#10476,#10485,.T.);
#10483 = VERTEX_POINT('',#10484);
#10484 = CARTESIAN_POINT('',(9.78564414978,-21.86356515884,-2.09));
#10485 = B_SPLINE_CURVE_WITH_KNOTS('',1,(#10486,#10487),.UNSPECIFIED.,
  .F.,.F.,(2,2),(0.,1.),.PIECEWISE_BEZIER_KNOTS.);
#10486 = CARTESIAN_POINT('',(9.78564414978,-21.86356515884,-2.09));
#10487 = CARTESIAN_POINT('',(9.235126972198,-22.02834653854,-2.09));
#10488 = ORIENTED_EDGE('',*,*,#10489,.F.);
#10489 = EDGE_CURVE('',#10490,#10483,#10492,.T.);
#10490 = VERTEX_POINT('',#10491);
#10491 = CARTESIAN_POINT('',(10.359338855743,-21.83012590408,-2.09));
#10492 = B_SPLINE_CURVE_WITH_KNOTS('',1,(#10493,#10494),.UNSPECIFIED.,
  .F.,.F.,(2,2),(0.,1.),.PIECEWISE_BEZIER_KNOTS.);
#10493 = CARTESIAN_POINT('',(10.359338855743,-21.83012590408,-2.09));
#10494 = CARTESIAN_POINT('',(9.78564414978,-21.86356515884,-2.09));
#10495 = ORIENTED_EDGE('',*,*,#10496,.F.);
#10496 = EDGE_CURVE('',#10497,#10490,#10499,.T.);
#10497 = VERTEX_POINT('',#10498);
#10498 = CARTESIAN_POINT('',(10.925266456604,-21.92989606857,-2.09));
#10499 = B_SPLINE_CURVE_WITH_KNOTS('',1,(#10500,#10501),.UNSPECIFIED.,
  .F.,.F.,(2,2),(0.,1.),.PIECEWISE_BEZIER_KNOTS.);
#10500 = CARTESIAN_POINT('',(10.925266456604,-21.92989606857,-2.09));
#10501 = CARTESIAN_POINT('',(10.359338855743,-21.83012590408,-2.09));
#10502 = ORIENTED_EDGE('',*,*,#10503,.F.);
#10503 = EDGE_CURVE('',#10504,#10497,#10506,.T.);
#10504 = VERTEX_POINT('',#10505);
#10505 = CARTESIAN_POINT('',(11.452925539017,-22.15748567581,-2.09));
#10506 = B_SPLINE_CURVE_WITH_KNOTS('',1,(#10507,#10508),.UNSPECIFIED.,
  .F.,.F.,(2,2),(0.,1.),.PIECEWISE_BEZIER_KNOTS.);
#10507 = CARTESIAN_POINT('',(11.452925539017,-22.15748567581,-2.09));
#10508 = CARTESIAN_POINT('',(10.925266456604,-21.92989606857,-2.09));
#10509 = ORIENTED_EDGE('',*,*,#10510,.F.);
#10510 = EDGE_CURVE('',#10511,#10504,#10513,.T.);
#10511 = VERTEX_POINT('',#10512);
#10512 = CARTESIAN_POINT('',(39.684427070618,-38.45700016021,-2.09));
#10513 = B_SPLINE_CURVE_WITH_KNOTS('',1,(#10514,#10515),.UNSPECIFIED.,
  .F.,.F.,(2,2),(0.,1.),.PIECEWISE_BEZIER_KNOTS.);
#10514 = CARTESIAN_POINT('',(39.684427070618,-38.45700016021,-2.09));
#10515 = CARTESIAN_POINT('',(11.452925539017,-22.15748567581,-2.09));
#10516 = ORIENTED_EDGE('',*,*,#10517,.F.);
#10517 = EDGE_CURVE('',#10518,#10511,#10520,.T.);
#10518 = VERTEX_POINT('',#10519);
#10519 = CARTESIAN_POINT('',(40.145325660706,-38.800166893,-2.09));
#10520 = B_SPLINE_CURVE_WITH_KNOTS('',1,(#10521,#10522),.UNSPECIFIED.,
  .F.,.F.,(2,2),(0.,1.),.PIECEWISE_BEZIER_KNOTS.);
#10521 = CARTESIAN_POINT('',(40.145325660706,-38.800166893,-2.09));
#10522 = CARTESIAN_POINT('',(39.684427070618,-38.45700016021,-2.09));
#10523 = ORIENTED_EDGE('',*,*,#10524,.F.);
#10524 = EDGE_CURVE('',#10525,#10518,#10527,.T.);
#10525 = VERTEX_POINT('',#10526);
#10526 = CARTESIAN_POINT('',(40.514705848694,-39.24037575721,-2.09));
#10527 = B_SPLINE_CURVE_WITH_KNOTS('',1,(#10528,#10529),.UNSPECIFIED.,
  .F.,.F.,(2,2),(0.,1.),.PIECEWISE_BEZIER_KNOTS.);
#10528 = CARTESIAN_POINT('',(40.514705848694,-39.24037575721,-2.09));
#10529 = CARTESIAN_POINT('',(40.145325660706,-38.800166893,-2.09));
#10530 = ORIENTED_EDGE('',*,*,#10531,.F.);
#10531 = EDGE_CURVE('',#10532,#10525,#10534,.T.);
#10532 = VERTEX_POINT('',#10533);
#10533 = CARTESIAN_POINT('',(40.772656822205,-39.75391631126,-2.09));
#10534 = B_SPLINE_CURVE_WITH_KNOTS('',1,(#10535,#10536),.UNSPECIFIED.,
  .F.,.F.,(2,2),(0.,1.),.PIECEWISE_BEZIER_KNOTS.);
#10535 = CARTESIAN_POINT('',(40.772656822205,-39.75391631126,-2.09));
#10536 = CARTESIAN_POINT('',(40.514705848694,-39.24037575721,-2.09));
#10537 = ORIENTED_EDGE('',*,*,#10538,.F.);
#10538 = EDGE_CURVE('',#10539,#10532,#10541,.T.);
#10539 = VERTEX_POINT('',#10540);
#10540 = CARTESIAN_POINT('',(40.905207443237,-40.31308598518,-2.09));
#10541 = B_SPLINE_CURVE_WITH_KNOTS('',1,(#10542,#10543),.UNSPECIFIED.,
  .F.,.F.,(2,2),(0.,1.),.PIECEWISE_BEZIER_KNOTS.);
#10542 = CARTESIAN_POINT('',(40.905207443237,-40.31308598518,-2.09));
#10543 = CARTESIAN_POINT('',(40.772656822205,-39.75391631126,-2.09));
#10544 = ORIENTED_EDGE('',*,*,#10545,.F.);
#10545 = EDGE_CURVE('',#10546,#10539,#10548,.T.);
#10546 = VERTEX_POINT('',#10547);
#10547 = CARTESIAN_POINT('',(40.905207443237,-40.88774580955,-2.09));
#10548 = B_SPLINE_CURVE_WITH_KNOTS('',1,(#10549,#10550),.UNSPECIFIED.,
  .F.,.F.,(2,2),(0.,1.),.PIECEWISE_BEZIER_KNOTS.);
#10549 = CARTESIAN_POINT('',(40.905207443237,-40.88774580955,-2.09));
#10550 = CARTESIAN_POINT('',(40.905207443237,-40.31308598518,-2.09));
#10551 = ORIENTED_EDGE('',*,*,#10552,.F.);
#10552 = EDGE_CURVE('',#10553,#10546,#10555,.T.);
#10553 = VERTEX_POINT('',#10554);
#10554 = CARTESIAN_POINT('',(40.772656822205,-41.44691548347,-2.09));
#10555 = B_SPLINE_CURVE_WITH_KNOTS('',1,(#10556,#10557),.UNSPECIFIED.,
  .F.,.F.,(2,2),(0.,1.),.PIECEWISE_BEZIER_KNOTS.);
#10556 = CARTESIAN_POINT('',(40.772656822205,-41.44691548347,-2.09));
#10557 = CARTESIAN_POINT('',(40.905207443237,-40.88774580955,-2.09));
#10558 = ORIENTED_EDGE('',*,*,#10559,.F.);
#10559 = EDGE_CURVE('',#10560,#10553,#10562,.T.);
#10560 = VERTEX_POINT('',#10561);
#10561 = CARTESIAN_POINT('',(40.514705848694,-41.96045603752,-2.09));
#10562 = B_SPLINE_CURVE_WITH_KNOTS('',1,(#10563,#10564),.UNSPECIFIED.,
  .F.,.F.,(2,2),(0.,1.),.PIECEWISE_BEZIER_KNOTS.);
#10563 = CARTESIAN_POINT('',(40.514705848694,-41.96045603752,-2.09));
#10564 = CARTESIAN_POINT('',(40.772656822205,-41.44691548347,-2.09));
#10565 = ORIENTED_EDGE('',*,*,#10566,.T.);
#10566 = EDGE_CURVE('',#10560,#10567,#10569,.T.);
#10567 = VERTEX_POINT('',#10568);
#10568 = CARTESIAN_POINT('',(40.145325660706,-42.40066490173,-2.09));
#10569 = B_SPLINE_CURVE_WITH_KNOTS('',1,(#10570,#10571),.UNSPECIFIED.,
  .F.,.F.,(2,2),(0.,1.),.PIECEWISE_BEZIER_KNOTS.);
#10570 = CARTESIAN_POINT('',(40.514705848694,-41.96045603752,-2.09));
#10571 = CARTESIAN_POINT('',(40.145325660706,-42.40066490173,-2.09));
#10572 = ORIENTED_EDGE('',*,*,#10573,.T.);
#10573 = EDGE_CURVE('',#10567,#10574,#10576,.T.);
#10574 = VERTEX_POINT('',#10575);
#10575 = CARTESIAN_POINT('',(39.684427070618,-42.74383163452,-2.09));
#10576 = B_SPLINE_CURVE_WITH_KNOTS('',1,(#10577,#10578),.UNSPECIFIED.,
  .F.,.F.,(2,2),(0.,1.),.PIECEWISE_BEZIER_KNOTS.);
#10577 = CARTESIAN_POINT('',(40.145325660706,-42.40066490173,-2.09));
#10578 = CARTESIAN_POINT('',(39.684427070618,-42.74383163452,-2.09));
#10579 = ORIENTED_EDGE('',*,*,#10580,.T.);
#10580 = EDGE_CURVE('',#10574,#10581,#10583,.T.);
#10581 = VERTEX_POINT('',#10582);
#10582 = CARTESIAN_POINT('',(11.452925539017,-59.04334716796,-2.09));
#10583 = B_SPLINE_CURVE_WITH_KNOTS('',1,(#10584,#10585),.UNSPECIFIED.,
  .F.,.F.,(2,2),(0.,1.),.PIECEWISE_BEZIER_KNOTS.);
#10584 = CARTESIAN_POINT('',(39.684427070618,-42.74383163452,-2.09));
#10585 = CARTESIAN_POINT('',(11.452925539017,-59.04334716796,-2.09));
#10586 = ORIENTED_EDGE('',*,*,#10587,.T.);
#10587 = EDGE_CURVE('',#10581,#10588,#10590,.T.);
#10588 = VERTEX_POINT('',#10589);
#10589 = CARTESIAN_POINT('',(11.061930370331,-59.2256160736,-2.09));
#10590 = B_SPLINE_CURVE_WITH_KNOTS('',1,(#10591,#10592),.UNSPECIFIED.,
  .F.,.F.,(2,2),(0.,1.),.PIECEWISE_BEZIER_KNOTS.);
#10591 = CARTESIAN_POINT('',(11.452925539017,-59.04334716796,-2.09));
#10592 = CARTESIAN_POINT('',(11.061930370331,-59.2256160736,-2.09));
#10593 = ORIENTED_EDGE('',*,*,#10594,.T.);
#10594 = EDGE_CURVE('',#10588,#10595,#10597,.T.);
#10595 = VERTEX_POINT('',#10596);
#10596 = CARTESIAN_POINT('',(10.645205879211,-59.33726768493,-2.09));
#10597 = B_SPLINE_CURVE_WITH_KNOTS('',1,(#10598,#10599),.UNSPECIFIED.,
  .F.,.F.,(2,2),(0.,1.),.PIECEWISE_BEZIER_KNOTS.);
#10598 = CARTESIAN_POINT('',(11.061930370331,-59.2256160736,-2.09));
#10599 = CARTESIAN_POINT('',(10.645205879211,-59.33726768493,-2.09));
#10600 = ORIENTED_EDGE('',*,*,#10601,.T.);
#10601 = EDGE_CURVE('',#10595,#10602,#10604,.T.);
#10602 = VERTEX_POINT('',#10603);
#10603 = CARTESIAN_POINT('',(10.215425014496,-59.37488632202,-2.09));
#10604 = B_SPLINE_CURVE_WITH_KNOTS('',1,(#10605,#10606),.UNSPECIFIED.,
  .F.,.F.,(2,2),(0.,1.),.PIECEWISE_BEZIER_KNOTS.);
#10605 = CARTESIAN_POINT('',(10.645205879211,-59.33726768493,-2.09));
#10606 = CARTESIAN_POINT('',(10.215425014496,-59.37488632202,-2.09));
#10607 = ORIENTED_EDGE('',*,*,#10608,.T.);
#10608 = EDGE_CURVE('',#10602,#10609,#10611,.T.);
#10609 = VERTEX_POINT('',#10610);
#10610 = CARTESIAN_POINT('',(9.78564414978,-59.33726768493,-2.09));
#10611 = B_SPLINE_CURVE_WITH_KNOTS('',1,(#10612,#10613),.UNSPECIFIED.,
  .F.,.F.,(2,2),(0.,1.),.PIECEWISE_BEZIER_KNOTS.);
#10612 = CARTESIAN_POINT('',(10.215425014496,-59.37488632202,-2.09));
#10613 = CARTESIAN_POINT('',(9.78564414978,-59.33726768493,-2.09));
#10614 = ORIENTED_EDGE('',*,*,#10615,.T.);
#10615 = EDGE_CURVE('',#10609,#10616,#10618,.T.);
#10616 = VERTEX_POINT('',#10617);
#10617 = CARTESIAN_POINT('',(9.36893119812,-59.2256160736,-2.09));
#10618 = B_SPLINE_CURVE_WITH_KNOTS('',1,(#10619,#10620),.UNSPECIFIED.,
  .F.,.F.,(2,2),(0.,1.),.PIECEWISE_BEZIER_KNOTS.);
#10619 = CARTESIAN_POINT('',(9.78564414978,-59.33726768493,-2.09));
#10620 = CARTESIAN_POINT('',(9.36893119812,-59.2256160736,-2.09));
#10621 = ORIENTED_EDGE('',*,*,#10622,.T.);
#10622 = EDGE_CURVE('',#10616,#10623,#10625,.T.);
#10623 = VERTEX_POINT('',#10624);
#10624 = CARTESIAN_POINT('',(8.977925014496,-59.04334716796,-2.09));
#10625 = B_SPLINE_CURVE_WITH_KNOTS('',1,(#10626,#10627),.UNSPECIFIED.,
  .F.,.F.,(2,2),(0.,1.),.PIECEWISE_BEZIER_KNOTS.);
#10626 = CARTESIAN_POINT('',(9.36893119812,-59.2256160736,-2.09));
#10627 = CARTESIAN_POINT('',(8.977925014496,-59.04334716796,-2.09));
#10628 = ORIENTED_EDGE('',*,*,#10629,.T.);
#10629 = EDGE_CURVE('',#10623,#10630,#10632,.T.);
#10630 = VERTEX_POINT('',#10631);
#10631 = CARTESIAN_POINT('',(8.624495506287,-58.79584674835,-2.09));
#10632 = B_SPLINE_CURVE_WITH_KNOTS('',1,(#10633,#10634),.UNSPECIFIED.,
  .F.,.F.,(2,2),(0.,1.),.PIECEWISE_BEZIER_KNOTS.);
#10633 = CARTESIAN_POINT('',(8.977925014496,-59.04334716796,-2.09));
#10634 = CARTESIAN_POINT('',(8.624495506287,-58.79584674835,-2.09));
#10635 = ORIENTED_EDGE('',*,*,#10636,.T.);
#10636 = EDGE_CURVE('',#10630,#10637,#10639,.T.);
#10637 = VERTEX_POINT('',#10638);
#10638 = CARTESIAN_POINT('',(8.319465637207,-58.49081687927,-2.09));
#10639 = B_SPLINE_CURVE_WITH_KNOTS('',1,(#10640,#10641),.UNSPECIFIED.,
  .F.,.F.,(2,2),(0.,1.),.PIECEWISE_BEZIER_KNOTS.);
#10640 = CARTESIAN_POINT('',(8.624495506287,-58.79584674835,-2.09));
#10641 = CARTESIAN_POINT('',(8.319465637207,-58.49081687927,-2.09));
#10642 = ORIENTED_EDGE('',*,*,#10643,.T.);
#10643 = EDGE_CURVE('',#10637,#10644,#10646,.T.);
#10644 = VERTEX_POINT('',#10645);
#10645 = CARTESIAN_POINT('',(8.07196521759,-58.13738632202,-2.09));
#10646 = B_SPLINE_CURVE_WITH_KNOTS('',1,(#10647,#10648),.UNSPECIFIED.,
  .F.,.F.,(2,2),(0.,1.),.PIECEWISE_BEZIER_KNOTS.);
#10647 = CARTESIAN_POINT('',(8.319465637207,-58.49081687927,-2.09));
#10648 = CARTESIAN_POINT('',(8.07196521759,-58.13738632202,-2.09));
#10649 = ORIENTED_EDGE('',*,*,#10650,.T.);
#10650 = EDGE_CURVE('',#10644,#10651,#10653,.T.);
#10651 = VERTEX_POINT('',#10652);
#10652 = CARTESIAN_POINT('',(7.889695262909,-57.74633712768,-2.09));
#10653 = B_SPLINE_CURVE_WITH_KNOTS('',1,(#10654,#10655),.UNSPECIFIED.,
  .F.,.F.,(2,2),(0.,1.),.PIECEWISE_BEZIER_KNOTS.);
#10654 = CARTESIAN_POINT('',(8.07196521759,-58.13738632202,-2.09));
#10655 = CARTESIAN_POINT('',(7.889695262909,-57.74633712768,-2.09));
#10656 = ORIENTED_EDGE('',*,*,#10657,.T.);
#10657 = EDGE_CURVE('',#10651,#10432,#10658,.T.);
#10658 = B_SPLINE_CURVE_WITH_KNOTS('',1,(#10659,#10660),.UNSPECIFIED.,
  .F.,.F.,(2,2),(0.,1.),.PIECEWISE_BEZIER_KNOTS.);
#10659 = CARTESIAN_POINT('',(7.889695262909,-57.74633712768,-2.09));
#10660 = CARTESIAN_POINT('',(7.778045749664,-57.32965564727,-2.09));
#10661 = FACE_BOUND('',#10662,.F.);
#10662 = EDGE_LOOP('',(#10663,#10664,#10665,#10666,#10667,#10668,#10669,
    #10670,#10671,#10672,#10673,#10674,#10675,#10676,#10677,#10678,
    #10679,#10680,#10681,#10682,#10683,#10684,#10685,#10686,#10687,
    #10688,#10689,#10690,#10691,#10692,#10693,#10694,#10695,#10696,
    #10697,#10698,#10699,#10700,#10701,#10702,#10703,#10704,#10705,
    #10706,#10707,#10708,#10709,#10710,#10711,#10712,#10713,#10714,
    #10715,#10716,#10717,#10718,#10719,#10720));
#10663 = ORIENTED_EDGE('',*,*,#7117,.T.);
#10664 = ORIENTED_EDGE('',*,*,#7164,.T.);
#10665 = ORIENTED_EDGE('',*,*,#7211,.T.);
#10666 = ORIENTED_EDGE('',*,*,#7257,.T.);
#10667 = ORIENTED_EDGE('',*,*,#7303,.T.);
#10668 = ORIENTED_EDGE('',*,*,#7349,.T.);
#10669 = ORIENTED_EDGE('',*,*,#7395,.T.);
#10670 = ORIENTED_EDGE('',*,*,#7441,.T.);
#10671 = ORIENTED_EDGE('',*,*,#7487,.T.);
#10672 = ORIENTED_EDGE('',*,*,#7533,.F.);
#10673 = ORIENTED_EDGE('',*,*,#7577,.F.);
#10674 = ORIENTED_EDGE('',*,*,#7623,.F.);
#10675 = ORIENTED_EDGE('',*,*,#7661,.T.);
#10676 = ORIENTED_EDGE('',*,*,#7715,.T.);
#10677 = ORIENTED_EDGE('',*,*,#7763,.T.);
#10678 = ORIENTED_EDGE('',*,*,#7807,.T.);
#10679 = ORIENTED_EDGE('',*,*,#7845,.T.);
#10680 = ORIENTED_EDGE('',*,*,#7891,.T.);
#10681 = ORIENTED_EDGE('',*,*,#7937,.T.);
#10682 = ORIENTED_EDGE('',*,*,#7991,.T.);
#10683 = ORIENTED_EDGE('',*,*,#8029,.T.);
#10684 = ORIENTED_EDGE('',*,*,#8075,.T.);
#10685 = ORIENTED_EDGE('',*,*,#8129,.T.);
#10686 = ORIENTED_EDGE('',*,*,#8167,.T.);
#10687 = ORIENTED_EDGE('',*,*,#8213,.T.);
#10688 = ORIENTED_EDGE('',*,*,#8259,.T.);
#10689 = ORIENTED_EDGE('',*,*,#8313,.T.);
#10690 = ORIENTED_EDGE('',*,*,#8351,.T.);
#10691 = ORIENTED_EDGE('',*,*,#8375,.T.);
#10692 = ORIENTED_EDGE('',*,*,#8328,.T.);
#10693 = ORIENTED_EDGE('',*,*,#8284,.F.);
#10694 = ORIENTED_EDGE('',*,*,#8246,.F.);
#10695 = ORIENTED_EDGE('',*,*,#8191,.F.);
#10696 = ORIENTED_EDGE('',*,*,#8145,.F.);
#10697 = ORIENTED_EDGE('',*,*,#8099,.F.);
#10698 = ORIENTED_EDGE('',*,*,#8053,.F.);
#10699 = ORIENTED_EDGE('',*,*,#8007,.F.);
#10700 = ORIENTED_EDGE('',*,*,#7961,.F.);
#10701 = ORIENTED_EDGE('',*,*,#7915,.F.);
#10702 = ORIENTED_EDGE('',*,*,#7869,.F.);
#10703 = ORIENTED_EDGE('',*,*,#7823,.F.);
#10704 = ORIENTED_EDGE('',*,*,#7777,.F.);
#10705 = ORIENTED_EDGE('',*,*,#7731,.F.);
#10706 = ORIENTED_EDGE('',*,*,#7685,.F.);
#10707 = ORIENTED_EDGE('',*,*,#7639,.F.);
#10708 = ORIENTED_EDGE('',*,*,#7593,.F.);
#10709 = ORIENTED_EDGE('',*,*,#7547,.F.);
#10710 = ORIENTED_EDGE('',*,*,#7501,.F.);
#10711 = ORIENTED_EDGE('',*,*,#7456,.F.);
#10712 = ORIENTED_EDGE('',*,*,#7410,.F.);
#10713 = ORIENTED_EDGE('',*,*,#7372,.T.);
#10714 = ORIENTED_EDGE('',*,*,#7326,.T.);
#10715 = ORIENTED_EDGE('',*,*,#7280,.T.);
#10716 = ORIENTED_EDGE('',*,*,#7234,.T.);
#10717 = ORIENTED_EDGE('',*,*,#7188,.T.);
#10718 = ORIENTED_EDGE('',*,*,#7142,.T.);
#10719 = ORIENTED_EDGE('',*,*,#7096,.T.);
#10720 = ORIENTED_EDGE('',*,*,#7064,.T.);
#10721 = B_SPLINE_SURFACE_WITH_KNOTS('',1,1,(
    (#10722,#10723)
    ,(#10724,#10725
    )),.UNSPECIFIED.,.F.,.F.,.F.,(2,2),(2,2),(-45.03425193312,
    44.667750877348),(-44.96242627132,44.787888508126),
  .PIECEWISE_BEZIER_KNOTS.);
#10722 = CARTESIAN_POINT('',(-10.40203696878,-110.8782043614,-2.09));
#10723 = CARTESIAN_POINT('',(-10.40203696878,-1.382820330557,-2.09));
#10724 = CARTESIAN_POINT('',(99.03440646,-110.8782043614,-2.09));
#10725 = CARTESIAN_POINT('',(99.03440646,-1.382820330557,-2.09));
#10726 = ADVANCED_FACE('',(#10727,#10993),#11028,.F.);
#10727 = FACE_BOUND('',#10728,.F.);
#10728 = EDGE_LOOP('',(#10729,#10739,#10747,#10755,#10763,#10771,#10779,
    #10787,#10795,#10803,#10811,#10819,#10827,#10835,#10843,#10851,
    #10859,#10867,#10875,#10883,#10891,#10899,#10907,#10915,#10923,
    #10931,#10939,#10947,#10955,#10963,#10971,#10979,#10987));
#10729 = ORIENTED_EDGE('',*,*,#10730,.F.);
#10730 = EDGE_CURVE('',#10731,#10733,#10735,.T.);
#10731 = VERTEX_POINT('',#10732);
#10732 = CARTESIAN_POINT('',(7.778045749664,-57.32965564727,0.89));
#10733 = VERTEX_POINT('',#10734);
#10734 = CARTESIAN_POINT('',(7.740425014496,-56.89988632202,0.89));
#10735 = LINE('',#10736,#10737);
#10736 = CARTESIAN_POINT('',(7.886122609387,-58.56429709888,0.89));
#10737 = VECTOR('',#10738,1.);
#10738 = DIRECTION('',(-8.720357002939E-02,0.99619051259,0.));
#10739 = ORIENTED_EDGE('',*,*,#10740,.F.);
#10740 = EDGE_CURVE('',#10741,#10731,#10743,.T.);
#10741 = VERTEX_POINT('',#10742);
#10742 = CARTESIAN_POINT('',(7.889695262909,-57.74633712768,0.89));
#10743 = LINE('',#10744,#10745);
#10744 = CARTESIAN_POINT('',(8.966062363914,-61.76339214275,0.89));
#10745 = VECTOR('',#10746,1.);
#10746 = DIRECTION('',(-0.258819146905,0.965925799011,0.));
#10747 = ORIENTED_EDGE('',*,*,#10748,.F.);
#10748 = EDGE_CURVE('',#10749,#10741,#10751,.T.);
#10749 = VERTEX_POINT('',#10750);
#10750 = CARTESIAN_POINT('',(8.07196521759,-58.13738632202,0.89));
#10751 = LINE('',#10752,#10753);
#10752 = CARTESIAN_POINT('',(11.00527644405,-64.43062863861,0.89));
#10753 = VECTOR('',#10754,1.);
#10754 = DIRECTION('',(-0.422467321021,0.906378156549,0.));
#10755 = ORIENTED_EDGE('',*,*,#10756,.F.);
#10756 = EDGE_CURVE('',#10757,#10749,#10759,.T.);
#10757 = VERTEX_POINT('',#10758);
#10758 = CARTESIAN_POINT('',(8.319465637207,-58.49081687927,0.89));
#10759 = LINE('',#10760,#10761);
#10760 = CARTESIAN_POINT('',(13.778280214701,-66.28600317043,0.89));
#10761 = VECTOR('',#10762,1.);
#10762 = DIRECTION('',(-0.573616370887,0.819124080375,0.));
#10763 = ORIENTED_EDGE('',*,*,#10764,.F.);
#10764 = EDGE_CURVE('',#10765,#10757,#10767,.T.);
#10765 = VERTEX_POINT('',#10766);
#10766 = CARTESIAN_POINT('',(8.624495506287,-58.79584674835,0.89));
#10767 = LINE('',#10768,#10769);
#10768 = CARTESIAN_POINT('',(16.961166227594,-67.13251746965,0.89));
#10769 = VECTOR('',#10770,1.);
#10770 = DIRECTION('',(-0.707106781187,0.707106781187,0.));
#10771 = ORIENTED_EDGE('',*,*,#10772,.F.);
#10772 = EDGE_CURVE('',#10773,#10765,#10775,.T.);
#10773 = VERTEX_POINT('',#10774);
#10774 = CARTESIAN_POINT('',(8.977925014496,-59.04334716796,0.89));
#10775 = LINE('',#10776,#10777);
#10776 = CARTESIAN_POINT('',(20.198673662552,-66.90103854433,0.89));
#10777 = VECTOR('',#10778,1.);
#10778 = DIRECTION('',(-0.819123280388,0.573617513266,0.));
#10779 = ORIENTED_EDGE('',*,*,#10780,.F.);
#10780 = EDGE_CURVE('',#10781,#10773,#10783,.T.);
#10781 = VERTEX_POINT('',#10782);
#10782 = CARTESIAN_POINT('',(9.36893119812,-59.2256160736,0.89));
#10783 = LINE('',#10784,#10785);
#10784 = CARTESIAN_POINT('',(23.133475707432,-65.64200683522,0.89));
#10785 = VECTOR('',#10786,1.);
#10786 = DIRECTION('',(-0.906361292676,0.422503499558,0.));
#10787 = ORIENTED_EDGE('',*,*,#10788,.F.);
#10788 = EDGE_CURVE('',#10789,#10781,#10791,.T.);
#10789 = VERTEX_POINT('',#10790);
#10790 = CARTESIAN_POINT('',(9.78564414978,-59.33726768493,0.89));
#10791 = LINE('',#10792,#10793);
#10792 = CARTESIAN_POINT('',(25.437672540622,-63.53097988761,0.89));
#10793 = VECTOR('',#10794,1.);
#10794 = DIRECTION('',(-0.965929469783,0.258805447013,0.));
#10795 = ORIENTED_EDGE('',*,*,#10796,.F.);
#10796 = EDGE_CURVE('',#10797,#10789,#10799,.T.);
#10797 = VERTEX_POINT('',#10798);
#10798 = CARTESIAN_POINT('',(10.215425014496,-59.37488632202,0.89));
#10799 = LINE('',#10800,#10801);
#10800 = CARTESIAN_POINT('',(26.87523635296,-60.83311642973,0.89));
#10801 = VECTOR('',#10802,1.);
#10802 = DIRECTION('',(-0.996191138433,8.71964202705E-02,0.));
#10803 = ORIENTED_EDGE('',*,*,#10804,.F.);
#10804 = EDGE_CURVE('',#10805,#10797,#10807,.T.);
#10805 = VERTEX_POINT('',#10806);
#10806 = CARTESIAN_POINT('',(10.645205879211,-59.33726768493,0.89));
#10807 = LINE('',#10808,#10809);
#10808 = CARTESIAN_POINT('',(27.310002318852,-57.87860123227,0.89));
#10809 = VECTOR('',#10810,1.);
#10810 = DIRECTION('',(-0.996191138433,-8.71964202705E-02,0.));
#10811 = ORIENTED_EDGE('',*,*,#10812,.F.);
#10812 = EDGE_CURVE('',#10813,#10805,#10815,.T.);
#10813 = VERTEX_POINT('',#10814);
#10814 = CARTESIAN_POINT('',(11.061930370331,-59.2256160736,0.89));
#10815 = LINE('',#10816,#10817);
#10816 = CARTESIAN_POINT('',(26.728028459895,-55.02825035069,0.89));
#10817 = VECTOR('',#10818,1.);
#10818 = DIRECTION('',(-0.965931261313,-0.258798760467,0.));
#10819 = ORIENTED_EDGE('',*,*,#10820,.F.);
#10820 = EDGE_CURVE('',#10821,#10813,#10823,.T.);
#10821 = VERTEX_POINT('',#10822);
#10822 = CARTESIAN_POINT('',(11.452925539017,-59.04334716796,0.89));
#10823 = LINE('',#10824,#10825);
#10824 = CARTESIAN_POINT('',(25.238613315566,-52.61691936077,0.89));
#10825 = VECTOR('',#10826,1.);
#10826 = DIRECTION('',(-0.906356734664,-0.422513277342,0.));
#10827 = ORIENTED_EDGE('',*,*,#10828,.F.);
#10828 = EDGE_CURVE('',#10829,#10821,#10831,.T.);
#10829 = VERTEX_POINT('',#10830);
#10830 = CARTESIAN_POINT('',(39.684427070618,-42.74383163452,0.89));
#10831 = LINE('',#10832,#10833);
#10832 = CARTESIAN_POINT('',(31.277845756201,-47.59738866421,0.89));
#10833 = VECTOR('',#10834,1.);
#10834 = DIRECTION('',(-0.866024732665,-0.500001162411,0.));
#10835 = ORIENTED_EDGE('',*,*,#10836,.F.);
#10836 = EDGE_CURVE('',#10837,#10829,#10839,.T.);
#10837 = VERTEX_POINT('',#10838);
#10838 = CARTESIAN_POINT('',(40.145325660706,-42.40066490173,0.89));
#10839 = LINE('',#10840,#10841);
#10840 = CARTESIAN_POINT('',(37.884355970305,-44.08409287976,0.89));
#10841 = VECTOR('',#10842,1.);
#10842 = DIRECTION('',(-0.802089476739,-0.597203877503,0.));
#10843 = ORIENTED_EDGE('',*,*,#10844,.F.);
#10844 = EDGE_CURVE('',#10845,#10837,#10847,.T.);
#10845 = VERTEX_POINT('',#10846);
#10846 = CARTESIAN_POINT('',(40.514705848694,-41.96045603752,0.89));
#10847 = LINE('',#10848,#10849);
#10848 = CARTESIAN_POINT('',(37.525303505892,-45.52307648331,0.89));
#10849 = VECTOR('',#10850,1.);
#10850 = DIRECTION('',(-0.64278872521,-0.766043507082,0.));
#10851 = ORIENTED_EDGE('',*,*,#10852,.F.);
#10852 = EDGE_CURVE('',#10853,#10845,#10855,.T.);
#10853 = VERTEX_POINT('',#10854);
#10854 = CARTESIAN_POINT('',(40.772656822205,-41.44691548347,0.89));
#10855 = LINE('',#10856,#10857);
#10856 = CARTESIAN_POINT('',(37.968478529386,-47.02960142778,0.89));
#10857 = VECTOR('',#10858,1.);
#10858 = DIRECTION('',(-0.448856449596,-0.893603876254,0.));
#10859 = ORIENTED_EDGE('',*,*,#10860,.F.);
#10860 = EDGE_CURVE('',#10861,#10853,#10863,.T.);
#10861 = VERTEX_POINT('',#10862);
#10862 = CARTESIAN_POINT('',(40.905207443237,-40.88774580955,0.89));
#10863 = LINE('',#10864,#10865);
#10864 = CARTESIAN_POINT('',(39.169922944735,-48.20810734106,0.89));
#10865 = VECTOR('',#10866,1.);
#10866 = DIRECTION('',(-0.230657017288,-0.97303511775,0.));
#10867 = ORIENTED_EDGE('',*,*,#10868,.F.);
#10868 = EDGE_CURVE('',#10869,#10861,#10871,.T.);
#10869 = VERTEX_POINT('',#10870);
#10870 = CARTESIAN_POINT('',(40.905207443237,-40.31308598518,0.89));
#10871 = LINE('',#10872,#10873);
#10872 = CARTESIAN_POINT('',(40.905207443237,-48.72202454874,0.89));
#10873 = VECTOR('',#10874,1.);
#10874 = DIRECTION('',(0.,-1.,0.));
#10875 = ORIENTED_EDGE('',*,*,#10876,.F.);
#10876 = EDGE_CURVE('',#10877,#10869,#10879,.T.);
#10877 = VERTEX_POINT('',#10878);
#10878 = CARTESIAN_POINT('',(40.772656822205,-39.75391631126,0.89));
#10879 = LINE('',#10880,#10881);
#10880 = CARTESIAN_POINT('',(42.81550804608,-48.37175939506,0.89));
#10881 = VECTOR('',#10882,1.);
#10882 = DIRECTION('',(0.230657017288,-0.97303511775,0.));
#10883 = ORIENTED_EDGE('',*,*,#10884,.F.);
#10884 = EDGE_CURVE('',#10885,#10877,#10887,.T.);
#10885 = VERTEX_POINT('',#10886);
#10886 = CARTESIAN_POINT('',(40.514705848694,-39.24037575721,0.89));
#10887 = LINE('',#10888,#10889);
#10888 = CARTESIAN_POINT('',(44.483630768104,-47.14189236846,0.89));
#10889 = VECTOR('',#10890,1.);
#10890 = DIRECTION('',(0.448856449596,-0.893603876254,0.));
#10891 = ORIENTED_EDGE('',*,*,#10892,.F.);
#10892 = EDGE_CURVE('',#10893,#10885,#10895,.T.);
#10893 = VERTEX_POINT('',#10894);
#10894 = CARTESIAN_POINT('',(40.145325660706,-38.800166893,0.89));
#10895 = LINE('',#10896,#10897);
#10896 = CARTESIAN_POINT('',(45.523530780071,-45.20964321058,0.89));
#10897 = VECTOR('',#10898,1.);
#10898 = DIRECTION('',(0.64278872521,-0.766043507082,0.));
#10899 = ORIENTED_EDGE('',*,*,#10900,.F.);
#10900 = EDGE_CURVE('',#10901,#10893,#10903,.T.);
#10901 = VERTEX_POINT('',#10902);
#10902 = CARTESIAN_POINT('',(39.684427070618,-38.45700016021,0.89));
#10903 = LINE('',#10904,#10905);
#10904 = CARTESIAN_POINT('',(45.665034850295,-42.90992250794,0.89));
#10905 = VECTOR('',#10906,1.);
#10906 = DIRECTION('',(0.802089476739,-0.597203877503,0.));
#10907 = ORIENTED_EDGE('',*,*,#10908,.F.);
#10908 = EDGE_CURVE('',#10909,#10901,#10911,.T.);
#10909 = VERTEX_POINT('',#10910);
#10910 = CARTESIAN_POINT('',(11.452925539017,-22.15748567581,0.89));
#10911 = LINE('',#10912,#10913);
#10912 = CARTESIAN_POINT('',(38.311375995726,-37.66426634625,0.89));
#10913 = VECTOR('',#10914,1.);
#10914 = DIRECTION('',(0.866024746599,-0.500001138276,0.));
#10915 = ORIENTED_EDGE('',*,*,#10916,.F.);
#10916 = EDGE_CURVE('',#10917,#10909,#10919,.T.);
#10917 = VERTEX_POINT('',#10918);
#10918 = CARTESIAN_POINT('',(10.925266456604,-21.92989606857,0.89));
#10919 = LINE('',#10920,#10921);
#10920 = CARTESIAN_POINT('',(31.445310329936,-30.78058940696,0.89));
#10921 = VECTOR('',#10922,1.);
#10922 = DIRECTION('',(0.918228956039,-0.396049977013,0.));
#10923 = ORIENTED_EDGE('',*,*,#10924,.F.);
#10924 = EDGE_CURVE('',#10925,#10917,#10927,.T.);
#10925 = VERTEX_POINT('',#10926);
#10926 = CARTESIAN_POINT('',(10.359338855743,-21.83012590408,0.89));
#10927 = LINE('',#10928,#10929);
#10928 = CARTESIAN_POINT('',(29.918223128768,-25.27825795876,0.89));
#10929 = VECTOR('',#10930,1.);
#10930 = DIRECTION('',(0.984813150972,-0.17361756153,0.));
#10931 = ORIENTED_EDGE('',*,*,#10932,.F.);
#10932 = EDGE_CURVE('',#10933,#10925,#10935,.T.);
#10933 = VERTEX_POINT('',#10934);
#10934 = CARTESIAN_POINT('',(9.78564414978,-21.86356515884,0.89));
#10935 = LINE('',#10936,#10937);
#10936 = CARTESIAN_POINT('',(26.076146853976,-20.9140317843,0.89));
#10937 = VECTOR('',#10938,1.);
#10938 = DIRECTION('',(0.998305597424,5.818878029437E-02,0.));
#10939 = ORIENTED_EDGE('',*,*,#10940,.F.);
#10940 = EDGE_CURVE('',#10941,#10933,#10943,.T.);
#10941 = VERTEX_POINT('',#10942);
#10942 = CARTESIAN_POINT('',(9.235126972198,-22.02834653854,0.89));
#10943 = LINE('',#10944,#10945);
#10944 = CARTESIAN_POINT('',(20.648684351619,-18.61202855819,0.89));
#10945 = VECTOR('',#10946,1.);
#10946 = DIRECTION('',(0.958005118823,0.286751098181,0.));
#10947 = ORIENTED_EDGE('',*,*,#10948,.F.);
#10948 = EDGE_CURVE('',#10949,#10941,#10951,.T.);
#10949 = VERTEX_POINT('',#10950);
#10950 = CARTESIAN_POINT('',(8.737454223633,-22.31566648483,0.89));
#10951 = LINE('',#10952,#10953);
#10952 = CARTESIAN_POINT('',(14.695878893215,-18.87570666994,0.89));
#10953 = VECTOR('',#10954,1.);
#10954 = DIRECTION('',(0.866034106043,0.499984926942,0.));
#10955 = ORIENTED_EDGE('',*,*,#10956,.F.);
#10956 = EDGE_CURVE('',#10957,#10949,#10959,.T.);
#10957 = VERTEX_POINT('',#10958);
#10958 = CARTESIAN_POINT('',(8.319465637207,-22.7100159645,0.89));
#10959 = LINE('',#10960,#10961);
#10960 = CARTESIAN_POINT('',(9.404272489343,-21.68655974684,0.89));
#10961 = VECTOR('',#10962,1.);
#10962 = DIRECTION('',(0.727375737454,0.686239416358,0.));
#10963 = ORIENTED_EDGE('',*,*,#10964,.F.);
#10964 = EDGE_CURVE('',#10965,#10957,#10967,.T.);
#10965 = VERTEX_POINT('',#10966);
#10966 = CARTESIAN_POINT('',(8.003655815125,-23.19016551971,0.89));
#10967 = LINE('',#10968,#10969);
#10968 = CARTESIAN_POINT('',(5.82668855829,-26.4999734705,0.89));
#10969 = VECTOR('',#10970,1.);
#10970 = DIRECTION('',(0.549521721385,0.835479429864,0.));
#10971 = ORIENTED_EDGE('',*,*,#10972,.F.);
#10972 = EDGE_CURVE('',#10973,#10965,#10975,.T.);
#10973 = VERTEX_POINT('',#10974);
#10974 = CARTESIAN_POINT('',(7.807085323334,-23.73015556335,0.89));
#10975 = LINE('',#10976,#10977);
#10976 = CARTESIAN_POINT('',(4.665189975996,-32.36111634625,0.89));
#10977 = VECTOR('',#10978,1.);
#10978 = DIRECTION('',(0.342066531816,0.93967573546,0.));
#10979 = ORIENTED_EDGE('',*,*,#10980,.F.);
#10980 = EDGE_CURVE('',#10981,#10973,#10983,.T.);
#10981 = VERTEX_POINT('',#10982);
#10982 = CARTESIAN_POINT('',(7.740425014496,-24.30094547271,0.89));
#10983 = LINE('',#10984,#10985);
#10984 = CARTESIAN_POINT('',(6.127874311089,-38.10867732825,0.89));
#10985 = VECTOR('',#10986,1.);
#10986 = DIRECTION('',(0.115997700963,0.993249481939,0.));
#10987 = ORIENTED_EDGE('',*,*,#10988,.F.);
#10988 = EDGE_CURVE('',#10733,#10981,#10989,.T.);
#10989 = LINE('',#10990,#10991);
#10990 = CARTESIAN_POINT('',(7.740425014496,-48.72202454874,0.89));
#10991 = VECTOR('',#10992,1.);
#10992 = DIRECTION('',(0.,1.,0.));
#10993 = FACE_BOUND('',#10994,.F.);
#10994 = EDGE_LOOP('',(#10995,#10996,#10997,#10998,#10999,#11000,#11001,
    #11002,#11003,#11004,#11005,#11006,#11007,#11008,#11009,#11010,
    #11011,#11012,#11013,#11014,#11015,#11016,#11017,#11018,#11019,
    #11020,#11021,#11022,#11023,#11024,#11025,#11026,#11027));
#10995 = ORIENTED_EDGE('',*,*,#8438,.F.);
#10996 = ORIENTED_EDGE('',*,*,#9213,.F.);
#10997 = ORIENTED_EDGE('',*,*,#9189,.F.);
#10998 = ORIENTED_EDGE('',*,*,#9165,.F.);
#10999 = ORIENTED_EDGE('',*,*,#9141,.F.);
#11000 = ORIENTED_EDGE('',*,*,#9117,.F.);
#11001 = ORIENTED_EDGE('',*,*,#9094,.F.);
#11002 = ORIENTED_EDGE('',*,*,#9069,.F.);
#11003 = ORIENTED_EDGE('',*,*,#9047,.F.);
#11004 = ORIENTED_EDGE('',*,*,#9023,.F.);
#11005 = ORIENTED_EDGE('',*,*,#8997,.F.);
#11006 = ORIENTED_EDGE('',*,*,#8983,.F.);
#11007 = ORIENTED_EDGE('',*,*,#8949,.F.);
#11008 = ORIENTED_EDGE('',*,*,#8927,.F.);
#11009 = ORIENTED_EDGE('',*,*,#8911,.F.);
#11010 = ORIENTED_EDGE('',*,*,#8879,.F.);
#11011 = ORIENTED_EDGE('',*,*,#8855,.F.);
#11012 = ORIENTED_EDGE('',*,*,#8831,.F.);
#11013 = ORIENTED_EDGE('',*,*,#8807,.F.);
#11014 = ORIENTED_EDGE('',*,*,#8791,.F.);
#11015 = ORIENTED_EDGE('',*,*,#8757,.F.);
#11016 = ORIENTED_EDGE('',*,*,#8734,.F.);
#11017 = ORIENTED_EDGE('',*,*,#8710,.F.);
#11018 = ORIENTED_EDGE('',*,*,#8686,.F.);
#11019 = ORIENTED_EDGE('',*,*,#8662,.F.);
#11020 = ORIENTED_EDGE('',*,*,#8638,.F.);
#11021 = ORIENTED_EDGE('',*,*,#8614,.F.);
#11022 = ORIENTED_EDGE('',*,*,#8590,.F.);
#11023 = ORIENTED_EDGE('',*,*,#8566,.F.);
#11024 = ORIENTED_EDGE('',*,*,#8542,.F.);
#11025 = ORIENTED_EDGE('',*,*,#8518,.F.);
#11026 = ORIENTED_EDGE('',*,*,#8494,.F.);
#11027 = ORIENTED_EDGE('',*,*,#8470,.F.);
#11028 = PLANE('',#11029);
#11029 = AXIS2_PLACEMENT_3D('',#11030,#11031,#11032);
#11030 = CARTESIAN_POINT('',(19.713596869055,-40.75556855177,0.89));
#11031 = DIRECTION('',(0.,0.,1.));
#11032 = DIRECTION('',(1.,0.,0.));
#11033 = ADVANCED_FACE('',(#11034,#11161),#11171,.T.);
#11034 = FACE_BOUND('',#11035,.T.);
#11035 = EDGE_LOOP('',(#11036,#11052,#11070,#11097,#11112,#11119,#11134,
    #11141,#11156));
#11036 = ORIENTED_EDGE('',*,*,#11037,.T.);
#11037 = EDGE_CURVE('',#11038,#11040,#11042,.T.);
#11038 = VERTEX_POINT('',#11039);
#11039 = CARTESIAN_POINT('',(-0.112260766775,-1.88251710702,2.09));
#11040 = VERTEX_POINT('',#11041);
#11041 = CARTESIAN_POINT('',(-4.096895650032,-2.020611906055,2.09));
#11042 = ( BOUNDED_CURVE() B_SPLINE_CURVE(8,(#11043,#11044,#11045,#11046
    ,#11047,#11048,#11049,#11050,#11051),.UNSPECIFIED.,.F.,.F.) 
B_SPLINE_CURVE_WITH_KNOTS((9,9),(1.13E-14,4.049517430084),
.PIECEWISE_BEZIER_KNOTS.) CURVE() GEOMETRIC_REPRESENTATION_ITEM() 
RATIONAL_B_SPLINE_CURVE((1.,1.,1.,1.,1.,1.,1.,1.,1.)) 
REPRESENTATION_ITEM('') );
#11043 = CARTESIAN_POINT('',(-0.112260766775,-1.88251710702,2.09));
#11044 = CARTESIAN_POINT('',(-0.613748687693,-1.899991061156,2.09));
#11045 = CARTESIAN_POINT('',(-1.115282325062,-1.917462321885,2.09));
#11046 = CARTESIAN_POINT('',(-1.618423777244,-1.935017607662,2.09));
#11047 = CARTESIAN_POINT('',(-2.121832563918,-1.952495542347,2.09));
#11048 = CARTESIAN_POINT('',(-2.62091633733,-1.969995032342,2.09));
#11049 = CARTESIAN_POINT('',(-3.122787052654,-1.986928812906,2.09));
#11050 = CARTESIAN_POINT('',(-3.61490836024,-2.005340811758,2.09));
#11051 = CARTESIAN_POINT('',(-4.096895650032,-2.020611906055,2.09));
#11052 = ORIENTED_EDGE('',*,*,#11053,.T.);
#11053 = EDGE_CURVE('',#11040,#11054,#11056,.T.);
#11054 = VERTEX_POINT('',#11055);
#11055 = CARTESIAN_POINT('',(-9.909074784548,-8.088610045057,2.09));
#11056 = ( BOUNDED_CURVE() B_SPLINE_CURVE(12,(#11057,#11058,#11059,
    #11060,#11061,#11062,#11063,#11064,#11065,#11066,#11067,#11068,
#11069),.UNSPECIFIED.,.F.,.F.) B_SPLINE_CURVE_WITH_KNOTS((13,13),(
4.049517430084,13.140424279678),.PIECEWISE_BEZIER_KNOTS.) CURVE() 
GEOMETRIC_REPRESENTATION_ITEM() RATIONAL_B_SPLINE_CURVE((1.,1.,1.,1.,
    1.000000000001,0.999999999999,1.000000000001,1.,1.,1.,1.,1.,1.)) 
REPRESENTATION_ITEM('') );
#11057 = CARTESIAN_POINT('',(-4.096895650032,-2.020611906055,2.09));
#11058 = CARTESIAN_POINT('',(-4.818249347083,-2.043466990748,2.09));
#11059 = CARTESIAN_POINT('',(-5.539829925304,-2.160255961808,2.09));
#11060 = CARTESIAN_POINT('',(-6.272152375924,-2.372411741508,2.09));
#11061 = CARTESIAN_POINT('',(-6.996091341799,-2.701751425618,2.09));
#11062 = CARTESIAN_POINT('',(-7.690402982294,-3.124811878157,2.09));
#11063 = CARTESIAN_POINT('',(-8.304354331181,-3.702170807105,2.09));
#11064 = CARTESIAN_POINT('',(-8.801158672458,-4.273018219441,2.09));
#11065 = CARTESIAN_POINT('',(-9.263202982725,-4.967275718653,2.09));
#11066 = CARTESIAN_POINT('',(-9.59158875864,-5.717971433554,2.09));
#11067 = CARTESIAN_POINT('',(-9.806027129259,-6.504146425343,2.09));
#11068 = CARTESIAN_POINT('',(-9.91000048922,-7.288354674277,2.09));
#11069 = CARTESIAN_POINT('',(-9.909074784548,-8.088610045057,2.09));
#11070 = ORIENTED_EDGE('',*,*,#11071,.T.);
#11071 = EDGE_CURVE('',#11054,#11072,#11074,.T.);
#11072 = VERTEX_POINT('',#11073);
#11073 = CARTESIAN_POINT('',(-9.902036968781,-103.565915737,2.09));
#11074 = ( BOUNDED_CURVE() B_SPLINE_CURVE(11,(#11075,#11076,#11077,
    #11078,#11079,#11080,#11081,#11082,#11083,#11084,#11085,#11086,
    #11087,#11088,#11089,#11090,#11091,#11092,#11093,#11094,#11095,
#11096),.UNSPECIFIED.,.F.,.F.) B_SPLINE_CURVE_WITH_KNOTS((12,10,12),(
    13.140424279678,61.339595333872,109.53876638806),.UNSPECIFIED.) 
CURVE() GEOMETRIC_REPRESENTATION_ITEM() RATIONAL_B_SPLINE_CURVE((1.,1.,
    1.,1.000000000001,0.999999999998,1.000000000002,0.999999999998,
    1.000000000001,0.999999999999,1.,1.,1.,1.,1.,1.000000000001,
0.999999999999,1.000000000001,1.,1.,1.,1.,1.)) REPRESENTATION_ITEM('') 
  );
#11075 = CARTESIAN_POINT('',(-9.909074784548,-8.088610045057,2.09));
#11076 = CARTESIAN_POINT('',(-9.903720599491,-12.7172086466,2.09));
#11077 = CARTESIAN_POINT('',(-9.901473268609,-16.47233190515,2.09));
#11078 = CARTESIAN_POINT('',(-9.901771536565,-20.17972292787,2.09));
#11079 = CARTESIAN_POINT('',(-9.901914337503,-23.89187138112,2.09));
#11080 = CARTESIAN_POINT('',(-9.902028238611,-27.78520199805,2.09));
#11081 = CARTESIAN_POINT('',(-9.902284036717,-31.81142390508,2.09));
#11082 = CARTESIAN_POINT('',(-9.902254406348,-36.04097998936,2.09));
#11083 = CARTESIAN_POINT('',(-9.902314164823,-40.41516378397,2.09));
#11084 = CARTESIAN_POINT('',(-9.902283125115,-44.91808166051,2.09));
#11085 = CARTESIAN_POINT('',(-9.90225080182,-49.50111342716,2.09));
#11086 = CARTESIAN_POINT('',(-9.902170715536,-58.74972456321,2.09));
#11087 = CARTESIAN_POINT('',(-9.902124989066,-63.41508498229,2.09));
#11088 = CARTESIAN_POINT('',(-9.902084162154,-68.08147992135,2.09));
#11089 = CARTESIAN_POINT('',(-9.902055603702,-72.70962846946,2.09));
#11090 = CARTESIAN_POINT('',(-9.902040872311,-77.27127006445,2.09));
#11091 = CARTESIAN_POINT('',(-9.902036506638,-81.75535250179,2.09));
#11092 = CARTESIAN_POINT('',(-9.902036836639,-86.16920921396,2.09));
#11093 = CARTESIAN_POINT('',(-9.902037324258,-90.53452608261,2.09));
#11094 = CARTESIAN_POINT('',(-9.902036816576,-94.87861611517,2.09));
#11095 = CARTESIAN_POINT('',(-9.902036968781,-99.22223838909,2.09));
#11096 = CARTESIAN_POINT('',(-9.902036968781,-103.565915737,2.09));
#11097 = ORIENTED_EDGE('',*,*,#11098,.T.);
#11098 = EDGE_CURVE('',#11072,#11099,#11101,.T.);
#11099 = VERTEX_POINT('',#11100);
#11100 = CARTESIAN_POINT('',(-3.089748344311,-110.3782043614,2.09));
#11101 = ( BOUNDED_CURVE() B_SPLINE_CURVE(9,(#11102,#11103,#11104,#11105
    ,#11106,#11107,#11108,#11109,#11110,#11111),.UNSPECIFIED.,.F.,.F.) 
B_SPLINE_CURVE_WITH_KNOTS((10,10),(109.53876638806,119.97052788097),
.PIECEWISE_BEZIER_KNOTS.) CURVE() GEOMETRIC_REPRESENTATION_ITEM() 
RATIONAL_B_SPLINE_CURVE((1.,1.,1.,1.,1.,1.,1.,1.,1.,1.)) 
REPRESENTATION_ITEM('') );
#11102 = CARTESIAN_POINT('',(-9.902036968781,-103.565915737,2.09));
#11103 = CARTESIAN_POINT('',(-9.902036968781,-104.6363636218,2.09));
#11104 = CARTESIAN_POINT('',(-9.712963725087,-105.7852803236,2.09));
#11105 = CARTESIAN_POINT('',(-9.285945003883,-106.964503674,2.09));
#11106 = CARTESIAN_POINT('',(-8.592441145117,-108.0970230973,2.09));
#11107 = CARTESIAN_POINT('',(-7.620855704682,-109.0686085378,2.09));
#11108 = CARTESIAN_POINT('',(-6.488336281378,-109.7621123965,2.09));
#11109 = CARTESIAN_POINT('',(-5.309112930961,-110.1891311177,2.09));
#11110 = CARTESIAN_POINT('',(-4.160196229148,-110.3782043614,2.09));
#11111 = CARTESIAN_POINT('',(-3.089748344311,-110.3782043614,2.09));
#11112 = ORIENTED_EDGE('',*,*,#11113,.T.);
#11113 = EDGE_CURVE('',#11099,#11114,#11116,.T.);
#11114 = VERTEX_POINT('',#11115);
#11115 = CARTESIAN_POINT('',(93.24453769851,-110.3782043614,2.09));
#11116 = B_SPLINE_CURVE_WITH_KNOTS('',1,(#11117,#11118),.UNSPECIFIED.,
  .F.,.F.,(2,2),(119.97052788097,217.14903187123),
  .PIECEWISE_BEZIER_KNOTS.);
#11117 = CARTESIAN_POINT('',(-3.089748344311,-110.3782043614,2.09));
#11118 = CARTESIAN_POINT('',(93.24453769851,-110.3782043614,2.09));
#11119 = ORIENTED_EDGE('',*,*,#11120,.T.);
#11120 = EDGE_CURVE('',#11114,#11121,#11123,.T.);
#11121 = VERTEX_POINT('',#11122);
#11122 = CARTESIAN_POINT('',(98.53440646,-105.0883356,2.09));
#11123 = ( BOUNDED_CURVE() B_SPLINE_CURVE(9,(#11124,#11125,#11126,#11127
    ,#11128,#11129,#11130,#11131,#11132,#11133),.UNSPECIFIED.,.F.,.F.) 
B_SPLINE_CURVE_WITH_KNOTS((10,10),(217.14903187123,225.40889866491),
.PIECEWISE_BEZIER_KNOTS.) CURVE() GEOMETRIC_REPRESENTATION_ITEM() 
RATIONAL_B_SPLINE_CURVE((1.,1.,1.,1.,1.,1.,1.,1.,1.,1.)) 
REPRESENTATION_ITEM('') );
#11124 = CARTESIAN_POINT('',(93.24453769851,-110.3782043614,2.09));
#11125 = CARTESIAN_POINT('',(94.075760381363,-110.3782043614,2.09));
#11126 = CARTESIAN_POINT('',(94.967915559381,-110.2313854727,2.09));
#11127 = CARTESIAN_POINT('',(95.883604413459,-109.8997974972,2.09));
#11128 = CARTESIAN_POINT('',(96.76302679988,-109.3612788582,2.09));
#11129 = CARTESIAN_POINT('',(97.517480956742,-108.6068247013,2.09));
#11130 = CARTESIAN_POINT('',(98.055999595732,-107.7274023149,2.09));
#11131 = CARTESIAN_POINT('',(98.387587571285,-106.8117134608,2.09));
#11132 = CARTESIAN_POINT('',(98.53440646,-105.9195582828,2.09));
#11133 = CARTESIAN_POINT('',(98.53440646,-105.0883356,2.09));
#11134 = ORIENTED_EDGE('',*,*,#11135,.T.);
#11135 = EDGE_CURVE('',#11121,#11136,#11138,.T.);
#11136 = VERTEX_POINT('',#11137);
#11137 = CARTESIAN_POINT('',(98.53440646,-5.91907644,2.09));
#11138 = B_SPLINE_CURVE_WITH_KNOTS('',1,(#11139,#11140),.UNSPECIFIED.,
  .F.,.F.,(2,2),(225.40889866491,325.44721983654),
  .PIECEWISE_BEZIER_KNOTS.);
#11139 = CARTESIAN_POINT('',(98.53440646,-105.0883356,2.09));
#11140 = CARTESIAN_POINT('',(98.53440646,-5.91907644,2.09));
#11141 = ORIENTED_EDGE('',*,*,#11142,.T.);
#11142 = EDGE_CURVE('',#11136,#11143,#11145,.T.);
#11143 = VERTEX_POINT('',#11144);
#11144 = CARTESIAN_POINT('',(94.498150350557,-1.882820330557,2.09));
#11145 = ( BOUNDED_CURVE() B_SPLINE_CURVE(9,(#11146,#11147,#11148,#11149
    ,#11150,#11151,#11152,#11153,#11154,#11155),.UNSPECIFIED.,.F.,.F.) 
B_SPLINE_CURVE_WITH_KNOTS((10,10),(325.44721983654,331.91867415606),
.PIECEWISE_BEZIER_KNOTS.) CURVE() GEOMETRIC_REPRESENTATION_ITEM() 
RATIONAL_B_SPLINE_CURVE((1.,1.,1.,1.,1.,1.,1.,1.,1.,1.)) 
REPRESENTATION_ITEM('') );
#11146 = CARTESIAN_POINT('',(98.53440646,-5.91907644,2.09));
#11147 = CARTESIAN_POINT('',(98.53440646,-5.284839980979,2.09));
#11148 = CARTESIAN_POINT('',(98.42238125422,-4.604111034722,2.09));
#11149 = CARTESIAN_POINT('',(98.169374222762,-3.905425509945,2.09));
#11150 = CARTESIAN_POINT('',(97.758475721367,-3.23441189127,2.09));
#11151 = CARTESIAN_POINT('',(97.182814899288,-2.658751069189,2.09));
#11152 = CARTESIAN_POINT('',(96.511801280611,-2.247852567795,2.09));
#11153 = CARTESIAN_POINT('',(95.813115755835,-1.994845536337,2.09));
#11154 = CARTESIAN_POINT('',(95.132386809577,-1.882820330557,2.09));
#11155 = CARTESIAN_POINT('',(94.498150350557,-1.882820330557,2.09));
#11156 = ORIENTED_EDGE('',*,*,#11157,.T.);
#11157 = EDGE_CURVE('',#11143,#11038,#11158,.T.);
#11158 = B_SPLINE_CURVE_WITH_KNOTS('',1,(#11159,#11160),.UNSPECIFIED.,
  .F.,.F.,(2,2),(331.91867415606,427.37576033766),
  .PIECEWISE_BEZIER_KNOTS.);
#11159 = CARTESIAN_POINT('',(94.498150350557,-1.882820330557,2.09));
#11160 = CARTESIAN_POINT('',(-0.129672341121,-1.882820330557,2.09));
#11161 = FACE_BOUND('',#11162,.T.);
#11162 = EDGE_LOOP('',(#11163,#11164,#11165,#11166,#11167,#11168,#11169,
    #11170));
#11163 = ORIENTED_EDGE('',*,*,#9312,.T.);
#11164 = ORIENTED_EDGE('',*,*,#9247,.T.);
#11165 = ORIENTED_EDGE('',*,*,#9857,.T.);
#11166 = ORIENTED_EDGE('',*,*,#10003,.T.);
#11167 = ORIENTED_EDGE('',*,*,#10149,.T.);
#11168 = ORIENTED_EDGE('',*,*,#10263,.T.);
#11169 = ORIENTED_EDGE('',*,*,#10072,.T.);
#11170 = ORIENTED_EDGE('',*,*,#9934,.T.);
#11171 = B_SPLINE_SURFACE_WITH_KNOTS('',1,1,(
    (#11172,#11173)
    ,(#11174,#11175
    )),.UNSPECIFIED.,.F.,.F.,.F.,(2,2),(2,2),(-45.03425193312,
    44.667750877348),(-44.96242627132,44.787888508126),
  .PIECEWISE_BEZIER_KNOTS.);
#11172 = CARTESIAN_POINT('',(-10.40203696878,-110.8782043614,2.09));
#11173 = CARTESIAN_POINT('',(-10.40203696878,-1.382820330557,2.09));
#11174 = CARTESIAN_POINT('',(99.03440646,-110.8782043614,2.09));
#11175 = CARTESIAN_POINT('',(99.03440646,-1.382820330557,2.09));
#11176 = ADVANCED_FACE('',(#11177),#11206,.F.);
#11177 = FACE_BOUND('',#11178,.F.);
#11178 = EDGE_LOOP('',(#11179,#11186,#11200,#11205));
#11179 = ORIENTED_EDGE('',*,*,#11180,.T.);
#11180 = EDGE_CURVE('',#10319,#11181,#11183,.T.);
#11181 = VERTEX_POINT('',#11182);
#11182 = CARTESIAN_POINT('',(-0.129672341121,-1.382820330557,1.59));
#11183 = B_SPLINE_CURVE_WITH_KNOTS('',1,(#11184,#11185),.UNSPECIFIED.,
  .F.,.F.,(2,2),(0.,4.18),.PIECEWISE_BEZIER_KNOTS.);
#11184 = CARTESIAN_POINT('',(-0.129672341121,-1.382820330557,-2.09));
#11185 = CARTESIAN_POINT('',(-0.129672341121,-1.382820330557,2.09));
#11186 = ORIENTED_EDGE('',*,*,#11187,.T.);
#11187 = EDGE_CURVE('',#11181,#11188,#11190,.T.);
#11188 = VERTEX_POINT('',#11189);
#11189 = CARTESIAN_POINT('',(-4.141575699734,-1.522612214129,1.59));
#11190 = ( BOUNDED_CURVE() B_SPLINE_CURVE(8,(#11191,#11192,#11193,#11194
    ,#11195,#11196,#11197,#11198,#11199),.UNSPECIFIED.,.F.,.F.) 
B_SPLINE_CURVE_WITH_KNOTS((9,9),(1.13E-14,4.049517430084),
.PIECEWISE_BEZIER_KNOTS.) CURVE() GEOMETRIC_REPRESENTATION_ITEM() 
RATIONAL_B_SPLINE_CURVE((1.,1.,1.,1.,1.,1.,1.,1.,1.)) 
REPRESENTATION_ITEM('') );
#11191 = CARTESIAN_POINT('',(-0.129672341121,-1.382820330557,1.59));
#11192 = CARTESIAN_POINT('',(-0.631160260948,-1.400294316003,1.59));
#11193 = CARTESIAN_POINT('',(-1.132691398257,-1.417769807332,1.59));
#11194 = CARTESIAN_POINT('',(-1.633930295148,-1.435235115753,1.59));
#11195 = CARTESIAN_POINT('',(-2.133528774821,-1.452643265018,1.59));
#11196 = CARTESIAN_POINT('',(-2.628655351935,-1.469895594059,1.59));
#11197 = CARTESIAN_POINT('',(-3.130422371289,-1.487379304527,1.59));
#11198 = CARTESIAN_POINT('',(-3.63182690373,-1.5048503844,1.59));
#11199 = CARTESIAN_POINT('',(-4.141575699734,-1.522612214129,1.59));
#11200 = ORIENTED_EDGE('',*,*,#11201,.F.);
#11201 = EDGE_CURVE('',#10321,#11188,#11202,.T.);
#11202 = B_SPLINE_CURVE_WITH_KNOTS('',1,(#11203,#11204),.UNSPECIFIED.,
  .F.,.F.,(2,2),(0.,4.18),.PIECEWISE_BEZIER_KNOTS.);
#11203 = CARTESIAN_POINT('',(-4.141575699734,-1.522612214129,-2.09));
#11204 = CARTESIAN_POINT('',(-4.141575699734,-1.522612214129,2.09));
#11205 = ORIENTED_EDGE('',*,*,#10318,.F.);
#11206 = B_SPLINE_SURFACE_WITH_KNOTS('',1,1,(
    (#11207,#11208)
    ,(#11209,#11210
    )),.UNSPECIFIED.,.F.,.F.,.F.,(2,2),(2,2),(-1.5E-16,3.290441060311),(
    -4.18,0.),.PIECEWISE_BEZIER_KNOTS.);
#11207 = CARTESIAN_POINT('',(-0.129672341121,-1.382820330557,2.09));
#11208 = CARTESIAN_POINT('',(-0.129672341121,-1.382820330557,-2.09));
#11209 = CARTESIAN_POINT('',(-4.141575699734,-1.522612214129,2.09));
#11210 = CARTESIAN_POINT('',(-4.141575699734,-1.522612214129,-2.09));
#11211 = ADVANCED_FACE('',(#11212),#11228,.T.);
#11212 = FACE_BOUND('',#11213,.T.);
#11213 = EDGE_LOOP('',(#11214,#11215,#11222,#11227));
#11214 = ORIENTED_EDGE('',*,*,#11180,.T.);
#11215 = ORIENTED_EDGE('',*,*,#11216,.F.);
#11216 = EDGE_CURVE('',#11217,#11181,#11219,.T.);
#11217 = VERTEX_POINT('',#11218);
#11218 = CARTESIAN_POINT('',(94.498150350556,-1.382820330557,1.59));
#11219 = B_SPLINE_CURVE_WITH_KNOTS('',1,(#11220,#11221),.UNSPECIFIED.,
  .F.,.F.,(2,2),(331.91867415606,427.37576033766),
  .PIECEWISE_BEZIER_KNOTS.);
#11220 = CARTESIAN_POINT('',(94.498150350557,-1.382820330557,1.59));
#11221 = CARTESIAN_POINT('',(-0.129672341121,-1.382820330557,1.59));
#11222 = ORIENTED_EDGE('',*,*,#11223,.F.);
#11223 = EDGE_CURVE('',#10373,#11217,#11224,.T.);
#11224 = B_SPLINE_CURVE_WITH_KNOTS('',1,(#11225,#11226),.UNSPECIFIED.,
  .F.,.F.,(2,2),(0.,4.18),.PIECEWISE_BEZIER_KNOTS.);
#11225 = CARTESIAN_POINT('',(94.498150350556,-1.382820330557,-2.09));
#11226 = CARTESIAN_POINT('',(94.498150350556,-1.382820330557,2.09));
#11227 = ORIENTED_EDGE('',*,*,#10380,.F.);
#11228 = B_SPLINE_SURFACE_WITH_KNOTS('',1,1,(
    (#11229,#11230)
    ,(#11231,#11232
    )),.UNSPECIFIED.,.F.,.F.,.F.,(2,2),(2,2),(0.,77.563789091539),(-4.18
    ,0.),.PIECEWISE_BEZIER_KNOTS.);
#11229 = CARTESIAN_POINT('',(-0.129672341121,-1.382820330557,2.09));
#11230 = CARTESIAN_POINT('',(-0.129672341121,-1.382820330557,-2.09));
#11231 = CARTESIAN_POINT('',(94.498150350556,-1.382820330557,2.09));
#11232 = CARTESIAN_POINT('',(94.498150350556,-1.382820330557,-2.09));
#11233 = ADVANCED_FACE('',(#11234),#11261,.F.);
#11234 = FACE_BOUND('',#11235,.F.);
#11235 = EDGE_LOOP('',(#11236,#11237,#11255,#11260));
#11236 = ORIENTED_EDGE('',*,*,#11201,.T.);
#11237 = ORIENTED_EDGE('',*,*,#11238,.T.);
#11238 = EDGE_CURVE('',#11188,#11239,#11241,.T.);
#11239 = VERTEX_POINT('',#11240);
#11240 = CARTESIAN_POINT('',(-10.40203696878,-8.005014082736,1.59));
#11241 = ( BOUNDED_CURVE() B_SPLINE_CURVE(12,(#11242,#11243,#11244,
    #11245,#11246,#11247,#11248,#11249,#11250,#11251,#11252,#11253,
#11254),.UNSPECIFIED.,.F.,.F.) B_SPLINE_CURVE_WITH_KNOTS((13,13),(
4.049517430084,13.140424279678),.PIECEWISE_BEZIER_KNOTS.) CURVE() 
GEOMETRIC_REPRESENTATION_ITEM() RATIONAL_B_SPLINE_CURVE((1.,1.,1.,1.,
    1.000000000001,0.999999999999,1.000000000001,1.,1.,1.,1.,1.,1.)) 
REPRESENTATION_ITEM('') );
#11242 = CARTESIAN_POINT('',(-4.141575699734,-1.522612214129,1.59));
#11243 = CARTESIAN_POINT('',(-4.90447793046,-1.549194992995,1.59));
#11244 = CARTESIAN_POINT('',(-5.676508700378,-1.674278267234,1.59));
#11245 = CARTESIAN_POINT('',(-6.46510601564,-1.902256805691,1.59));
#11246 = CARTESIAN_POINT('',(-7.24881578958,-2.255004615357,1.59));
#11247 = CARTESIAN_POINT('',(-8.0042929546,-2.717573289369,1.59));
#11248 = CARTESIAN_POINT('',(-8.676691499938,-3.336703354311,1.59));
#11249 = CARTESIAN_POINT('',(-9.232100472499,-3.978804421807,1.59));
#11250 = CARTESIAN_POINT('',(-9.721730538351,-4.741912891629,1.59));
#11251 = CARTESIAN_POINT('',(-10.06991764278,-5.552862814136,1.59));
#11252 = CARTESIAN_POINT('',(-10.29301818092,-6.386035002192,1.59));
#11253 = CARTESIAN_POINT('',(-10.40203696878,-7.199299867005,1.59));
#11254 = CARTESIAN_POINT('',(-10.40203696878,-8.005014082736,1.59));
#11255 = ORIENTED_EDGE('',*,*,#11256,.F.);
#11256 = EDGE_CURVE('',#10328,#11239,#11257,.T.);
#11257 = B_SPLINE_CURVE_WITH_KNOTS('',1,(#11258,#11259),.UNSPECIFIED.,
  .F.,.F.,(2,2),(0.,4.18),.PIECEWISE_BEZIER_KNOTS.);
#11258 = CARTESIAN_POINT('',(-10.40203696878,-8.005014082736,-2.09));
#11259 = CARTESIAN_POINT('',(-10.40203696878,-8.005014082736,2.09));
#11260 = ORIENTED_EDGE('',*,*,#10327,.F.);
#11261 = ( BOUNDED_SURFACE() B_SPLINE_SURFACE(2,1,(
    (#11262,#11263)
    ,(#11264,#11265)
    ,(#11266,#11267
)),.UNSPECIFIED.,.F.,.F.,.F.) B_SPLINE_SURFACE_WITH_KNOTS((3,3),(2,2),(
    1.605626515205,3.14159265359),(-4.18,0.),.PIECEWISE_BEZIER_KNOTS.) 
GEOMETRIC_REPRESENTATION_ITEM() RATIONAL_B_SPLINE_SURFACE((
    (1.,1.)
    ,(0.719313265035,0.719313265035)
,(1.,1.))) REPRESENTATION_ITEM('') SURFACE() );
#11262 = CARTESIAN_POINT('',(-4.141575699734,-1.522612214129,2.09));
#11263 = CARTESIAN_POINT('',(-4.141575699734,-1.522612214129,-2.09));
#11264 = CARTESIAN_POINT('',(-10.40203696878,-1.740753478911,2.09));
#11265 = CARTESIAN_POINT('',(-10.40203696878,-1.740753478911,-2.09));
#11266 = CARTESIAN_POINT('',(-10.40203696878,-8.005014082736,2.09));
#11267 = CARTESIAN_POINT('',(-10.40203696878,-8.005014082736,-2.09));
#11268 = ADVANCED_FACE('',(#11269),#11293,.F.);
#11269 = FACE_BOUND('',#11270,.F.);
#11270 = EDGE_LOOP('',(#11271,#11278,#11291,#11292));
#11271 = ORIENTED_EDGE('',*,*,#11272,.T.);
#11272 = EDGE_CURVE('',#10366,#11273,#11275,.T.);
#11273 = VERTEX_POINT('',#11274);
#11274 = CARTESIAN_POINT('',(99.03440646,-5.91907644,1.59));
#11275 = B_SPLINE_CURVE_WITH_KNOTS('',1,(#11276,#11277),.UNSPECIFIED.,
  .F.,.F.,(2,2),(0.,4.18),.PIECEWISE_BEZIER_KNOTS.);
#11276 = CARTESIAN_POINT('',(99.03440646,-5.91907644,-2.09));
#11277 = CARTESIAN_POINT('',(99.03440646,-5.91907644,2.09));
#11278 = ORIENTED_EDGE('',*,*,#11279,.T.);
#11279 = EDGE_CURVE('',#11273,#11217,#11280,.T.);
#11280 = ( BOUNDED_CURVE() B_SPLINE_CURVE(9,(#11281,#11282,#11283,#11284
    ,#11285,#11286,#11287,#11288,#11289,#11290),.UNSPECIFIED.,.F.,.F.) 
B_SPLINE_CURVE_WITH_KNOTS((10,10),(325.44721983654,331.91867415606),
.PIECEWISE_BEZIER_KNOTS.) CURVE() GEOMETRIC_REPRESENTATION_ITEM() 
RATIONAL_B_SPLINE_CURVE((1.,1.,1.,1.,1.,1.,1.,1.,1.,1.)) 
REPRESENTATION_ITEM('') );
#11281 = CARTESIAN_POINT('',(99.03440646,-5.91907644,1.59));
#11282 = CARTESIAN_POINT('',(99.03440646,-5.206272560848,1.59));
#11283 = CARTESIAN_POINT('',(98.908503888321,-4.441216836532,1.59));
#11284 = CARTESIAN_POINT('',(98.624155060828,-3.655980123496,1.59));
#11285 = CARTESIAN_POINT('',(98.16235561432,-2.901843234086,1.59));
#11286 = CARTESIAN_POINT('',(97.51538355647,-2.254871176237,1.59));
#11287 = CARTESIAN_POINT('',(96.761246667061,-1.793071729729,1.59));
#11288 = CARTESIAN_POINT('',(95.976009954025,-1.508722902235,1.59));
#11289 = CARTESIAN_POINT('',(95.210954229709,-1.382820330557,1.59));
#11290 = CARTESIAN_POINT('',(94.498150350556,-1.382820330557,1.59));
#11291 = ORIENTED_EDGE('',*,*,#11223,.F.);
#11292 = ORIENTED_EDGE('',*,*,#10372,.F.);
#11293 = ( BOUNDED_SURFACE() B_SPLINE_SURFACE(2,1,(
    (#11294,#11295)
    ,(#11296,#11297)
    ,(#11298,#11299
)),.UNSPECIFIED.,.F.,.F.,.F.) B_SPLINE_SURFACE_WITH_KNOTS((3,3),(2,2),(
    0.,1.570796326795),(-4.18,0.),.PIECEWISE_BEZIER_KNOTS.) 
GEOMETRIC_REPRESENTATION_ITEM() RATIONAL_B_SPLINE_SURFACE((
    (1.,1.)
    ,(0.707106781187,0.707106781187)
,(1.,1.))) REPRESENTATION_ITEM('') SURFACE() );
#11294 = CARTESIAN_POINT('',(99.03440646,-5.91907644,2.09));
#11295 = CARTESIAN_POINT('',(99.03440646,-5.91907644,-2.09));
#11296 = CARTESIAN_POINT('',(99.03440646,-1.382820330557,2.09));
#11297 = CARTESIAN_POINT('',(99.03440646,-1.382820330557,-2.09));
#11298 = CARTESIAN_POINT('',(94.498150350556,-1.382820330557,2.09));
#11299 = CARTESIAN_POINT('',(94.498150350556,-1.382820330557,-2.09));
#11300 = ADVANCED_FACE('',(#11301),#11337,.T.);
#11301 = FACE_BOUND('',#11302,.T.);
#11302 = EDGE_LOOP('',(#11303,#11310,#11335,#11336));
#11303 = ORIENTED_EDGE('',*,*,#11304,.T.);
#11304 = EDGE_CURVE('',#10336,#11305,#11307,.T.);
#11305 = VERTEX_POINT('',#11306);
#11306 = CARTESIAN_POINT('',(-10.40203696878,-103.565915737,1.59));
#11307 = B_SPLINE_CURVE_WITH_KNOTS('',1,(#11308,#11309),.UNSPECIFIED.,
  .F.,.F.,(2,2),(0.,4.18),.PIECEWISE_BEZIER_KNOTS.);
#11308 = CARTESIAN_POINT('',(-10.40203696878,-103.565915737,-2.09));
#11309 = CARTESIAN_POINT('',(-10.40203696878,-103.565915737,2.09));
#11310 = ORIENTED_EDGE('',*,*,#11311,.F.);
#11311 = EDGE_CURVE('',#11239,#11305,#11312,.T.);
#11312 = ( BOUNDED_CURVE() B_SPLINE_CURVE(11,(#11313,#11314,#11315,
    #11316,#11317,#11318,#11319,#11320,#11321,#11322,#11323,#11324,
    #11325,#11326,#11327,#11328,#11329,#11330,#11331,#11332,#11333,
#11334),.UNSPECIFIED.,.F.,.F.) B_SPLINE_CURVE_WITH_KNOTS((12,10,12),(
    13.140424279678,61.339595333872,109.53876638806),.UNSPECIFIED.) 
CURVE() GEOMETRIC_REPRESENTATION_ITEM() RATIONAL_B_SPLINE_CURVE((1.,1.,
    1.,1.000000000001,0.999999999998,1.000000000002,0.999999999998,
    1.000000000001,0.999999999999,1.,1.,1.,1.,1.,1.000000000001,
0.999999999999,1.000000000001,1.,1.,1.,1.,1.)) REPRESENTATION_ITEM('') 
  );
#11313 = CARTESIAN_POINT('',(-10.40203696878,-8.005014082736,1.59));
#11314 = CARTESIAN_POINT('',(-10.40203696878,-12.66518610826,1.59));
#11315 = CARTESIAN_POINT('',(-10.40203696878,-16.44702738102,1.59));
#11316 = CARTESIAN_POINT('',(-10.40203696878,-20.17244521141,1.59));
#11317 = CARTESIAN_POINT('',(-10.40203696878,-23.89479174556,1.59));
#11318 = CARTESIAN_POINT('',(-10.40203696878,-27.79553751877,1.59));
#11319 = CARTESIAN_POINT('',(-10.40203696878,-31.82510240892,1.59));
#11320 = CARTESIAN_POINT('',(-10.40203696878,-36.05682325411,1.59));
#11321 = CARTESIAN_POINT('',(-10.40203696878,-40.43139689626,1.59));
#11322 = CARTESIAN_POINT('',(-10.40203696878,-44.9338930756,1.59));
#11323 = CARTESIAN_POINT('',(-10.40203696878,-49.51581357385,1.59));
#11324 = CARTESIAN_POINT('',(-10.40203696878,-58.76138800459,1.59));
#11325 = CARTESIAN_POINT('',(-10.40203696878,-63.42481771221,1.59));
#11326 = CARTESIAN_POINT('',(-10.40203696878,-68.08911728722,1.59));
#11327 = CARTESIAN_POINT('',(-10.40203696878,-72.71517641244,1.59));
#11328 = CARTESIAN_POINT('',(-10.40203696878,-77.27489679243,1.59));
#11329 = CARTESIAN_POINT('',(-10.40203696878,-81.75738524282,1.59));
#11330 = CARTESIAN_POINT('',(-10.40203696878,-86.17009808747,1.59));
#11331 = CARTESIAN_POINT('',(-10.40203696878,-90.53476246219,1.59));
#11332 = CARTESIAN_POINT('',(-10.40203696878,-94.87861779385,1.59));
#11333 = CARTESIAN_POINT('',(-10.40203696878,-99.22223838909,1.59));
#11334 = CARTESIAN_POINT('',(-10.40203696878,-103.565915737,1.59));
#11335 = ORIENTED_EDGE('',*,*,#11256,.F.);
#11336 = ORIENTED_EDGE('',*,*,#10335,.F.);
#11337 = B_SPLINE_SURFACE_WITH_KNOTS('',1,1,(
    (#11338,#11339)
    ,(#11340,#11341
    )),.UNSPECIFIED.,.F.,.F.,.F.,(2,2),(2,2),(0.,78.328607913347),(-4.18
    ,0.),.PIECEWISE_BEZIER_KNOTS.);
#11338 = CARTESIAN_POINT('',(-10.40203696878,-103.565915737,2.09));
#11339 = CARTESIAN_POINT('',(-10.40203696878,-103.565915737,-2.09));
#11340 = CARTESIAN_POINT('',(-10.40203696878,-8.005014082736,2.09));
#11341 = CARTESIAN_POINT('',(-10.40203696878,-8.005014082736,-2.09));
#11342 = ADVANCED_FACE('',(#11343),#11359,.T.);
#11343 = FACE_BOUND('',#11344,.T.);
#11344 = EDGE_LOOP('',(#11345,#11346,#11353,#11358));
#11345 = ORIENTED_EDGE('',*,*,#11272,.T.);
#11346 = ORIENTED_EDGE('',*,*,#11347,.F.);
#11347 = EDGE_CURVE('',#11348,#11273,#11350,.T.);
#11348 = VERTEX_POINT('',#11349);
#11349 = CARTESIAN_POINT('',(99.03440646,-105.0883356,1.59));
#11350 = B_SPLINE_CURVE_WITH_KNOTS('',1,(#11351,#11352),.UNSPECIFIED.,
  .F.,.F.,(2,2),(225.40889866491,325.44721983654),
  .PIECEWISE_BEZIER_KNOTS.);
#11351 = CARTESIAN_POINT('',(99.03440646,-105.0883356,1.59));
#11352 = CARTESIAN_POINT('',(99.03440646,-5.91907644,1.59));
#11353 = ORIENTED_EDGE('',*,*,#11354,.F.);
#11354 = EDGE_CURVE('',#10358,#11348,#11355,.T.);
#11355 = B_SPLINE_CURVE_WITH_KNOTS('',1,(#11356,#11357),.UNSPECIFIED.,
  .F.,.F.,(2,2),(0.,4.18),.PIECEWISE_BEZIER_KNOTS.);
#11356 = CARTESIAN_POINT('',(99.03440646,-105.0883356,-2.09));
#11357 = CARTESIAN_POINT('',(99.03440646,-105.0883356,2.09));
#11358 = ORIENTED_EDGE('',*,*,#10365,.F.);
#11359 = B_SPLINE_SURFACE_WITH_KNOTS('',1,1,(
    (#11360,#11361)
    ,(#11362,#11363
    )),.UNSPECIFIED.,.F.,.F.,.F.,(2,2),(2,2),(0.,81.286278),(-4.18,0.),
  .PIECEWISE_BEZIER_KNOTS.);
#11360 = CARTESIAN_POINT('',(99.03440646,-5.91907644,2.09));
#11361 = CARTESIAN_POINT('',(99.03440646,-5.91907644,-2.09));
#11362 = CARTESIAN_POINT('',(99.03440646,-105.0883356,2.09));
#11363 = CARTESIAN_POINT('',(99.03440646,-105.0883356,-2.09));
#11364 = ADVANCED_FACE('',(#11365),#11389,.F.);
#11365 = FACE_BOUND('',#11366,.F.);
#11366 = EDGE_LOOP('',(#11367,#11368,#11383,#11388));
#11367 = ORIENTED_EDGE('',*,*,#11304,.T.);
#11368 = ORIENTED_EDGE('',*,*,#11369,.T.);
#11369 = EDGE_CURVE('',#11305,#11370,#11372,.T.);
#11370 = VERTEX_POINT('',#11371);
#11371 = CARTESIAN_POINT('',(-3.089748344311,-110.8782043614,1.59));
#11372 = ( BOUNDED_CURVE() B_SPLINE_CURVE(9,(#11373,#11374,#11375,#11376
    ,#11377,#11378,#11379,#11380,#11381,#11382),.UNSPECIFIED.,.F.,.F.) 
B_SPLINE_CURVE_WITH_KNOTS((10,10),(109.53876638806,119.97052788097),
.PIECEWISE_BEZIER_KNOTS.) CURVE() GEOMETRIC_REPRESENTATION_ITEM() 
RATIONAL_B_SPLINE_CURVE((1.,1.,1.,1.,1.,1.,1.,1.,1.,1.)) 
REPRESENTATION_ITEM('') );
#11373 = CARTESIAN_POINT('',(-10.40203696878,-103.565915737,1.59));
#11374 = CARTESIAN_POINT('',(-10.40203696878,-104.7149310419,1.59));
#11375 = CARTESIAN_POINT('',(-10.19908635918,-105.9481745218,1.59));
#11376 = CARTESIAN_POINT('',(-9.740725841949,-107.2139490605,1.59));
#11377 = CARTESIAN_POINT('',(-8.996321038068,-108.4295917545,1.59));
#11378 = CARTESIAN_POINT('',(-7.953424361865,-109.4724884307,1.59));
#11379 = CARTESIAN_POINT('',(-6.737781667827,-110.2168932346,1.59));
#11380 = CARTESIAN_POINT('',(-5.472007129151,-110.6752537518,1.59));
#11381 = CARTESIAN_POINT('',(-4.238763649279,-110.8782043614,1.59));
#11382 = CARTESIAN_POINT('',(-3.089748344311,-110.8782043614,1.59));
#11383 = ORIENTED_EDGE('',*,*,#11384,.F.);
#11384 = EDGE_CURVE('',#10343,#11370,#11385,.T.);
#11385 = B_SPLINE_CURVE_WITH_KNOTS('',1,(#11386,#11387),.UNSPECIFIED.,
  .F.,.F.,(2,2),(0.,4.18),.PIECEWISE_BEZIER_KNOTS.);
#11386 = CARTESIAN_POINT('',(-3.089748344311,-110.8782043614,-2.09));
#11387 = CARTESIAN_POINT('',(-3.089748344311,-110.8782043614,2.09));
#11388 = ORIENTED_EDGE('',*,*,#10342,.F.);
#11389 = ( BOUNDED_SURFACE() B_SPLINE_SURFACE(2,1,(
    (#11390,#11391)
    ,(#11392,#11393)
    ,(#11394,#11395
)),.UNSPECIFIED.,.F.,.F.,.F.) B_SPLINE_SURFACE_WITH_KNOTS((3,3),(2,2),(
    3.14159265359,4.712388980385),(-4.18,0.),.PIECEWISE_BEZIER_KNOTS.) 
GEOMETRIC_REPRESENTATION_ITEM() RATIONAL_B_SPLINE_SURFACE((
    (1.,1.)
    ,(0.707106781187,0.707106781187)
,(1.,1.))) REPRESENTATION_ITEM('') SURFACE() );
#11390 = CARTESIAN_POINT('',(-10.40203696878,-103.565915737,2.09));
#11391 = CARTESIAN_POINT('',(-10.40203696878,-103.565915737,-2.09));
#11392 = CARTESIAN_POINT('',(-10.40203696878,-110.8782043614,2.09));
#11393 = CARTESIAN_POINT('',(-10.40203696878,-110.8782043614,-2.09));
#11394 = CARTESIAN_POINT('',(-3.089748344311,-110.8782043614,2.09));
#11395 = CARTESIAN_POINT('',(-3.089748344311,-110.8782043614,-2.09));
#11396 = ADVANCED_FACE('',(#11397),#11421,.F.);
#11397 = FACE_BOUND('',#11398,.F.);
#11398 = EDGE_LOOP('',(#11399,#11406,#11419,#11420));
#11399 = ORIENTED_EDGE('',*,*,#11400,.T.);
#11400 = EDGE_CURVE('',#10351,#11401,#11403,.T.);
#11401 = VERTEX_POINT('',#11402);
#11402 = CARTESIAN_POINT('',(93.24453769851,-110.8782043614,1.59));
#11403 = B_SPLINE_CURVE_WITH_KNOTS('',1,(#11404,#11405),.UNSPECIFIED.,
  .F.,.F.,(2,2),(0.,4.18),.PIECEWISE_BEZIER_KNOTS.);
#11404 = CARTESIAN_POINT('',(93.24453769851,-110.8782043614,-2.09));
#11405 = CARTESIAN_POINT('',(93.24453769851,-110.8782043614,2.09));
#11406 = ORIENTED_EDGE('',*,*,#11407,.T.);
#11407 = EDGE_CURVE('',#11401,#11348,#11408,.T.);
#11408 = ( BOUNDED_CURVE() B_SPLINE_CURVE(9,(#11409,#11410,#11411,#11412
    ,#11413,#11414,#11415,#11416,#11417,#11418),.UNSPECIFIED.,.F.,.F.) 
B_SPLINE_CURVE_WITH_KNOTS((10,10),(217.14903187123,225.40889866491),
.PIECEWISE_BEZIER_KNOTS.) CURVE() GEOMETRIC_REPRESENTATION_ITEM() 
RATIONAL_B_SPLINE_CURVE((1.,1.,1.,1.,1.,1.,1.,1.,1.,1.)) 
REPRESENTATION_ITEM('') );
#11409 = CARTESIAN_POINT('',(93.24453769851,-110.8782043614,1.59));
#11410 = CARTESIAN_POINT('',(94.154327801494,-110.8782043614,1.59));
#11411 = CARTESIAN_POINT('',(95.130809757572,-110.7175081068,1.59));
#11412 = CARTESIAN_POINT('',(96.133049799908,-110.3545783352,1.59));
#11413 = CARTESIAN_POINT('',(97.095595457063,-109.7651587511,1.59));
#11414 = CARTESIAN_POINT('',(97.921360849693,-108.9393933585,1.59));
#11415 = CARTESIAN_POINT('',(98.510780433798,-107.9768477013,1.59));
#11416 = CARTESIAN_POINT('',(98.873710205387,-106.974607659,1.59));
#11417 = CARTESIAN_POINT('',(99.03440646,-105.9981257029,1.59));
#11418 = CARTESIAN_POINT('',(99.03440646,-105.0883356,1.59));
#11419 = ORIENTED_EDGE('',*,*,#11354,.F.);
#11420 = ORIENTED_EDGE('',*,*,#10357,.F.);
#11421 = ( BOUNDED_SURFACE() B_SPLINE_SURFACE(2,1,(
    (#11422,#11423)
    ,(#11424,#11425)
    ,(#11426,#11427
)),.UNSPECIFIED.,.F.,.F.,.F.) B_SPLINE_SURFACE_WITH_KNOTS((3,3),(2,2),(
    4.712388980385,6.28318530718),(-4.18,0.),.PIECEWISE_BEZIER_KNOTS.) 
GEOMETRIC_REPRESENTATION_ITEM() RATIONAL_B_SPLINE_SURFACE((
    (1.,1.)
    ,(0.707106781187,0.707106781187)
,(1.,1.))) REPRESENTATION_ITEM('') SURFACE() );
#11422 = CARTESIAN_POINT('',(93.24453769851,-110.8782043614,2.09));
#11423 = CARTESIAN_POINT('',(93.24453769851,-110.8782043614,-2.09));
#11424 = CARTESIAN_POINT('',(99.03440646,-110.8782043614,2.09));
#11425 = CARTESIAN_POINT('',(99.03440646,-110.8782043614,-2.09));
#11426 = CARTESIAN_POINT('',(99.03440646,-105.0883356,2.09));
#11427 = CARTESIAN_POINT('',(99.03440646,-105.0883356,-2.09));
#11428 = ADVANCED_FACE('',(#11429),#11439,.T.);
#11429 = FACE_BOUND('',#11430,.T.);
#11430 = EDGE_LOOP('',(#11431,#11432,#11437,#11438));
#11431 = ORIENTED_EDGE('',*,*,#11400,.T.);
#11432 = ORIENTED_EDGE('',*,*,#11433,.F.);
#11433 = EDGE_CURVE('',#11370,#11401,#11434,.T.);
#11434 = B_SPLINE_CURVE_WITH_KNOTS('',1,(#11435,#11436),.UNSPECIFIED.,
  .F.,.F.,(2,2),(119.97052788097,217.14903187123),
  .PIECEWISE_BEZIER_KNOTS.);
#11435 = CARTESIAN_POINT('',(-3.089748344311,-110.8782043614,1.59));
#11436 = CARTESIAN_POINT('',(93.24453769851,-110.8782043614,1.59));
#11437 = ORIENTED_EDGE('',*,*,#11384,.F.);
#11438 = ORIENTED_EDGE('',*,*,#10350,.F.);
#11439 = B_SPLINE_SURFACE_WITH_KNOTS('',1,1,(
    (#11440,#11441)
    ,(#11442,#11443
    )),.UNSPECIFIED.,.F.,.F.,.F.,(2,2),(2,2),(0.,78.962529543296),(-4.18
    ,0.),.PIECEWISE_BEZIER_KNOTS.);
#11440 = CARTESIAN_POINT('',(93.24453769851,-110.8782043614,2.09));
#11441 = CARTESIAN_POINT('',(93.24453769851,-110.8782043614,-2.09));
#11442 = CARTESIAN_POINT('',(-3.089748344311,-110.8782043614,2.09));
#11443 = CARTESIAN_POINT('',(-3.089748344311,-110.8782043614,-2.09));
#11444 = ADVANCED_FACE('',(#11445),#11461,.F.);
#11445 = FACE_BOUND('',#11446,.F.);
#11446 = EDGE_LOOP('',(#11447,#11453,#11454,#11460));
#11447 = ORIENTED_EDGE('',*,*,#11448,.F.);
#11448 = EDGE_CURVE('',#10434,#10733,#11449,.T.);
#11449 = LINE('',#11450,#11451);
#11450 = CARTESIAN_POINT('',(7.740425014496,-56.89988632202,-12.));
#11451 = VECTOR('',#11452,1.);
#11452 = DIRECTION('',(0.,0.,1.));
#11453 = ORIENTED_EDGE('',*,*,#10431,.F.);
#11454 = ORIENTED_EDGE('',*,*,#11455,.T.);
#11455 = EDGE_CURVE('',#10432,#10731,#11456,.T.);
#11456 = LINE('',#11457,#11458);
#11457 = CARTESIAN_POINT('',(7.778045749664,-57.32965564727,-12.));
#11458 = VECTOR('',#11459,1.);
#11459 = DIRECTION('',(0.,0.,1.));
#11460 = ORIENTED_EDGE('',*,*,#10730,.T.);
#11461 = PLANE('',#11462);
#11462 = AXIS2_PLACEMENT_3D('',#11463,#11464,#11465);
#11463 = CARTESIAN_POINT('',(7.75923538208,-57.11477098465,1.21100025177
    ));
#11464 = DIRECTION('',(-0.99619051259,-8.720357002939E-02,-0.));
#11465 = DIRECTION('',(8.720357002939E-02,-0.99619051259,0.));
#11466 = ADVANCED_FACE('',(#11467),#11478,.F.);
#11467 = FACE_BOUND('',#11468,.F.);
#11468 = EDGE_LOOP('',(#11469,#11470,#11471,#11477));
#11469 = ORIENTED_EDGE('',*,*,#11455,.F.);
#11470 = ORIENTED_EDGE('',*,*,#10657,.F.);
#11471 = ORIENTED_EDGE('',*,*,#11472,.T.);
#11472 = EDGE_CURVE('',#10651,#10741,#11473,.T.);
#11473 = LINE('',#11474,#11475);
#11474 = CARTESIAN_POINT('',(7.889695262909,-57.74633712768,-12.));
#11475 = VECTOR('',#11476,1.);
#11476 = DIRECTION('',(0.,0.,1.));
#11477 = ORIENTED_EDGE('',*,*,#10740,.T.);
#11478 = PLANE('',#11479);
#11479 = AXIS2_PLACEMENT_3D('',#11480,#11481,#11482);
#11480 = CARTESIAN_POINT('',(7.833870506287,-57.53799638748,
    1.21100025177));
#11481 = DIRECTION('',(-0.965925799011,-0.258819146905,-0.));
#11482 = DIRECTION('',(0.258819146905,-0.965925799011,0.));
#11483 = ADVANCED_FACE('',(#11484),#11495,.F.);
#11484 = FACE_BOUND('',#11485,.F.);
#11485 = EDGE_LOOP('',(#11486,#11487,#11488,#11494));
#11486 = ORIENTED_EDGE('',*,*,#11472,.F.);
#11487 = ORIENTED_EDGE('',*,*,#10650,.F.);
#11488 = ORIENTED_EDGE('',*,*,#11489,.T.);
#11489 = EDGE_CURVE('',#10644,#10749,#11490,.T.);
#11490 = LINE('',#11491,#11492);
#11491 = CARTESIAN_POINT('',(8.07196521759,-58.13738632202,-12.));
#11492 = VECTOR('',#11493,1.);
#11493 = DIRECTION('',(0.,0.,1.));
#11494 = ORIENTED_EDGE('',*,*,#10748,.T.);
#11495 = PLANE('',#11496);
#11496 = AXIS2_PLACEMENT_3D('',#11497,#11498,#11499);
#11497 = CARTESIAN_POINT('',(7.98083024025,-57.94186172485,1.21100025177
    ));
#11498 = DIRECTION('',(-0.906378156549,-0.422467321021,-0.));
#11499 = DIRECTION('',(0.422467321021,-0.906378156549,0.));
#11500 = ADVANCED_FACE('',(#11501),#11512,.F.);
#11501 = FACE_BOUND('',#11502,.F.);
#11502 = EDGE_LOOP('',(#11503,#11504,#11505,#11511));
#11503 = ORIENTED_EDGE('',*,*,#11489,.F.);
#11504 = ORIENTED_EDGE('',*,*,#10643,.F.);
#11505 = ORIENTED_EDGE('',*,*,#11506,.T.);
#11506 = EDGE_CURVE('',#10637,#10757,#11507,.T.);
#11507 = LINE('',#11508,#11509);
#11508 = CARTESIAN_POINT('',(8.319465637207,-58.49081687927,-12.));
#11509 = VECTOR('',#11510,1.);
#11510 = DIRECTION('',(0.,0.,1.));
#11511 = ORIENTED_EDGE('',*,*,#10756,.T.);
#11512 = PLANE('',#11513);
#11513 = AXIS2_PLACEMENT_3D('',#11514,#11515,#11516);
#11514 = CARTESIAN_POINT('',(8.195715427399,-58.31410160064,
    1.21100025177));
#11515 = DIRECTION('',(-0.819124080375,-0.573616370887,-0.));
#11516 = DIRECTION('',(0.573616370887,-0.819124080375,0.));
#11517 = ADVANCED_FACE('',(#11518),#11529,.F.);
#11518 = FACE_BOUND('',#11519,.F.);
#11519 = EDGE_LOOP('',(#11520,#11521,#11522,#11528));
#11520 = ORIENTED_EDGE('',*,*,#11506,.F.);
#11521 = ORIENTED_EDGE('',*,*,#10636,.F.);
#11522 = ORIENTED_EDGE('',*,*,#11523,.T.);
#11523 = EDGE_CURVE('',#10630,#10765,#11524,.T.);
#11524 = LINE('',#11525,#11526);
#11525 = CARTESIAN_POINT('',(8.624495506287,-58.79584674835,-12.));
#11526 = VECTOR('',#11527,1.);
#11527 = DIRECTION('',(0.,0.,1.));
#11528 = ORIENTED_EDGE('',*,*,#10764,.T.);
#11529 = PLANE('',#11530);
#11530 = AXIS2_PLACEMENT_3D('',#11531,#11532,#11533);
#11531 = CARTESIAN_POINT('',(8.471980571747,-58.64333181381,
    1.21100025177));
#11532 = DIRECTION('',(-0.707106781187,-0.707106781187,-0.));
#11533 = DIRECTION('',(-0.707106781187,0.707106781187,0.));
#11534 = ADVANCED_FACE('',(#11535),#11546,.F.);
#11535 = FACE_BOUND('',#11536,.F.);
#11536 = EDGE_LOOP('',(#11537,#11538,#11539,#11545));
#11537 = ORIENTED_EDGE('',*,*,#11523,.F.);
#11538 = ORIENTED_EDGE('',*,*,#10629,.F.);
#11539 = ORIENTED_EDGE('',*,*,#11540,.T.);
#11540 = EDGE_CURVE('',#10623,#10773,#11541,.T.);
#11541 = LINE('',#11542,#11543);
#11542 = CARTESIAN_POINT('',(8.977925014496,-59.04334716796,-12.));
#11543 = VECTOR('',#11544,1.);
#11544 = DIRECTION('',(0.,0.,1.));
#11545 = ORIENTED_EDGE('',*,*,#10772,.T.);
#11546 = PLANE('',#11547);
#11547 = AXIS2_PLACEMENT_3D('',#11548,#11549,#11550);
#11548 = CARTESIAN_POINT('',(8.801210260391,-58.91959695816,
    1.21100025177));
#11549 = DIRECTION('',(-0.573617513266,-0.819123280388,-0.));
#11550 = DIRECTION('',(-0.819123280388,0.573617513266,0.));
#11551 = ADVANCED_FACE('',(#11552),#11563,.F.);
#11552 = FACE_BOUND('',#11553,.F.);
#11553 = EDGE_LOOP('',(#11554,#11555,#11556,#11562));
#11554 = ORIENTED_EDGE('',*,*,#11540,.F.);
#11555 = ORIENTED_EDGE('',*,*,#10622,.F.);
#11556 = ORIENTED_EDGE('',*,*,#11557,.T.);
#11557 = EDGE_CURVE('',#10616,#10781,#11558,.T.);
#11558 = LINE('',#11559,#11560);
#11559 = CARTESIAN_POINT('',(9.36893119812,-59.2256160736,-12.));
#11560 = VECTOR('',#11561,1.);
#11561 = DIRECTION('',(0.,0.,1.));
#11562 = ORIENTED_EDGE('',*,*,#10780,.T.);
#11563 = PLANE('',#11564);
#11564 = AXIS2_PLACEMENT_3D('',#11565,#11566,#11567);
#11565 = CARTESIAN_POINT('',(9.173428106308,-59.13448162078,
    1.21100025177));
#11566 = DIRECTION('',(-0.422503499558,-0.906361292676,-0.));
#11567 = DIRECTION('',(-0.906361292676,0.422503499558,0.));
#11568 = ADVANCED_FACE('',(#11569),#11580,.F.);
#11569 = FACE_BOUND('',#11570,.F.);
#11570 = EDGE_LOOP('',(#11571,#11572,#11573,#11579));
#11571 = ORIENTED_EDGE('',*,*,#11557,.F.);
#11572 = ORIENTED_EDGE('',*,*,#10615,.F.);
#11573 = ORIENTED_EDGE('',*,*,#11574,.T.);
#11574 = EDGE_CURVE('',#10609,#10789,#11575,.T.);
#11575 = LINE('',#11576,#11577);
#11576 = CARTESIAN_POINT('',(9.78564414978,-59.33726768493,-12.));
#11577 = VECTOR('',#11578,1.);
#11578 = DIRECTION('',(0.,0.,1.));
#11579 = ORIENTED_EDGE('',*,*,#10788,.T.);
#11580 = PLANE('',#11581);
#11581 = AXIS2_PLACEMENT_3D('',#11582,#11583,#11584);
#11582 = CARTESIAN_POINT('',(9.57728767395,-59.28144187927,1.21100025177
    ));
#11583 = DIRECTION('',(-0.258805447013,-0.965929469783,-0.));
#11584 = DIRECTION('',(-0.965929469783,0.258805447013,0.));
#11585 = ADVANCED_FACE('',(#11586),#11597,.F.);
#11586 = FACE_BOUND('',#11587,.F.);
#11587 = EDGE_LOOP('',(#11588,#11589,#11590,#11596));
#11588 = ORIENTED_EDGE('',*,*,#11574,.F.);
#11589 = ORIENTED_EDGE('',*,*,#10608,.F.);
#11590 = ORIENTED_EDGE('',*,*,#11591,.T.);
#11591 = EDGE_CURVE('',#10602,#10797,#11592,.T.);
#11592 = LINE('',#11593,#11594);
#11593 = CARTESIAN_POINT('',(10.215425014496,-59.37488632202,-12.));
#11594 = VECTOR('',#11595,1.);
#11595 = DIRECTION('',(0.,0.,1.));
#11596 = ORIENTED_EDGE('',*,*,#10796,.T.);
#11597 = PLANE('',#11598);
#11598 = AXIS2_PLACEMENT_3D('',#11599,#11600,#11601);
#11599 = CARTESIAN_POINT('',(10.000534582138,-59.35607700347,
    1.21100025177));
#11600 = DIRECTION('',(-8.71964202705E-02,-0.996191138433,-0.));
#11601 = DIRECTION('',(-0.996191138433,8.71964202705E-02,0.));
#11602 = ADVANCED_FACE('',(#11603),#11614,.F.);
#11603 = FACE_BOUND('',#11604,.F.);
#11604 = EDGE_LOOP('',(#11605,#11606,#11607,#11613));
#11605 = ORIENTED_EDGE('',*,*,#11591,.F.);
#11606 = ORIENTED_EDGE('',*,*,#10601,.F.);
#11607 = ORIENTED_EDGE('',*,*,#11608,.T.);
#11608 = EDGE_CURVE('',#10595,#10805,#11609,.T.);
#11609 = LINE('',#11610,#11611);
#11610 = CARTESIAN_POINT('',(10.645205879211,-59.33726768493,-12.));
#11611 = VECTOR('',#11612,1.);
#11612 = DIRECTION('',(0.,0.,1.));
#11613 = ORIENTED_EDGE('',*,*,#10804,.T.);
#11614 = PLANE('',#11615);
#11615 = AXIS2_PLACEMENT_3D('',#11616,#11617,#11618);
#11616 = CARTESIAN_POINT('',(10.430315446854,-59.35607700347,
    1.21100025177));
#11617 = DIRECTION('',(8.71964202705E-02,-0.996191138433,0.));
#11618 = DIRECTION('',(-0.996191138433,-8.71964202705E-02,0.));
#11619 = ADVANCED_FACE('',(#11620),#11631,.F.);
#11620 = FACE_BOUND('',#11621,.F.);
#11621 = EDGE_LOOP('',(#11622,#11623,#11624,#11630));
#11622 = ORIENTED_EDGE('',*,*,#11608,.F.);
#11623 = ORIENTED_EDGE('',*,*,#10594,.F.);
#11624 = ORIENTED_EDGE('',*,*,#11625,.T.);
#11625 = EDGE_CURVE('',#10588,#10813,#11626,.T.);
#11626 = LINE('',#11627,#11628);
#11627 = CARTESIAN_POINT('',(11.061930370331,-59.2256160736,-12.));
#11628 = VECTOR('',#11629,1.);
#11629 = DIRECTION('',(0.,0.,1.));
#11630 = ORIENTED_EDGE('',*,*,#10812,.T.);
#11631 = PLANE('',#11632);
#11632 = AXIS2_PLACEMENT_3D('',#11633,#11634,#11635);
#11633 = CARTESIAN_POINT('',(10.853568124771,-59.28144187927,
    1.21100025177));
#11634 = DIRECTION('',(0.258798760467,-0.965931261313,0.));
#11635 = DIRECTION('',(-0.965931261313,-0.258798760467,0.));
#11636 = ADVANCED_FACE('',(#11637),#11648,.F.);
#11637 = FACE_BOUND('',#11638,.F.);
#11638 = EDGE_LOOP('',(#11639,#11640,#11641,#11647));
#11639 = ORIENTED_EDGE('',*,*,#11625,.F.);
#11640 = ORIENTED_EDGE('',*,*,#10587,.F.);
#11641 = ORIENTED_EDGE('',*,*,#11642,.T.);
#11642 = EDGE_CURVE('',#10581,#10821,#11643,.T.);
#11643 = LINE('',#11644,#11645);
#11644 = CARTESIAN_POINT('',(11.452925539017,-59.04334716796,-12.));
#11645 = VECTOR('',#11646,1.);
#11646 = DIRECTION('',(0.,0.,1.));
#11647 = ORIENTED_EDGE('',*,*,#10820,.T.);
#11648 = PLANE('',#11649);
#11649 = AXIS2_PLACEMENT_3D('',#11650,#11651,#11652);
#11650 = CARTESIAN_POINT('',(11.257427954674,-59.13448162078,
    1.21100025177));
#11651 = DIRECTION('',(0.422513277342,-0.906356734664,0.));
#11652 = DIRECTION('',(-0.906356734664,-0.422513277342,0.));
#11653 = ADVANCED_FACE('',(#11654),#11665,.F.);
#11654 = FACE_BOUND('',#11655,.F.);
#11655 = EDGE_LOOP('',(#11656,#11657,#11663,#11664));
#11656 = ORIENTED_EDGE('',*,*,#10580,.F.);
#11657 = ORIENTED_EDGE('',*,*,#11658,.T.);
#11658 = EDGE_CURVE('',#10574,#10829,#11659,.T.);
#11659 = LINE('',#11660,#11661);
#11660 = CARTESIAN_POINT('',(39.684427070618,-42.74383163452,-12.));
#11661 = VECTOR('',#11662,1.);
#11662 = DIRECTION('',(0.,0.,1.));
#11663 = ORIENTED_EDGE('',*,*,#10828,.T.);
#11664 = ORIENTED_EDGE('',*,*,#11642,.F.);
#11665 = PLANE('',#11666);
#11666 = AXIS2_PLACEMENT_3D('',#11667,#11668,#11669);
#11667 = CARTESIAN_POINT('',(25.568676304817,-50.89358940124,
    1.21100025177));
#11668 = DIRECTION('',(0.500001162411,-0.866024732665,0.));
#11669 = DIRECTION('',(-0.866024732665,-0.500001162411,0.));
#11670 = ADVANCED_FACE('',(#11671),#11682,.F.);
#11671 = FACE_BOUND('',#11672,.F.);
#11672 = EDGE_LOOP('',(#11673,#11679,#11680,#11681));
#11673 = ORIENTED_EDGE('',*,*,#11674,.F.);
#11674 = EDGE_CURVE('',#10837,#10567,#11675,.T.);
#11675 = LINE('',#11676,#11677);
#11676 = CARTESIAN_POINT('',(40.145325660706,-42.40066490173,
    14.42200050354));
#11677 = VECTOR('',#11678,1.);
#11678 = DIRECTION('',(0.,0.,-1.));
#11679 = ORIENTED_EDGE('',*,*,#10836,.T.);
#11680 = ORIENTED_EDGE('',*,*,#11658,.F.);
#11681 = ORIENTED_EDGE('',*,*,#10573,.F.);
#11682 = PLANE('',#11683);
#11683 = AXIS2_PLACEMENT_3D('',#11684,#11685,#11686);
#11684 = CARTESIAN_POINT('',(39.914876365662,-42.57224826812,
    1.21100025177));
#11685 = DIRECTION('',(0.597203877503,-0.802089476739,0.));
#11686 = DIRECTION('',(-0.802089476739,-0.597203877503,0.));
#11687 = ADVANCED_FACE('',(#11688),#11699,.F.);
#11688 = FACE_BOUND('',#11689,.F.);
#11689 = EDGE_LOOP('',(#11690,#11696,#11697,#11698));
#11690 = ORIENTED_EDGE('',*,*,#11691,.F.);
#11691 = EDGE_CURVE('',#10845,#10560,#11692,.T.);
#11692 = LINE('',#11693,#11694);
#11693 = CARTESIAN_POINT('',(40.514705848694,-41.96045603752,
    14.42200050354));
#11694 = VECTOR('',#11695,1.);
#11695 = DIRECTION('',(0.,0.,-1.));
#11696 = ORIENTED_EDGE('',*,*,#10844,.T.);
#11697 = ORIENTED_EDGE('',*,*,#11674,.T.);
#11698 = ORIENTED_EDGE('',*,*,#10566,.F.);
#11699 = PLANE('',#11700);
#11700 = AXIS2_PLACEMENT_3D('',#11701,#11702,#11703);
#11701 = CARTESIAN_POINT('',(40.3300157547,-42.18056046962,1.21100025177
    ));
#11702 = DIRECTION('',(0.766043507082,-0.64278872521,0.));
#11703 = DIRECTION('',(0.64278872521,0.766043507082,0.));
#11704 = ADVANCED_FACE('',(#11705),#11716,.F.);
#11705 = FACE_BOUND('',#11706,.F.);
#11706 = EDGE_LOOP('',(#11707,#11708,#11709,#11710));
#11707 = ORIENTED_EDGE('',*,*,#10852,.T.);
#11708 = ORIENTED_EDGE('',*,*,#11691,.T.);
#11709 = ORIENTED_EDGE('',*,*,#10559,.T.);
#11710 = ORIENTED_EDGE('',*,*,#11711,.F.);
#11711 = EDGE_CURVE('',#10853,#10553,#11712,.T.);
#11712 = LINE('',#11713,#11714);
#11713 = CARTESIAN_POINT('',(40.772656822205,-41.44691548347,
    14.42200050354));
#11714 = VECTOR('',#11715,1.);
#11715 = DIRECTION('',(0.,0.,-1.));
#11716 = PLANE('',#11717);
#11717 = AXIS2_PLACEMENT_3D('',#11718,#11719,#11720);
#11718 = CARTESIAN_POINT('',(40.643681335449,-41.70368576049,
    1.21100025177));
#11719 = DIRECTION('',(0.893603876254,-0.448856449596,0.));
#11720 = DIRECTION('',(0.448856449596,0.893603876254,0.));
#11721 = ADVANCED_FACE('',(#11722),#11733,.F.);
#11722 = FACE_BOUND('',#11723,.F.);
#11723 = EDGE_LOOP('',(#11724,#11725,#11726,#11727));
#11724 = ORIENTED_EDGE('',*,*,#10860,.T.);
#11725 = ORIENTED_EDGE('',*,*,#11711,.T.);
#11726 = ORIENTED_EDGE('',*,*,#10552,.T.);
#11727 = ORIENTED_EDGE('',*,*,#11728,.F.);
#11728 = EDGE_CURVE('',#10861,#10546,#11729,.T.);
#11729 = LINE('',#11730,#11731);
#11730 = CARTESIAN_POINT('',(40.905207443237,-40.88774580955,
    14.42200050354));
#11731 = VECTOR('',#11732,1.);
#11732 = DIRECTION('',(0.,0.,-1.));
#11733 = PLANE('',#11734);
#11734 = AXIS2_PLACEMENT_3D('',#11735,#11736,#11737);
#11735 = CARTESIAN_POINT('',(40.838932132721,-41.16733064651,
    1.21100025177));
#11736 = DIRECTION('',(0.97303511775,-0.230657017288,0.));
#11737 = DIRECTION('',(0.230657017288,0.97303511775,0.));
#11738 = ADVANCED_FACE('',(#11739),#11750,.F.);
#11739 = FACE_BOUND('',#11740,.F.);
#11740 = EDGE_LOOP('',(#11741,#11742,#11743,#11744));
#11741 = ORIENTED_EDGE('',*,*,#10868,.T.);
#11742 = ORIENTED_EDGE('',*,*,#11728,.T.);
#11743 = ORIENTED_EDGE('',*,*,#10545,.T.);
#11744 = ORIENTED_EDGE('',*,*,#11745,.F.);
#11745 = EDGE_CURVE('',#10869,#10539,#11746,.T.);
#11746 = LINE('',#11747,#11748);
#11747 = CARTESIAN_POINT('',(40.905207443237,-40.31308598518,
    14.42200050354));
#11748 = VECTOR('',#11749,1.);
#11749 = DIRECTION('',(0.,0.,-1.));
#11750 = PLANE('',#11751);
#11751 = AXIS2_PLACEMENT_3D('',#11752,#11753,#11754);
#11752 = CARTESIAN_POINT('',(40.905207443237,-40.60041589736,
    1.21100025177));
#11753 = DIRECTION('',(1.,0.,0.));
#11754 = DIRECTION('',(0.,0.,1.));
#11755 = ADVANCED_FACE('',(#11756),#11767,.F.);
#11756 = FACE_BOUND('',#11757,.F.);
#11757 = EDGE_LOOP('',(#11758,#11764,#11765,#11766));
#11758 = ORIENTED_EDGE('',*,*,#11759,.F.);
#11759 = EDGE_CURVE('',#10877,#10532,#11760,.T.);
#11760 = LINE('',#11761,#11762);
#11761 = CARTESIAN_POINT('',(40.772656822205,-39.75391631126,
    14.42200050354));
#11762 = VECTOR('',#11763,1.);
#11763 = DIRECTION('',(0.,0.,-1.));
#11764 = ORIENTED_EDGE('',*,*,#10876,.T.);
#11765 = ORIENTED_EDGE('',*,*,#11745,.T.);
#11766 = ORIENTED_EDGE('',*,*,#10538,.T.);
#11767 = PLANE('',#11768);
#11768 = AXIS2_PLACEMENT_3D('',#11769,#11770,#11771);
#11769 = CARTESIAN_POINT('',(40.838932132721,-40.03350114822,
    1.21100025177));
#11770 = DIRECTION('',(0.97303511775,0.230657017288,0.));
#11771 = DIRECTION('',(-0.230657017288,0.97303511775,0.));
#11772 = ADVANCED_FACE('',(#11773),#11784,.F.);
#11773 = FACE_BOUND('',#11774,.F.);
#11774 = EDGE_LOOP('',(#11775,#11776,#11777,#11778));
#11775 = ORIENTED_EDGE('',*,*,#10884,.T.);
#11776 = ORIENTED_EDGE('',*,*,#11759,.T.);
#11777 = ORIENTED_EDGE('',*,*,#10531,.T.);
#11778 = ORIENTED_EDGE('',*,*,#11779,.F.);
#11779 = EDGE_CURVE('',#10885,#10525,#11780,.T.);
#11780 = LINE('',#11781,#11782);
#11781 = CARTESIAN_POINT('',(40.514705848694,-39.24037575721,
    14.42200050354));
#11782 = VECTOR('',#11783,1.);
#11783 = DIRECTION('',(0.,0.,-1.));
#11784 = PLANE('',#11785);
#11785 = AXIS2_PLACEMENT_3D('',#11786,#11787,#11788);
#11786 = CARTESIAN_POINT('',(40.643681335449,-39.49714603424,
    1.21100025177));
#11787 = DIRECTION('',(0.893603876254,0.448856449596,0.));
#11788 = DIRECTION('',(-0.448856449596,0.893603876254,0.));
#11789 = ADVANCED_FACE('',(#11790),#11801,.F.);
#11790 = FACE_BOUND('',#11791,.F.);
#11791 = EDGE_LOOP('',(#11792,#11793,#11794,#11800));
#11792 = ORIENTED_EDGE('',*,*,#11779,.T.);
#11793 = ORIENTED_EDGE('',*,*,#10524,.T.);
#11794 = ORIENTED_EDGE('',*,*,#11795,.T.);
#11795 = EDGE_CURVE('',#10518,#10893,#11796,.T.);
#11796 = LINE('',#11797,#11798);
#11797 = CARTESIAN_POINT('',(40.145325660706,-38.800166893,-12.));
#11798 = VECTOR('',#11799,1.);
#11799 = DIRECTION('',(0.,0.,1.));
#11800 = ORIENTED_EDGE('',*,*,#10892,.T.);
#11801 = PLANE('',#11802);
#11802 = AXIS2_PLACEMENT_3D('',#11803,#11804,#11805);
#11803 = CARTESIAN_POINT('',(40.3300157547,-39.02027132511,1.21100025177
    ));
#11804 = DIRECTION('',(0.766043507082,0.64278872521,0.));
#11805 = DIRECTION('',(-0.64278872521,0.766043507082,0.));
#11806 = ADVANCED_FACE('',(#11807),#11818,.F.);
#11807 = FACE_BOUND('',#11808,.F.);
#11808 = EDGE_LOOP('',(#11809,#11815,#11816,#11817));
#11809 = ORIENTED_EDGE('',*,*,#11810,.F.);
#11810 = EDGE_CURVE('',#10901,#10511,#11811,.T.);
#11811 = LINE('',#11812,#11813);
#11812 = CARTESIAN_POINT('',(39.684427070618,-38.45700016021,
    14.42200050354));
#11813 = VECTOR('',#11814,1.);
#11814 = DIRECTION('',(0.,0.,-1.));
#11815 = ORIENTED_EDGE('',*,*,#10900,.T.);
#11816 = ORIENTED_EDGE('',*,*,#11795,.F.);
#11817 = ORIENTED_EDGE('',*,*,#10517,.T.);
#11818 = PLANE('',#11819);
#11819 = AXIS2_PLACEMENT_3D('',#11820,#11821,#11822);
#11820 = CARTESIAN_POINT('',(39.914876365662,-38.62858352661,
    1.21100025177));
#11821 = DIRECTION('',(0.597203877503,0.802089476739,0.));
#11822 = DIRECTION('',(0.802089476739,-0.597203877503,0.));
#11823 = ADVANCED_FACE('',(#11824),#11835,.F.);
#11824 = FACE_BOUND('',#11825,.F.);
#11825 = EDGE_LOOP('',(#11826,#11827,#11828,#11834));
#11826 = ORIENTED_EDGE('',*,*,#11810,.T.);
#11827 = ORIENTED_EDGE('',*,*,#10510,.T.);
#11828 = ORIENTED_EDGE('',*,*,#11829,.F.);
#11829 = EDGE_CURVE('',#10909,#10504,#11830,.T.);
#11830 = LINE('',#11831,#11832);
#11831 = CARTESIAN_POINT('',(11.452925539017,-22.15748567581,
    14.42200050354));
#11832 = VECTOR('',#11833,1.);
#11833 = DIRECTION('',(0.,0.,-1.));
#11834 = ORIENTED_EDGE('',*,*,#10908,.T.);
#11835 = PLANE('',#11836);
#11836 = AXIS2_PLACEMENT_3D('',#11837,#11838,#11839);
#11837 = CARTESIAN_POINT('',(25.568676304817,-30.30724291801,
    1.21100025177));
#11838 = DIRECTION('',(0.500001138276,0.866024746599,0.));
#11839 = DIRECTION('',(0.866024746599,-0.500001138276,0.));
#11840 = ADVANCED_FACE('',(#11841),#11852,.F.);
#11841 = FACE_BOUND('',#11842,.F.);
#11842 = EDGE_LOOP('',(#11843,#11844,#11845,#11846));
#11843 = ORIENTED_EDGE('',*,*,#10916,.T.);
#11844 = ORIENTED_EDGE('',*,*,#11829,.T.);
#11845 = ORIENTED_EDGE('',*,*,#10503,.T.);
#11846 = ORIENTED_EDGE('',*,*,#11847,.F.);
#11847 = EDGE_CURVE('',#10917,#10497,#11848,.T.);
#11848 = LINE('',#11849,#11850);
#11849 = CARTESIAN_POINT('',(10.925266456604,-21.92989606857,
    14.42200050354));
#11850 = VECTOR('',#11851,1.);
#11851 = DIRECTION('',(0.,0.,-1.));
#11852 = PLANE('',#11853);
#11853 = AXIS2_PLACEMENT_3D('',#11854,#11855,#11856);
#11854 = CARTESIAN_POINT('',(11.18909599781,-22.04369087219,
    1.21100025177));
#11855 = DIRECTION('',(0.396049977013,0.918228956039,0.));
#11856 = DIRECTION('',(0.918228956039,-0.396049977013,0.));
#11857 = ADVANCED_FACE('',(#11858),#11869,.F.);
#11858 = FACE_BOUND('',#11859,.F.);
#11859 = EDGE_LOOP('',(#11860,#11861,#11862,#11863));
#11860 = ORIENTED_EDGE('',*,*,#10924,.T.);
#11861 = ORIENTED_EDGE('',*,*,#11847,.T.);
#11862 = ORIENTED_EDGE('',*,*,#10496,.T.);
#11863 = ORIENTED_EDGE('',*,*,#11864,.T.);
#11864 = EDGE_CURVE('',#10490,#10925,#11865,.T.);
#11865 = LINE('',#11866,#11867);
#11866 = CARTESIAN_POINT('',(10.359338855743,-21.83012590408,-12.));
#11867 = VECTOR('',#11868,1.);
#11868 = DIRECTION('',(0.,0.,1.));
#11869 = PLANE('',#11870);
#11870 = AXIS2_PLACEMENT_3D('',#11871,#11872,#11873);
#11871 = CARTESIAN_POINT('',(10.642302656174,-21.88001098632,
    1.21100025177));
#11872 = DIRECTION('',(0.17361756153,0.984813150972,0.));
#11873 = DIRECTION('',(0.984813150972,-0.17361756153,0.));
#11874 = ADVANCED_FACE('',(#11875),#11886,.F.);
#11875 = FACE_BOUND('',#11876,.F.);
#11876 = EDGE_LOOP('',(#11877,#11878,#11879,#11885));
#11877 = ORIENTED_EDGE('',*,*,#11864,.F.);
#11878 = ORIENTED_EDGE('',*,*,#10489,.T.);
#11879 = ORIENTED_EDGE('',*,*,#11880,.T.);
#11880 = EDGE_CURVE('',#10483,#10933,#11881,.T.);
#11881 = LINE('',#11882,#11883);
#11882 = CARTESIAN_POINT('',(9.78564414978,-21.86356515884,-12.));
#11883 = VECTOR('',#11884,1.);
#11884 = DIRECTION('',(0.,0.,1.));
#11885 = ORIENTED_EDGE('',*,*,#10932,.T.);
#11886 = PLANE('',#11887);
#11887 = AXIS2_PLACEMENT_3D('',#11888,#11889,#11890);
#11888 = CARTESIAN_POINT('',(10.072491502762,-21.84684553146,
    1.21100025177));
#11889 = DIRECTION('',(-5.818878029437E-02,0.998305597424,0.));
#11890 = DIRECTION('',(0.998305597424,5.818878029437E-02,0.));
#11891 = ADVANCED_FACE('',(#11892),#11903,.F.);
#11892 = FACE_BOUND('',#11893,.F.);
#11893 = EDGE_LOOP('',(#11894,#11895,#11896,#11902));
#11894 = ORIENTED_EDGE('',*,*,#11880,.F.);
#11895 = ORIENTED_EDGE('',*,*,#10482,.T.);
#11896 = ORIENTED_EDGE('',*,*,#11897,.T.);
#11897 = EDGE_CURVE('',#10476,#10941,#11898,.T.);
#11898 = LINE('',#11899,#11900);
#11899 = CARTESIAN_POINT('',(9.235126972198,-22.02834653854,-12.));
#11900 = VECTOR('',#11901,1.);
#11901 = DIRECTION('',(0.,0.,1.));
#11902 = ORIENTED_EDGE('',*,*,#10940,.T.);
#11903 = PLANE('',#11904);
#11904 = AXIS2_PLACEMENT_3D('',#11905,#11906,#11907);
#11905 = CARTESIAN_POINT('',(9.510385560989,-21.94595584869,
    1.21100025177));
#11906 = DIRECTION('',(-0.286751098181,0.958005118823,0.));
#11907 = DIRECTION('',(0.958005118823,0.286751098181,0.));
#11908 = ADVANCED_FACE('',(#11909),#11920,.F.);
#11909 = FACE_BOUND('',#11910,.F.);
#11910 = EDGE_LOOP('',(#11911,#11912,#11913,#11919));
#11911 = ORIENTED_EDGE('',*,*,#11897,.F.);
#11912 = ORIENTED_EDGE('',*,*,#10475,.T.);
#11913 = ORIENTED_EDGE('',*,*,#11914,.T.);
#11914 = EDGE_CURVE('',#10469,#10949,#11915,.T.);
#11915 = LINE('',#11916,#11917);
#11916 = CARTESIAN_POINT('',(8.737454223633,-22.31566648483,-12.));
#11917 = VECTOR('',#11918,1.);
#11918 = DIRECTION('',(0.,0.,1.));
#11919 = ORIENTED_EDGE('',*,*,#10948,.T.);
#11920 = PLANE('',#11921);
#11921 = AXIS2_PLACEMENT_3D('',#11922,#11923,#11924);
#11922 = CARTESIAN_POINT('',(8.986290597916,-22.17200651168,
    1.21100025177));
#11923 = DIRECTION('',(-0.499984926942,0.866034106043,0.));
#11924 = DIRECTION('',(0.866034106043,0.499984926942,0.));
#11925 = ADVANCED_FACE('',(#11926),#11937,.F.);
#11926 = FACE_BOUND('',#11927,.F.);
#11927 = EDGE_LOOP('',(#11928,#11929,#11930,#11936));
#11928 = ORIENTED_EDGE('',*,*,#11914,.F.);
#11929 = ORIENTED_EDGE('',*,*,#10468,.T.);
#11930 = ORIENTED_EDGE('',*,*,#11931,.T.);
#11931 = EDGE_CURVE('',#10462,#10957,#11932,.T.);
#11932 = LINE('',#11933,#11934);
#11933 = CARTESIAN_POINT('',(8.319465637207,-22.7100159645,-12.));
#11934 = VECTOR('',#11935,1.);
#11935 = DIRECTION('',(0.,0.,1.));
#11936 = ORIENTED_EDGE('',*,*,#10956,.T.);
#11937 = PLANE('',#11938);
#11938 = AXIS2_PLACEMENT_3D('',#11939,#11940,#11941);
#11939 = CARTESIAN_POINT('',(8.52845993042,-22.51284122467,1.21100025177
    ));
#11940 = DIRECTION('',(-0.686239416358,0.727375737454,0.));
#11941 = DIRECTION('',(0.727375737454,0.686239416358,0.));
#11942 = ADVANCED_FACE('',(#11943),#11954,.F.);
#11943 = FACE_BOUND('',#11944,.F.);
#11944 = EDGE_LOOP('',(#11945,#11946,#11947,#11953));
#11945 = ORIENTED_EDGE('',*,*,#11931,.F.);
#11946 = ORIENTED_EDGE('',*,*,#10461,.T.);
#11947 = ORIENTED_EDGE('',*,*,#11948,.T.);
#11948 = EDGE_CURVE('',#10455,#10965,#11949,.T.);
#11949 = LINE('',#11950,#11951);
#11950 = CARTESIAN_POINT('',(8.003655815125,-23.19016551971,-12.));
#11951 = VECTOR('',#11952,1.);
#11952 = DIRECTION('',(0.,0.,1.));
#11953 = ORIENTED_EDGE('',*,*,#10964,.T.);
#11954 = PLANE('',#11955);
#11955 = AXIS2_PLACEMENT_3D('',#11956,#11957,#11958);
#11956 = CARTESIAN_POINT('',(8.161560726166,-22.95009074211,
    1.21100025177));
#11957 = DIRECTION('',(-0.835479429864,0.549521721385,0.));
#11958 = DIRECTION('',(-0.549521721385,-0.835479429864,0.));
#11959 = ADVANCED_FACE('',(#11960),#11971,.F.);
#11960 = FACE_BOUND('',#11961,.F.);
#11961 = EDGE_LOOP('',(#11962,#11963,#11964,#11970));
#11962 = ORIENTED_EDGE('',*,*,#11948,.F.);
#11963 = ORIENTED_EDGE('',*,*,#10454,.T.);
#11964 = ORIENTED_EDGE('',*,*,#11965,.T.);
#11965 = EDGE_CURVE('',#10448,#10973,#11966,.T.);
#11966 = LINE('',#11967,#11968);
#11967 = CARTESIAN_POINT('',(7.807085323334,-23.73015556335,-12.));
#11968 = VECTOR('',#11969,1.);
#11969 = DIRECTION('',(0.,0.,1.));
#11970 = ORIENTED_EDGE('',*,*,#10972,.T.);
#11971 = PLANE('',#11972);
#11972 = AXIS2_PLACEMENT_3D('',#11973,#11974,#11975);
#11973 = CARTESIAN_POINT('',(7.905370569229,-23.46016054153,
    1.21100025177));
#11974 = DIRECTION('',(-0.93967573546,0.342066531816,0.));
#11975 = DIRECTION('',(-0.342066531816,-0.93967573546,0.));
#11976 = ADVANCED_FACE('',(#11977),#11988,.F.);
#11977 = FACE_BOUND('',#11978,.F.);
#11978 = EDGE_LOOP('',(#11979,#11980,#11986,#11987));
#11979 = ORIENTED_EDGE('',*,*,#10447,.F.);
#11980 = ORIENTED_EDGE('',*,*,#11981,.F.);
#11981 = EDGE_CURVE('',#10981,#10441,#11982,.T.);
#11982 = LINE('',#11983,#11984);
#11983 = CARTESIAN_POINT('',(7.740425014496,-24.30094547271,
    14.42200050354));
#11984 = VECTOR('',#11985,1.);
#11985 = DIRECTION('',(0.,0.,-1.));
#11986 = ORIENTED_EDGE('',*,*,#10980,.T.);
#11987 = ORIENTED_EDGE('',*,*,#11965,.F.);
#11988 = PLANE('',#11989);
#11989 = AXIS2_PLACEMENT_3D('',#11990,#11991,#11992);
#11990 = CARTESIAN_POINT('',(7.773755168915,-24.01555051803,
    1.21100025177));
#11991 = DIRECTION('',(-0.993249481939,0.115997700963,0.));
#11992 = DIRECTION('',(-0.115997700963,-0.993249481939,0.));
#11993 = ADVANCED_FACE('',(#11994),#12000,.F.);
#11994 = FACE_BOUND('',#11995,.F.);
#11995 = EDGE_LOOP('',(#11996,#11997,#11998,#11999));
#11996 = ORIENTED_EDGE('',*,*,#10440,.F.);
#11997 = ORIENTED_EDGE('',*,*,#11448,.T.);
#11998 = ORIENTED_EDGE('',*,*,#10988,.T.);
#11999 = ORIENTED_EDGE('',*,*,#11981,.T.);
#12000 = PLANE('',#12001);
#12001 = AXIS2_PLACEMENT_3D('',#12002,#12003,#12004);
#12002 = CARTESIAN_POINT('',(7.740425014496,-40.60041589736,
    1.21100025177));
#12003 = DIRECTION('',(-1.,-0.,-0.));
#12004 = DIRECTION('',(0.,0.,-1.));
#12005 = ADVANCED_FACE('',(#12006),#12022,.F.);
#12006 = FACE_BOUND('',#12007,.F.);
#12007 = EDGE_LOOP('',(#12008,#12014,#12015,#12021));
#12008 = ORIENTED_EDGE('',*,*,#12009,.T.);
#12009 = EDGE_CURVE('',#11181,#11038,#12010,.T.);
#12010 = ( BOUNDED_CURVE() B_SPLINE_CURVE(2,(#12011,#12012,#12013),
.UNSPECIFIED.,.F.,.F.) B_SPLINE_CURVE_WITH_KNOTS((3,3),(0.,
4.049517430084),.PIECEWISE_BEZIER_KNOTS.) CURVE() 
GEOMETRIC_REPRESENTATION_ITEM() RATIONAL_B_SPLINE_CURVE((1.,
0.707106781187,1.)) REPRESENTATION_ITEM('') );
#12011 = CARTESIAN_POINT('',(-0.129672341121,-1.382820330557,1.59));
#12012 = CARTESIAN_POINT('',(-0.129672341121,-1.382820330557,2.09));
#12013 = CARTESIAN_POINT('',(-0.112260766775,-1.88251710702,2.09));
#12014 = ORIENTED_EDGE('',*,*,#11037,.T.);
#12015 = ORIENTED_EDGE('',*,*,#12016,.F.);
#12016 = EDGE_CURVE('',#11188,#11040,#12017,.T.);
#12017 = ( BOUNDED_CURVE() B_SPLINE_CURVE(2,(#12018,#12019,#12020),
.UNSPECIFIED.,.F.,.F.) B_SPLINE_CURVE_WITH_KNOTS((3,3),(0.,
4.049517430084),.PIECEWISE_BEZIER_KNOTS.) CURVE() 
GEOMETRIC_REPRESENTATION_ITEM() RATIONAL_B_SPLINE_CURVE((1.,
0.707106781187,1.)) REPRESENTATION_ITEM('') );
#12018 = CARTESIAN_POINT('',(-4.141575699734,-1.522612214129,1.59));
#12019 = CARTESIAN_POINT('',(-4.141575699734,-1.522612214129,2.09));
#12020 = CARTESIAN_POINT('',(-4.096895650032,-2.020611906055,2.09));
#12021 = ORIENTED_EDGE('',*,*,#11187,.F.);
#12022 = ( BOUNDED_SURFACE() B_SPLINE_SURFACE(2,8,(
    (#12023,#12024,#12025,#12026,#12027,#12028,#12029,#12030,#12031)
    ,(#12032,#12033,#12034,#12035,#12036,#12037,#12038,#12039,#12040)
    ,(#12041,#12042,#12043,#12044,#12045,#12046,#12047,#12048,#12049
)),.UNSPECIFIED.,.F.,.F.,.F.) B_SPLINE_SURFACE_WITH_KNOTS((3,3),(9,9),(
    0.,4.049517430084),(1.13E-14,4.049517430084),
.PIECEWISE_BEZIER_KNOTS.) GEOMETRIC_REPRESENTATION_ITEM() 
RATIONAL_B_SPLINE_SURFACE((
    (1.,1.,1.,1.,1.,1.,1.,1.,1.)
    ,(0.707106781187,0.707106781187,0.707106781187,0.707106781187
      ,0.707106781187,0.707106781187,0.707106781187,0.707106781187
      ,0.707106781187)
,(1.,1.,1.,1.,1.,1.,1.,1.,1.))) REPRESENTATION_ITEM('') SURFACE() );
#12023 = CARTESIAN_POINT('',(-0.129672341121,-1.382820330557,1.59));
#12024 = CARTESIAN_POINT('',(-0.631160260948,-1.400294316003,1.59));
#12025 = CARTESIAN_POINT('',(-1.132691398257,-1.417769807332,1.59));
#12026 = CARTESIAN_POINT('',(-1.633930295148,-1.435235115753,1.59));
#12027 = CARTESIAN_POINT('',(-2.133528774821,-1.452643265018,1.59));
#12028 = CARTESIAN_POINT('',(-2.628655351935,-1.469895594059,1.59));
#12029 = CARTESIAN_POINT('',(-3.130422371289,-1.487379304527,1.59));
#12030 = CARTESIAN_POINT('',(-3.63182690373,-1.5048503844,1.59));
#12031 = CARTESIAN_POINT('',(-4.141575699734,-1.522612214129,1.59));
#12032 = CARTESIAN_POINT('',(-0.129672341121,-1.382820330557,2.09));
#12033 = CARTESIAN_POINT('',(-0.631160260948,-1.400294316003,2.09));
#12034 = CARTESIAN_POINT('',(-1.132691398257,-1.417769807332,2.09));
#12035 = CARTESIAN_POINT('',(-1.633930295148,-1.435235115753,2.09));
#12036 = CARTESIAN_POINT('',(-2.133528774821,-1.452643265018,2.09));
#12037 = CARTESIAN_POINT('',(-2.628655351935,-1.469895594059,2.09));
#12038 = CARTESIAN_POINT('',(-3.130422371289,-1.487379304527,2.09));
#12039 = CARTESIAN_POINT('',(-3.63182690373,-1.5048503844,2.09));
#12040 = CARTESIAN_POINT('',(-4.141575699734,-1.522612214129,2.09));
#12041 = CARTESIAN_POINT('',(-0.112260766775,-1.88251710702,2.09));
#12042 = CARTESIAN_POINT('',(-0.613748687693,-1.899991061156,2.09));
#12043 = CARTESIAN_POINT('',(-1.115282325062,-1.917462321885,2.09));
#12044 = CARTESIAN_POINT('',(-1.618423777244,-1.935017607662,2.09));
#12045 = CARTESIAN_POINT('',(-2.121832563918,-1.952495542347,2.09));
#12046 = CARTESIAN_POINT('',(-2.62091633733,-1.969995032342,2.09));
#12047 = CARTESIAN_POINT('',(-3.122787052654,-1.986928812906,2.09));
#12048 = CARTESIAN_POINT('',(-3.61490836024,-2.005340811758,2.09));
#12049 = CARTESIAN_POINT('',(-4.096895650032,-2.020611906055,2.09));
#12050 = ADVANCED_FACE('',(#12051),#12062,.F.);
#12051 = FACE_BOUND('',#12052,.F.);
#12052 = EDGE_LOOP('',(#12053,#12059,#12060,#12061));
#12053 = ORIENTED_EDGE('',*,*,#12054,.T.);
#12054 = EDGE_CURVE('',#11217,#11143,#12055,.T.);
#12055 = ( BOUNDED_CURVE() B_SPLINE_CURVE(2,(#12056,#12057,#12058),
.UNSPECIFIED.,.F.,.F.) B_SPLINE_CURVE_WITH_KNOTS((3,3),(0.,
6.471454319528),.PIECEWISE_BEZIER_KNOTS.) CURVE() 
GEOMETRIC_REPRESENTATION_ITEM() RATIONAL_B_SPLINE_CURVE((1.,
0.707106781187,1.)) REPRESENTATION_ITEM('') );
#12056 = CARTESIAN_POINT('',(94.498150350556,-1.382820330557,1.59));
#12057 = CARTESIAN_POINT('',(94.498150350556,-1.382820330557,2.09));
#12058 = CARTESIAN_POINT('',(94.498150350557,-1.882820330557,2.09));
#12059 = ORIENTED_EDGE('',*,*,#11157,.T.);
#12060 = ORIENTED_EDGE('',*,*,#12009,.F.);
#12061 = ORIENTED_EDGE('',*,*,#11216,.F.);
#12062 = ( BOUNDED_SURFACE() B_SPLINE_SURFACE(2,1,(
    (#12063,#12064)
    ,(#12065,#12066)
    ,(#12067,#12068
)),.UNSPECIFIED.,.F.,.F.,.F.) B_SPLINE_SURFACE_WITH_KNOTS((3,3),(2,2),(
    0.,95.457086181599),(331.91867415606,427.37576033766),
.PIECEWISE_BEZIER_KNOTS.) GEOMETRIC_REPRESENTATION_ITEM() 
RATIONAL_B_SPLINE_SURFACE((
    (1.,1.)
    ,(0.707106781187,0.707106781187)
,(1.,1.))) REPRESENTATION_ITEM('') SURFACE() );
#12063 = CARTESIAN_POINT('',(94.498150350557,-1.382820330557,1.59));
#12064 = CARTESIAN_POINT('',(-0.129672341121,-1.382820330557,1.59));
#12065 = CARTESIAN_POINT('',(94.498150350557,-1.382820330557,2.09));
#12066 = CARTESIAN_POINT('',(-0.129672341121,-1.382820330557,2.09));
#12067 = CARTESIAN_POINT('',(94.498150350557,-1.882820330557,2.09));
#12068 = CARTESIAN_POINT('',(-0.129672341121,-1.882820330557,2.09));
#12069 = ADVANCED_FACE('',(#12070),#12081,.F.);
#12070 = FACE_BOUND('',#12071,.F.);
#12071 = EDGE_LOOP('',(#12072,#12073,#12074,#12080));
#12072 = ORIENTED_EDGE('',*,*,#12016,.T.);
#12073 = ORIENTED_EDGE('',*,*,#11053,.T.);
#12074 = ORIENTED_EDGE('',*,*,#12075,.F.);
#12075 = EDGE_CURVE('',#11239,#11054,#12076,.T.);
#12076 = ( BOUNDED_CURVE() B_SPLINE_CURVE(2,(#12077,#12078,#12079),
.UNSPECIFIED.,.F.,.F.) B_SPLINE_CURVE_WITH_KNOTS((3,3),(0.,
9.090906849593),.PIECEWISE_BEZIER_KNOTS.) CURVE() 
GEOMETRIC_REPRESENTATION_ITEM() RATIONAL_B_SPLINE_CURVE((1.,
0.707106781187,1.)) REPRESENTATION_ITEM('') );
#12077 = CARTESIAN_POINT('',(-10.40203696878,-8.005014082736,1.59));
#12078 = CARTESIAN_POINT('',(-10.40203696878,-8.005014082736,2.09));
#12079 = CARTESIAN_POINT('',(-9.909074784548,-8.088610045057,2.09));
#12080 = ORIENTED_EDGE('',*,*,#11238,.F.);
#12081 = ( BOUNDED_SURFACE() B_SPLINE_SURFACE(2,12,(
    (#12082,#12083,#12084,#12085,#12086,#12087,#12088,#12089,#12090
      ,#12091,#12092,#12093,#12094)
    ,(#12095,#12096,#12097,#12098,#12099,#12100,#12101,#12102,#12103
      ,#12104,#12105,#12106,#12107)
    ,(#12108,#12109,#12110,#12111,#12112,#12113,#12114,#12115,#12116
      ,#12117,#12118,#12119,#12120
)),.UNSPECIFIED.,.F.,.F.,.F.) B_SPLINE_SURFACE_WITH_KNOTS((3,3),(13,13),
  (0.,9.090906849593),(4.049517430084,13.140424279678),
.PIECEWISE_BEZIER_KNOTS.) GEOMETRIC_REPRESENTATION_ITEM() 
RATIONAL_B_SPLINE_SURFACE((
    (1.,1.,1.,1.,1.000000000001,0.999999999999,1.000000000001,1.,1.,1.
      ,1.,1.,1.)
    ,(0.707106781187,0.707106781187,0.707106781187,0.707106781186
      ,0.707106781187,0.707106781187,0.707106781186,0.707106781187
      ,0.707106781186,0.707106781187,0.707106781186,0.707106781187
      ,0.707106781187)
    ,(1.,1.,1.,1.,1.000000000001,0.999999999999,1.000000000001,1.,1.,1.
,1.,1.,1.))) REPRESENTATION_ITEM('') SURFACE() );
#12082 = CARTESIAN_POINT('',(-4.141575699734,-1.522612214129,1.59));
#12083 = CARTESIAN_POINT('',(-4.90447793046,-1.549194992995,1.59));
#12084 = CARTESIAN_POINT('',(-5.676508700378,-1.674278267234,1.59));
#12085 = CARTESIAN_POINT('',(-6.46510601564,-1.902256805691,1.59));
#12086 = CARTESIAN_POINT('',(-7.24881578958,-2.255004615357,1.59));
#12087 = CARTESIAN_POINT('',(-8.0042929546,-2.717573289369,1.59));
#12088 = CARTESIAN_POINT('',(-8.676691499938,-3.336703354311,1.59));
#12089 = CARTESIAN_POINT('',(-9.232100472499,-3.978804421807,1.59));
#12090 = CARTESIAN_POINT('',(-9.721730538351,-4.741912891629,1.59));
#12091 = CARTESIAN_POINT('',(-10.06991764278,-5.552862814136,1.59));
#12092 = CARTESIAN_POINT('',(-10.29301818092,-6.386035002192,1.59));
#12093 = CARTESIAN_POINT('',(-10.40203696878,-7.199299867005,1.59));
#12094 = CARTESIAN_POINT('',(-10.40203696878,-8.005014082736,1.59));
#12095 = CARTESIAN_POINT('',(-4.141575699734,-1.522612214129,2.09));
#12096 = CARTESIAN_POINT('',(-4.904477930461,-1.549194992995,2.09));
#12097 = CARTESIAN_POINT('',(-5.676508700377,-1.674278267233,2.09));
#12098 = CARTESIAN_POINT('',(-6.465106015642,-1.902256805694,2.09));
#12099 = CARTESIAN_POINT('',(-7.248815789576,-2.255004615351,2.09));
#12100 = CARTESIAN_POINT('',(-8.004292954605,-2.717573289378,2.09));
#12101 = CARTESIAN_POINT('',(-8.676691499934,-3.336703354301,2.09));
#12102 = CARTESIAN_POINT('',(-9.232100472501,-3.978804421815,2.09));
#12103 = CARTESIAN_POINT('',(-9.72173053835,-4.741912891625,2.09));
#12104 = CARTESIAN_POINT('',(-10.06991764278,-5.552862814137,2.09));
#12105 = CARTESIAN_POINT('',(-10.29301818092,-6.386035002192,2.09));
#12106 = CARTESIAN_POINT('',(-10.40203696878,-7.199299867005,2.09));
#12107 = CARTESIAN_POINT('',(-10.40203696878,-8.005014082736,2.09));
#12108 = CARTESIAN_POINT('',(-4.096895650032,-2.020611906055,2.09));
#12109 = CARTESIAN_POINT('',(-4.818249347083,-2.043466990748,2.09));
#12110 = CARTESIAN_POINT('',(-5.539829925304,-2.160255961808,2.09));
#12111 = CARTESIAN_POINT('',(-6.272152375924,-2.372411741508,2.09));
#12112 = CARTESIAN_POINT('',(-6.996091341799,-2.701751425618,2.09));
#12113 = CARTESIAN_POINT('',(-7.690402982294,-3.124811878157,2.09));
#12114 = CARTESIAN_POINT('',(-8.304354331181,-3.702170807105,2.09));
#12115 = CARTESIAN_POINT('',(-8.801158672458,-4.273018219441,2.09));
#12116 = CARTESIAN_POINT('',(-9.263202982725,-4.967275718653,2.09));
#12117 = CARTESIAN_POINT('',(-9.59158875864,-5.717971433554,2.09));
#12118 = CARTESIAN_POINT('',(-9.806027129259,-6.504146425343,2.09));
#12119 = CARTESIAN_POINT('',(-9.91000048922,-7.288354674277,2.09));
#12120 = CARTESIAN_POINT('',(-9.909074784548,-8.088610045057,2.09));
#12121 = ADVANCED_FACE('',(#12122),#12133,.F.);
#12122 = FACE_BOUND('',#12123,.F.);
#12123 = EDGE_LOOP('',(#12124,#12130,#12131,#12132));
#12124 = ORIENTED_EDGE('',*,*,#12125,.T.);
#12125 = EDGE_CURVE('',#11273,#11136,#12126,.T.);
#12126 = ( BOUNDED_CURVE() B_SPLINE_CURVE(2,(#12127,#12128,#12129),
.UNSPECIFIED.,.F.,.F.) B_SPLINE_CURVE_WITH_KNOTS((3,3),(0.,
100.03832117162),.PIECEWISE_BEZIER_KNOTS.) CURVE() 
GEOMETRIC_REPRESENTATION_ITEM() RATIONAL_B_SPLINE_CURVE((1.,
0.707106781187,1.)) REPRESENTATION_ITEM('') );
#12127 = CARTESIAN_POINT('',(99.03440646,-5.91907644,1.59));
#12128 = CARTESIAN_POINT('',(99.03440646,-5.91907644,2.09));
#12129 = CARTESIAN_POINT('',(98.53440646,-5.91907644,2.09));
#12130 = ORIENTED_EDGE('',*,*,#11142,.T.);
#12131 = ORIENTED_EDGE('',*,*,#12054,.F.);
#12132 = ORIENTED_EDGE('',*,*,#11279,.F.);
#12133 = ( BOUNDED_SURFACE() B_SPLINE_SURFACE(2,9,(
    (#12134,#12135,#12136,#12137,#12138,#12139,#12140,#12141,#12142
      ,#12143)
    ,(#12144,#12145,#12146,#12147,#12148,#12149,#12150,#12151,#12152
      ,#12153)
    ,(#12154,#12155,#12156,#12157,#12158,#12159,#12160,#12161,#12162
,#12163
    )),.UNSPECIFIED.,.F.,.F.,.F.) B_SPLINE_SURFACE_WITH_KNOTS((3,3),(10,
    10),(0.,6.471454319528),(325.44721983654,331.91867415606),
.PIECEWISE_BEZIER_KNOTS.) GEOMETRIC_REPRESENTATION_ITEM() 
RATIONAL_B_SPLINE_SURFACE((
    (1.,1.,1.,1.,1.,1.,1.,1.,1.,1.)
    ,(0.707106781187,0.707106781187,0.707106781187,0.707106781186
      ,0.707106781187,0.707106781186,0.707106781187,0.707106781186
      ,0.707106781187,0.707106781187)
,(1.,1.,1.,1.,1.,1.,1.,1.,1.,1.))) REPRESENTATION_ITEM('') SURFACE() );
#12134 = CARTESIAN_POINT('',(99.03440646,-5.91907644,1.59));
#12135 = CARTESIAN_POINT('',(99.03440646,-5.206272560848,1.59));
#12136 = CARTESIAN_POINT('',(98.908503888321,-4.441216836532,1.59));
#12137 = CARTESIAN_POINT('',(98.624155060828,-3.655980123496,1.59));
#12138 = CARTESIAN_POINT('',(98.16235561432,-2.901843234086,1.59));
#12139 = CARTESIAN_POINT('',(97.51538355647,-2.254871176237,1.59));
#12140 = CARTESIAN_POINT('',(96.761246667061,-1.793071729729,1.59));
#12141 = CARTESIAN_POINT('',(95.976009954025,-1.508722902235,1.59));
#12142 = CARTESIAN_POINT('',(95.210954229709,-1.382820330557,1.59));
#12143 = CARTESIAN_POINT('',(94.498150350556,-1.382820330557,1.59));
#12144 = CARTESIAN_POINT('',(99.03440646,-5.91907644,2.09));
#12145 = CARTESIAN_POINT('',(99.03440646,-5.206272560848,2.09));
#12146 = CARTESIAN_POINT('',(98.908503888321,-4.441216836532,2.09));
#12147 = CARTESIAN_POINT('',(98.624155060828,-3.655980123496,2.09));
#12148 = CARTESIAN_POINT('',(98.162355614318,-2.901843234086,2.09));
#12149 = CARTESIAN_POINT('',(97.515383556471,-2.254871176237,2.09));
#12150 = CARTESIAN_POINT('',(96.76124666706,-1.793071729729,2.09));
#12151 = CARTESIAN_POINT('',(95.976009954025,-1.508722902235,2.09));
#12152 = CARTESIAN_POINT('',(95.210954229709,-1.382820330557,2.09));
#12153 = CARTESIAN_POINT('',(94.498150350556,-1.382820330557,2.09));
#12154 = CARTESIAN_POINT('',(98.53440646,-5.91907644,2.09));
#12155 = CARTESIAN_POINT('',(98.53440646,-5.284839980979,2.09));
#12156 = CARTESIAN_POINT('',(98.42238125422,-4.604111034722,2.09));
#12157 = CARTESIAN_POINT('',(98.169374222762,-3.905425509945,2.09));
#12158 = CARTESIAN_POINT('',(97.758475721367,-3.23441189127,2.09));
#12159 = CARTESIAN_POINT('',(97.182814899288,-2.658751069189,2.09));
#12160 = CARTESIAN_POINT('',(96.511801280611,-2.247852567795,2.09));
#12161 = CARTESIAN_POINT('',(95.813115755835,-1.994845536337,2.09));
#12162 = CARTESIAN_POINT('',(95.132386809577,-1.882820330557,2.09));
#12163 = CARTESIAN_POINT('',(94.498150350557,-1.882820330557,2.09));
#12164 = ADVANCED_FACE('',(#12165),#12176,.F.);
#12165 = FACE_BOUND('',#12166,.F.);
#12166 = EDGE_LOOP('',(#12167,#12168,#12169,#12175));
#12167 = ORIENTED_EDGE('',*,*,#12075,.T.);
#12168 = ORIENTED_EDGE('',*,*,#11071,.T.);
#12169 = ORIENTED_EDGE('',*,*,#12170,.F.);
#12170 = EDGE_CURVE('',#11305,#11072,#12171,.T.);
#12171 = ( BOUNDED_CURVE() B_SPLINE_CURVE(2,(#12172,#12173,#12174),
.UNSPECIFIED.,.F.,.F.) B_SPLINE_CURVE_WITH_KNOTS((3,3),(0.,
96.398342108389),.PIECEWISE_BEZIER_KNOTS.) CURVE() 
GEOMETRIC_REPRESENTATION_ITEM() RATIONAL_B_SPLINE_CURVE((1.,
0.707106781187,1.)) REPRESENTATION_ITEM('') );
#12172 = CARTESIAN_POINT('',(-10.40203696878,-103.565915737,1.59));
#12173 = CARTESIAN_POINT('',(-10.40203696878,-103.565915737,2.09));
#12174 = CARTESIAN_POINT('',(-9.902036968781,-103.565915737,2.09));
#12175 = ORIENTED_EDGE('',*,*,#11311,.F.);
#12176 = ( BOUNDED_SURFACE() B_SPLINE_SURFACE(2,11,(
    (#12177,#12178,#12179,#12180,#12181,#12182,#12183,#12184,#12185
      ,#12186,#12187,#12188,#12189,#12190,#12191,#12192,#12193,#12194
      ,#12195,#12196,#12197,#12198)
    ,(#12199,#12200,#12201,#12202,#12203,#12204,#12205,#12206,#12207
      ,#12208,#12209,#12210,#12211,#12212,#12213,#12214,#12215,#12216
      ,#12217,#12218,#12219,#12220)
    ,(#12221,#12222,#12223,#12224,#12225,#12226,#12227,#12228,#12229
      ,#12230,#12231,#12232,#12233,#12234,#12235,#12236,#12237,#12238
      ,#12239,#12240,#12241,#12242
)),.UNSPECIFIED.,.F.,.F.,.F.) B_SPLINE_SURFACE_WITH_KNOTS((3,3),(12,10,
    12),(0.,96.398342108389),(13.140424279678,61.339595333872,
109.53876638806),.UNSPECIFIED.) GEOMETRIC_REPRESENTATION_ITEM() 
RATIONAL_B_SPLINE_SURFACE((
    (1.,1.,1.,1.000000000001,0.999999999998,1.000000000002
      ,0.999999999998,1.000000000001,0.999999999999,1.,1.,1.,1.,1.
      ,1.000000000001,0.999999999999,1.000000000001,1.,1.,1.,1.,1.)
    ,(0.707106781187,0.707106781187,0.707106781186,0.707106781187
      ,0.707106781185,0.707106781188,0.707106781185,0.707106781188
      ,0.707106781186,0.707106781187,0.707106781187,0.707106781187
      ,0.707106781187,0.707106781186,0.707106781187,0.707106781186
      ,0.707106781187,0.707106781186,0.707106781187,0.707106781186
      ,0.707106781187,0.707106781187)
    ,(1.,1.,1.,1.000000000001,0.999999999998,1.000000000002
      ,0.999999999998,1.000000000001,0.999999999999,1.,1.,1.,1.,1.
      ,1.000000000001,0.999999999999,1.000000000001,1.,1.,1.,1.,1.
))) REPRESENTATION_ITEM('') SURFACE() );
#12177 = CARTESIAN_POINT('',(-10.40203696878,-8.005014082736,1.59));
#12178 = CARTESIAN_POINT('',(-10.40203696878,-12.66518610826,1.59));
#12179 = CARTESIAN_POINT('',(-10.40203696878,-16.44702738102,1.59));
#12180 = CARTESIAN_POINT('',(-10.40203696878,-20.17244521141,1.59));
#12181 = CARTESIAN_POINT('',(-10.40203696878,-23.89479174556,1.59));
#12182 = CARTESIAN_POINT('',(-10.40203696878,-27.79553751877,1.59));
#12183 = CARTESIAN_POINT('',(-10.40203696878,-31.82510240892,1.59));
#12184 = CARTESIAN_POINT('',(-10.40203696878,-36.05682325411,1.59));
#12185 = CARTESIAN_POINT('',(-10.40203696878,-40.43139689626,1.59));
#12186 = CARTESIAN_POINT('',(-10.40203696878,-44.9338930756,1.59));
#12187 = CARTESIAN_POINT('',(-10.40203696878,-49.51581357385,1.59));
#12188 = CARTESIAN_POINT('',(-10.40203696878,-58.76138800459,1.59));
#12189 = CARTESIAN_POINT('',(-10.40203696878,-63.42481771221,1.59));
#12190 = CARTESIAN_POINT('',(-10.40203696878,-68.08911728722,1.59));
#12191 = CARTESIAN_POINT('',(-10.40203696878,-72.71517641244,1.59));
#12192 = CARTESIAN_POINT('',(-10.40203696878,-77.27489679243,1.59));
#12193 = CARTESIAN_POINT('',(-10.40203696878,-81.75738524282,1.59));
#12194 = CARTESIAN_POINT('',(-10.40203696878,-86.17009808747,1.59));
#12195 = CARTESIAN_POINT('',(-10.40203696878,-90.53476246219,1.59));
#12196 = CARTESIAN_POINT('',(-10.40203696878,-94.87861779385,1.59));
#12197 = CARTESIAN_POINT('',(-10.40203696878,-99.22223838909,1.59));
#12198 = CARTESIAN_POINT('',(-10.40203696878,-103.565915737,1.59));
#12199 = CARTESIAN_POINT('',(-10.40203696878,-8.005014082736,2.09));
#12200 = CARTESIAN_POINT('',(-10.40203696878,-12.66518610826,2.09));
#12201 = CARTESIAN_POINT('',(-10.40203696878,-16.44702738102,2.09));
#12202 = CARTESIAN_POINT('',(-10.40203696878,-20.1724452114,2.09));
#12203 = CARTESIAN_POINT('',(-10.40203696878,-23.89479174557,2.09));
#12204 = CARTESIAN_POINT('',(-10.40203696878,-27.79553751875,2.09));
#12205 = CARTESIAN_POINT('',(-10.40203696878,-31.82510240893,2.09));
#12206 = CARTESIAN_POINT('',(-10.40203696878,-36.0568232541,2.09));
#12207 = CARTESIAN_POINT('',(-10.40203696878,-40.43139689627,2.09));
#12208 = CARTESIAN_POINT('',(-10.40203696878,-44.9338930756,2.09));
#12209 = CARTESIAN_POINT('',(-10.40203696878,-49.51581357385,2.09));
#12210 = CARTESIAN_POINT('',(-10.40203696878,-58.76138800459,2.09));
#12211 = CARTESIAN_POINT('',(-10.40203696878,-63.42481771221,2.09));
#12212 = CARTESIAN_POINT('',(-10.40203696878,-68.08911728721,2.09));
#12213 = CARTESIAN_POINT('',(-10.40203696878,-72.71517641246,2.09));
#12214 = CARTESIAN_POINT('',(-10.40203696878,-77.27489679241,2.09));
#12215 = CARTESIAN_POINT('',(-10.40203696878,-81.75738524283,2.09));
#12216 = CARTESIAN_POINT('',(-10.40203696878,-86.17009808746,2.09));
#12217 = CARTESIAN_POINT('',(-10.40203696878,-90.5347624622,2.09));
#12218 = CARTESIAN_POINT('',(-10.40203696878,-94.87861779384,2.09));
#12219 = CARTESIAN_POINT('',(-10.40203696878,-99.22223838909,2.09));
#12220 = CARTESIAN_POINT('',(-10.40203696878,-103.565915737,2.09));
#12221 = CARTESIAN_POINT('',(-9.909074784548,-8.088610045057,2.09));
#12222 = CARTESIAN_POINT('',(-9.903720599491,-12.7172086466,2.09));
#12223 = CARTESIAN_POINT('',(-9.901473268609,-16.47233190515,2.09));
#12224 = CARTESIAN_POINT('',(-9.901771536565,-20.17972292787,2.09));
#12225 = CARTESIAN_POINT('',(-9.901914337503,-23.89187138112,2.09));
#12226 = CARTESIAN_POINT('',(-9.902028238611,-27.78520199805,2.09));
#12227 = CARTESIAN_POINT('',(-9.902284036717,-31.81142390508,2.09));
#12228 = CARTESIAN_POINT('',(-9.902254406348,-36.04097998936,2.09));
#12229 = CARTESIAN_POINT('',(-9.902314164823,-40.41516378397,2.09));
#12230 = CARTESIAN_POINT('',(-9.902283125115,-44.91808166051,2.09));
#12231 = CARTESIAN_POINT('',(-9.90225080182,-49.50111342716,2.09));
#12232 = CARTESIAN_POINT('',(-9.902170715536,-58.74972456321,2.09));
#12233 = CARTESIAN_POINT('',(-9.902124989066,-63.41508498229,2.09));
#12234 = CARTESIAN_POINT('',(-9.902084162154,-68.08147992135,2.09));
#12235 = CARTESIAN_POINT('',(-9.902055603702,-72.70962846946,2.09));
#12236 = CARTESIAN_POINT('',(-9.902040872311,-77.27127006445,2.09));
#12237 = CARTESIAN_POINT('',(-9.902036506638,-81.75535250179,2.09));
#12238 = CARTESIAN_POINT('',(-9.902036836639,-86.16920921396,2.09));
#12239 = CARTESIAN_POINT('',(-9.902037324258,-90.53452608261,2.09));
#12240 = CARTESIAN_POINT('',(-9.902036816576,-94.87861611517,2.09));
#12241 = CARTESIAN_POINT('',(-9.902036968781,-99.22223838909,2.09));
#12242 = CARTESIAN_POINT('',(-9.902036968781,-103.565915737,2.09));
#12243 = ADVANCED_FACE('',(#12244),#12255,.F.);
#12244 = FACE_BOUND('',#12245,.F.);
#12245 = EDGE_LOOP('',(#12246,#12252,#12253,#12254));
#12246 = ORIENTED_EDGE('',*,*,#12247,.T.);
#12247 = EDGE_CURVE('',#11348,#11121,#12248,.T.);
#12248 = ( BOUNDED_CURVE() B_SPLINE_CURVE(2,(#12249,#12250,#12251),
.UNSPECIFIED.,.F.,.F.) B_SPLINE_CURVE_WITH_KNOTS((3,3),(0.,
8.259866793685),.PIECEWISE_BEZIER_KNOTS.) CURVE() 
GEOMETRIC_REPRESENTATION_ITEM() RATIONAL_B_SPLINE_CURVE((1.,
0.707106781187,1.)) REPRESENTATION_ITEM('') );
#12249 = CARTESIAN_POINT('',(99.03440646,-105.0883356,1.59));
#12250 = CARTESIAN_POINT('',(99.03440646,-105.0883356,2.09));
#12251 = CARTESIAN_POINT('',(98.53440646,-105.0883356,2.09));
#12252 = ORIENTED_EDGE('',*,*,#11135,.T.);
#12253 = ORIENTED_EDGE('',*,*,#12125,.F.);
#12254 = ORIENTED_EDGE('',*,*,#11347,.F.);
#12255 = ( BOUNDED_SURFACE() B_SPLINE_SURFACE(2,1,(
    (#12256,#12257)
    ,(#12258,#12259)
    ,(#12260,#12261
)),.UNSPECIFIED.,.F.,.F.,.F.) B_SPLINE_SURFACE_WITH_KNOTS((3,3),(2,2),(
    0.,100.03832117162),(225.40889866491,325.44721983654),
.PIECEWISE_BEZIER_KNOTS.) GEOMETRIC_REPRESENTATION_ITEM() 
RATIONAL_B_SPLINE_SURFACE((
    (1.,1.)
    ,(0.707106781187,0.707106781187)
,(1.,1.))) REPRESENTATION_ITEM('') SURFACE() );
#12256 = CARTESIAN_POINT('',(99.03440646,-105.0883356,1.59));
#12257 = CARTESIAN_POINT('',(99.03440646,-5.91907644,1.59));
#12258 = CARTESIAN_POINT('',(99.03440646,-105.0883356,2.09));
#12259 = CARTESIAN_POINT('',(99.03440646,-5.91907644,2.09));
#12260 = CARTESIAN_POINT('',(98.53440646,-105.0883356,2.09));
#12261 = CARTESIAN_POINT('',(98.53440646,-5.91907644,2.09));
#12262 = ADVANCED_FACE('',(#12263),#12274,.F.);
#12263 = FACE_BOUND('',#12264,.F.);
#12264 = EDGE_LOOP('',(#12265,#12266,#12267,#12273));
#12265 = ORIENTED_EDGE('',*,*,#12170,.T.);
#12266 = ORIENTED_EDGE('',*,*,#11098,.T.);
#12267 = ORIENTED_EDGE('',*,*,#12268,.F.);
#12268 = EDGE_CURVE('',#11370,#11099,#12269,.T.);
#12269 = ( BOUNDED_CURVE() B_SPLINE_CURVE(2,(#12270,#12271,#12272),
.UNSPECIFIED.,.F.,.F.) B_SPLINE_CURVE_WITH_KNOTS((3,3),(0.,
10.431761492908),.PIECEWISE_BEZIER_KNOTS.) CURVE() 
GEOMETRIC_REPRESENTATION_ITEM() RATIONAL_B_SPLINE_CURVE((1.,
0.707106781187,1.)) REPRESENTATION_ITEM('') );
#12270 = CARTESIAN_POINT('',(-3.089748344311,-110.8782043614,1.59));
#12271 = CARTESIAN_POINT('',(-3.089748344311,-110.8782043614,2.09));
#12272 = CARTESIAN_POINT('',(-3.089748344311,-110.3782043614,2.09));
#12273 = ORIENTED_EDGE('',*,*,#11369,.F.);
#12274 = ( BOUNDED_SURFACE() B_SPLINE_SURFACE(2,9,(
    (#12275,#12276,#12277,#12278,#12279,#12280,#12281,#12282,#12283
      ,#12284)
    ,(#12285,#12286,#12287,#12288,#12289,#12290,#12291,#12292,#12293
      ,#12294)
    ,(#12295,#12296,#12297,#12298,#12299,#12300,#12301,#12302,#12303
,#12304
    )),.UNSPECIFIED.,.F.,.F.,.F.) B_SPLINE_SURFACE_WITH_KNOTS((3,3),(10,
    10),(0.,10.431761492908),(109.53876638806,119.97052788097),
.PIECEWISE_BEZIER_KNOTS.) GEOMETRIC_REPRESENTATION_ITEM() 
RATIONAL_B_SPLINE_SURFACE((
    (1.,1.,1.,1.,1.,1.,1.,1.,1.,1.)
    ,(0.707106781187,0.707106781187,0.707106781187,0.707106781186
      ,0.707106781187,0.707106781186,0.707106781187,0.707106781187
      ,0.707106781187,0.707106781187)
,(1.,1.,1.,1.,1.,1.,1.,1.,1.,1.))) REPRESENTATION_ITEM('') SURFACE() );
#12275 = CARTESIAN_POINT('',(-10.40203696878,-103.565915737,1.59));
#12276 = CARTESIAN_POINT('',(-10.40203696878,-104.7149310419,1.59));
#12277 = CARTESIAN_POINT('',(-10.19908635918,-105.9481745218,1.59));
#12278 = CARTESIAN_POINT('',(-9.740725841949,-107.2139490605,1.59));
#12279 = CARTESIAN_POINT('',(-8.996321038068,-108.4295917545,1.59));
#12280 = CARTESIAN_POINT('',(-7.953424361865,-109.4724884307,1.59));
#12281 = CARTESIAN_POINT('',(-6.737781667827,-110.2168932346,1.59));
#12282 = CARTESIAN_POINT('',(-5.472007129151,-110.6752537518,1.59));
#12283 = CARTESIAN_POINT('',(-4.238763649279,-110.8782043614,1.59));
#12284 = CARTESIAN_POINT('',(-3.089748344311,-110.8782043614,1.59));
#12285 = CARTESIAN_POINT('',(-10.40203696878,-103.565915737,2.09));
#12286 = CARTESIAN_POINT('',(-10.40203696878,-104.7149310419,2.09));
#12287 = CARTESIAN_POINT('',(-10.19908635918,-105.9481745218,2.09));
#12288 = CARTESIAN_POINT('',(-9.740725841949,-107.2139490605,2.09));
#12289 = CARTESIAN_POINT('',(-8.996321038068,-108.4295917545,2.09));
#12290 = CARTESIAN_POINT('',(-7.953424361865,-109.4724884307,2.09));
#12291 = CARTESIAN_POINT('',(-6.737781667827,-110.2168932346,2.09));
#12292 = CARTESIAN_POINT('',(-5.472007129151,-110.6752537518,2.09));
#12293 = CARTESIAN_POINT('',(-4.238763649279,-110.8782043614,2.09));
#12294 = CARTESIAN_POINT('',(-3.089748344311,-110.8782043614,2.09));
#12295 = CARTESIAN_POINT('',(-9.902036968781,-103.565915737,2.09));
#12296 = CARTESIAN_POINT('',(-9.902036968781,-104.6363636218,2.09));
#12297 = CARTESIAN_POINT('',(-9.712963725087,-105.7852803236,2.09));
#12298 = CARTESIAN_POINT('',(-9.285945003883,-106.964503674,2.09));
#12299 = CARTESIAN_POINT('',(-8.592441145117,-108.0970230973,2.09));
#12300 = CARTESIAN_POINT('',(-7.620855704682,-109.0686085378,2.09));
#12301 = CARTESIAN_POINT('',(-6.488336281378,-109.7621123965,2.09));
#12302 = CARTESIAN_POINT('',(-5.309112930961,-110.1891311177,2.09));
#12303 = CARTESIAN_POINT('',(-4.160196229148,-110.3782043614,2.09));
#12304 = CARTESIAN_POINT('',(-3.089748344311,-110.3782043614,2.09));
#12305 = ADVANCED_FACE('',(#12306),#12317,.F.);
#12306 = FACE_BOUND('',#12307,.F.);
#12307 = EDGE_LOOP('',(#12308,#12314,#12315,#12316));
#12308 = ORIENTED_EDGE('',*,*,#12309,.T.);
#12309 = EDGE_CURVE('',#11401,#11114,#12310,.T.);
#12310 = ( BOUNDED_CURVE() B_SPLINE_CURVE(2,(#12311,#12312,#12313),
.UNSPECIFIED.,.F.,.F.) B_SPLINE_CURVE_WITH_KNOTS((3,3),(0.,
97.178503990257),.PIECEWISE_BEZIER_KNOTS.) CURVE() 
GEOMETRIC_REPRESENTATION_ITEM() RATIONAL_B_SPLINE_CURVE((1.,
0.707106781187,1.)) REPRESENTATION_ITEM('') );
#12311 = CARTESIAN_POINT('',(93.24453769851,-110.8782043614,1.59));
#12312 = CARTESIAN_POINT('',(93.24453769851,-110.8782043614,2.09));
#12313 = CARTESIAN_POINT('',(93.24453769851,-110.3782043614,2.09));
#12314 = ORIENTED_EDGE('',*,*,#11120,.T.);
#12315 = ORIENTED_EDGE('',*,*,#12247,.F.);
#12316 = ORIENTED_EDGE('',*,*,#11407,.F.);
#12317 = ( BOUNDED_SURFACE() B_SPLINE_SURFACE(2,9,(
    (#12318,#12319,#12320,#12321,#12322,#12323,#12324,#12325,#12326
      ,#12327)
    ,(#12328,#12329,#12330,#12331,#12332,#12333,#12334,#12335,#12336
      ,#12337)
    ,(#12338,#12339,#12340,#12341,#12342,#12343,#12344,#12345,#12346
,#12347
    )),.UNSPECIFIED.,.F.,.F.,.F.) B_SPLINE_SURFACE_WITH_KNOTS((3,3),(10,
    10),(0.,8.259866793685),(217.14903187123,225.40889866491),
.PIECEWISE_BEZIER_KNOTS.) GEOMETRIC_REPRESENTATION_ITEM() 
RATIONAL_B_SPLINE_SURFACE((
    (1.,1.,1.,1.,1.,1.,1.,1.,1.,1.)
    ,(0.707106781187,0.707106781187,0.707106781186,0.707106781187
      ,0.707106781186,0.707106781187,0.707106781186,0.707106781187
      ,0.707106781187,0.707106781187)
,(1.,1.,1.,1.,1.,1.,1.,1.,1.,1.))) REPRESENTATION_ITEM('') SURFACE() );
#12318 = CARTESIAN_POINT('',(93.24453769851,-110.8782043614,1.59));
#12319 = CARTESIAN_POINT('',(94.154327801494,-110.8782043614,1.59));
#12320 = CARTESIAN_POINT('',(95.130809757572,-110.7175081068,1.59));
#12321 = CARTESIAN_POINT('',(96.133049799908,-110.3545783352,1.59));
#12322 = CARTESIAN_POINT('',(97.095595457063,-109.7651587511,1.59));
#12323 = CARTESIAN_POINT('',(97.921360849693,-108.9393933585,1.59));
#12324 = CARTESIAN_POINT('',(98.510780433798,-107.9768477013,1.59));
#12325 = CARTESIAN_POINT('',(98.873710205387,-106.974607659,1.59));
#12326 = CARTESIAN_POINT('',(99.03440646,-105.9981257029,1.59));
#12327 = CARTESIAN_POINT('',(99.03440646,-105.0883356,1.59));
#12328 = CARTESIAN_POINT('',(93.24453769851,-110.8782043614,2.09));
#12329 = CARTESIAN_POINT('',(94.154327801494,-110.8782043614,2.09));
#12330 = CARTESIAN_POINT('',(95.130809757571,-110.7175081068,2.09));
#12331 = CARTESIAN_POINT('',(96.133049799909,-110.3545783352,2.09));
#12332 = CARTESIAN_POINT('',(97.095595457062,-109.7651587511,2.09));
#12333 = CARTESIAN_POINT('',(97.921360849693,-108.9393933585,2.09));
#12334 = CARTESIAN_POINT('',(98.510780433798,-107.9768477013,2.09));
#12335 = CARTESIAN_POINT('',(98.873710205387,-106.974607659,2.09));
#12336 = CARTESIAN_POINT('',(99.03440646,-105.9981257029,2.09));
#12337 = CARTESIAN_POINT('',(99.03440646,-105.0883356,2.09));
#12338 = CARTESIAN_POINT('',(93.24453769851,-110.3782043614,2.09));
#12339 = CARTESIAN_POINT('',(94.075760381363,-110.3782043614,2.09));
#12340 = CARTESIAN_POINT('',(94.967915559381,-110.2313854727,2.09));
#12341 = CARTESIAN_POINT('',(95.883604413459,-109.8997974972,2.09));
#12342 = CARTESIAN_POINT('',(96.76302679988,-109.3612788582,2.09));
#12343 = CARTESIAN_POINT('',(97.517480956742,-108.6068247013,2.09));
#12344 = CARTESIAN_POINT('',(98.055999595732,-107.7274023149,2.09));
#12345 = CARTESIAN_POINT('',(98.387587571285,-106.8117134608,2.09));
#12346 = CARTESIAN_POINT('',(98.53440646,-105.9195582828,2.09));
#12347 = CARTESIAN_POINT('',(98.53440646,-105.0883356,2.09));
#12348 = ADVANCED_FACE('',(#12349),#12355,.F.);
#12349 = FACE_BOUND('',#12350,.F.);
#12350 = EDGE_LOOP('',(#12351,#12352,#12353,#12354));
#12351 = ORIENTED_EDGE('',*,*,#12268,.T.);
#12352 = ORIENTED_EDGE('',*,*,#11113,.T.);
#12353 = ORIENTED_EDGE('',*,*,#12309,.F.);
#12354 = ORIENTED_EDGE('',*,*,#11433,.F.);
#12355 = ( BOUNDED_SURFACE() B_SPLINE_SURFACE(2,1,(
    (#12356,#12357)
    ,(#12358,#12359)
    ,(#12360,#12361
)),.UNSPECIFIED.,.F.,.F.,.F.) B_SPLINE_SURFACE_WITH_KNOTS((3,3),(2,2),(
    0.,97.178503990257),(119.97052788097,217.14903187123),
.PIECEWISE_BEZIER_KNOTS.) GEOMETRIC_REPRESENTATION_ITEM() 
RATIONAL_B_SPLINE_SURFACE((
    (1.,1.)
    ,(0.707106781187,0.707106781187)
,(1.,1.))) REPRESENTATION_ITEM('') SURFACE() );
#12356 = CARTESIAN_POINT('',(-3.089748344311,-110.8782043614,1.59));
#12357 = CARTESIAN_POINT('',(93.24453769851,-110.8782043614,1.59));
#12358 = CARTESIAN_POINT('',(-3.089748344311,-110.8782043614,2.09));
#12359 = CARTESIAN_POINT('',(93.24453769851,-110.8782043614,2.09));
#12360 = CARTESIAN_POINT('',(-3.089748344311,-110.3782043614,2.09));
#12361 = CARTESIAN_POINT('',(93.24453769851,-110.3782043614,2.09));
#12362 = ( GEOMETRIC_REPRESENTATION_CONTEXT(3) 
GLOBAL_UNCERTAINTY_ASSIGNED_CONTEXT((#12366)) 
GLOBAL_UNIT_ASSIGNED_CONTEXT((#12363,#12364,#12365)) 
REPRESENTATION_CONTEXT('Context #1',
  '3D Context with UNIT and UNCERTAINTY') );
#12363 = ( LENGTH_UNIT() NAMED_UNIT(*) SI_UNIT(.MILLI.,.METRE.) );
#12364 = ( NAMED_UNIT(*) PLANE_ANGLE_UNIT() SI_UNIT($,.RADIAN.) );
#12365 = ( NAMED_UNIT(*) SI_UNIT($,.STERADIAN.) SOLID_ANGLE_UNIT() );
#12366 = UNCERTAINTY_MEASURE_WITH_UNIT(LENGTH_MEASURE(1.E-04),#12363,
  'distance_accuracy_value','confusion accuracy');
#12367 = CONTEXT_DEPENDENT_SHAPE_REPRESENTATION(#12368,#12370);
#12368 = ( REPRESENTATION_RELATIONSHIP('','',#4212,#10) 
REPRESENTATION_RELATIONSHIP_WITH_TRANSFORMATION(#12369) 
SHAPE_REPRESENTATION_RELATIONSHIP() );
#12369 = ITEM_DEFINED_TRANSFORMATION('','',#11,#23);
#12370 = PRODUCT_DEFINITION_SHAPE('Placement','Placement of an item',
  #12371);
#12371 = NEXT_ASSEMBLY_USAGE_OCCURRENCE('3','Fillet001','',#5,#4207,$);
#12372 = PRODUCT_RELATED_PRODUCT_CATEGORY('part',$,(#4209));
#12373 = MECHANICAL_DESIGN_GEOMETRIC_PRESENTATION_REPRESENTATION('',(
    #12374),#1690);
#12374 = STYLED_ITEM('color',(#12375),#41);
#12375 = PRESENTATION_STYLE_ASSIGNMENT((#12376,#12382));
#12376 = SURFACE_STYLE_USAGE(.BOTH.,#12377);
#12377 = SURFACE_SIDE_STYLE('',(#12378));
#12378 = SURFACE_STYLE_FILL_AREA(#12379);
#12379 = FILL_AREA_STYLE('',(#12380));
#12380 = FILL_AREA_STYLE_COLOUR('',#12381);
#12381 = COLOUR_RGB('',0.447058818107,0.474509808674,0.501960817233);
#12382 = CURVE_STYLE('',#12383,POSITIVE_LENGTH_MEASURE(0.1),#12384);
#12383 = DRAUGHTING_PRE_DEFINED_CURVE_FONT('continuous');
#12384 = COLOUR_RGB('',9.803921802644E-02,9.803921802644E-02,
  9.803921802644E-02);
#12385 = MECHANICAL_DESIGN_GEOMETRIC_PRESENTATION_REPRESENTATION('',(
    #12386),#12362);
#12386 = STYLED_ITEM('color',(#12387),#4213);
#12387 = PRESENTATION_STYLE_ASSIGNMENT((#12388,#12393));
#12388 = SURFACE_STYLE_USAGE(.BOTH.,#12389);
#12389 = SURFACE_SIDE_STYLE('',(#12390));
#12390 = SURFACE_STYLE_FILL_AREA(#12391);
#12391 = FILL_AREA_STYLE('',(#12392));
#12392 = FILL_AREA_STYLE_COLOUR('',#12381);
#12393 = CURVE_STYLE('',#12394,POSITIVE_LENGTH_MEASURE(0.1),#12384);
#12394 = DRAUGHTING_PRE_DEFINED_CURVE_FONT('continuous');
#12395 = MECHANICAL_DESIGN_GEOMETRIC_PRESENTATION_REPRESENTATION('',(
    #12396),#4194);
#12396 = STYLED_ITEM('color',(#12397),#1709);
#12397 = PRESENTATION_STYLE_ASSIGNMENT((#12398,#12403));
#12398 = SURFACE_STYLE_USAGE(.BOTH.,#12399);
#12399 = SURFACE_SIDE_STYLE('',(#12400));
#12400 = SURFACE_STYLE_FILL_AREA(#12401);
#12401 = FILL_AREA_STYLE('',(#12402));
#12402 = FILL_AREA_STYLE_COLOUR('',#12381);
#12403 = CURVE_STYLE('',#12404,POSITIVE_LENGTH_MEASURE(0.1),#12384);
#12404 = DRAUGHTING_PRE_DEFINED_CURVE_FONT('continuous');
ENDSEC;
END-ISO-10303-21;
